date;portal;title;position;link
2015-03-13;http://www.tvn24.pl/;Dumna bogata Polska Korwin Mikke prezentuje haslo wyborcze;2;http://www.tvn24.pl/wiadomosci-z-kraju,3/dumna-bogata-polska-korwin-mikke-prezentuje-haslo-wyborcze,524138.html
2015-03-12;http://www.tvn24.pl/;250 tysiecy podpisów na koncie prezydenta Lista poparcia juz w PKW;2;http://www.tvn24.pl/wiadomosci-z-kraju,3/250-tysiecy-podpisow-na-koncie-prezydenta-lista-poparcia-juz-w-pkw,523872.html
2015-03-11;http://www.tvn24.pl/;Dzieci na wiecu Komorowskiego Nadgorliwosc gorsza od faszyzmu;2;http://www.tvn24.pl/wiadomosci-z-kraju,3/dzieci-na-wiecu-komorowskiego-nadgorliwosc-gorsza-od-faszyzmu,523635.html
2015-03-11;http://www.tvn24.pl/;Powiekszyli miasto opóznili wybory samorzadowe W Zielonej Górze do urn pójda w niedziele;2;http://www.tvn24.pl/poznan,43/powiekszyli-miasto-opoznili-wybory-samorzadowe-w-zielonej-gorze-do-urn-pojda-w-niedziele,523444.html
2015-03-10;http://www.tvn24.pl/;Kampanijna sroda Duda w Strasburgu Ogórek z podpisami Komorowski na stadionie;2;http://www.tvn24.pl/wiadomosci-z-kraju,3/kampanijna-sroda-duda-w-strasburgu-ogorek-z-podpisami-komorowski-na-stadionie,523305.html
2015-03-10;http://www.tvn24.pl/;Ubierala Kaczynskiego ocenia Komorowskiego Garnitur do obory to wpadka;2;http://www.tvn24.pl/wiadomosci-z-kraju,3/ubierala-kaczynskiego-ocenia-komorowskiego-garnitur-do-obory-to-wpadka,523049.html
2015-03-10;http://www.tvn24.pl/;Nalecz prezydent wspiera in vitro ale do kosciola wchodzi glównym wejsciem;2;http://www.tvn24.pl/wiadomosci-z-kraju,3/nalecz-prezydent-wspiera-in-vitro-ale-do-kosciola-wchodzi-glownym-wejsciem,523010.html
2015-03-10;http://www.tvn24.pl/;Bez niespodzianek Prosza prezydenta by kandydowal jeszcze raz;2;http://www.tvn24.pl/wiadomosci-ze-swiata,2/bez-niespodzianek-prosza-prezydenta-by-kandydowal-jeszcze-raz,523011.html
2015-03-08;http://www.tvn24.pl/;Kampanijny poniedzialek Ogórek przerywa milczenie Zgrzyty w PO Duda chce debaty;2;http://www.tvn24.pl/wiadomosci-z-kraju,3/kampanijny-poniedzialek-ogorek-przerywa-milczenie-zgrzyty-w-po-duda-chce-debaty,522501.html
2015-03-08;http://www.tvn24.pl/;Duda ma wieksze doswiadczenie niz Obama;2;http://www.tvn24.pl/kropka-nad-i,3,m/duda-ma-wieksze-doswiadczenie-niz-obama,522596.html
2015-03-08;http://www.tvn24.pl/;Duda ma wieksze doswiadczenie niz Obama;2;http://www.tvn24.pl/wiadomosci-z-kraju,3/duda-ma-wieksze-doswiadczenie-niz-obama,522579.html
2015-03-08;http://www.tvn24.pl/;Dobry obrazek i dobre logo To nie wygrywa kampanii wyborczych;2;http://www.tvn24.pl/wiadomosci-z-kraju,3/dobry-obrazek-i-dobre-logo-to-nie-wygrywa-kampanii-wyborczych,522358.html
2015-03-08;http://www.tvn24.pl/;Korwin Mikke pierwszy z podpisami w PKW Mówi ze ma ich 200 tys;2;http://www.tvn24.pl/wiadomosci-z-kraju,3/korwin-mikke-pierwszy-z-podpisami-w-pkw-mowi-ze-ma-ich-200-tys,522352.html
2015-03-08;http://www.tvn24.pl/;Duda odpowiada Kopacz Jestem samodzielny Prosze zapytac ludzi;2;http://www.tvn24.pl/wiadomosci-z-kraju,3/duda-odpowiada-kopacz-jestem-samodzielny-prosze-zapytac-ludzi,522305.html
2015-03-07;http://www.tvn24.pl/;Bronkobus utknal na zakopiance Prezydent spóznil sie na wiec;2;http://www.tvn24.pl/wiadomosci-z-kraju,3/bronkobus-utknal-na-zakopiance-prezydent-spoznil-sie-na-wiec,522193.html
2015-03-07;http://www.tvn24.pl/;Musimy mlodziez nauczyc ryzykowac Ogórek zabiegala o glosy w Lubuskiem;2;http://www.tvn24.pl/wiadomosci-z-kraju,3/musimy-mlodziez-nauczyc-ryzykowac-ogorek-zabiegala-o-glosy-w-lubuskiem,522192.html
2015-03-06;http://www.tvn24.pl/;Palikot w Legionowie Selfie jak krasnale z Amelii;2;http://www.tvn24.pl/wiadomosci-z-kraju,3/palikot-w-legionowie-selfie-jak-krasnale-z-amelii,522013.html
2015-03-06;http://www.tvn24.pl/;Pierwszy przystanek bronkobusa Komorowski zostal burmistrzem i pszczelarzem;2;http://www.tvn24.pl/wiadomosci-z-kraju,3/pierwszy-przystanek-bronkobusa-komorowski-zostal-burmistrzem-i-pszczelarzem,522020.html
2015-03-06;http://www.tvn24.pl/;Komorowski nie stac nas na chaos i eksperymenty polityczne Wybierz zgode i bezpieczenstwo;2;http://www.tvn24.pl/wiadomosci-z-kraju,3/komorowski-nie-stac-nas-na-chaos-i-eksperymenty-polityczne-wybierz-zgode-i-bezpieczenstwo,521997.html
2015-03-06;http://www.tvn24.pl/;Duda odpowiada na haslo Komorowskiego Mówi o zgodzie a jej nie kreuje;2;http://www.tvn24.pl/wiadomosci-z-kraju,3/duda-odpowiada-na-haslo-komorowskiego-mowi-o-zgodzie-a-jej-nie-kreuje,521995.html
2015-03-06;http://www.tvn24.pl/;Wybierz zgode i bezpieczenstwo Komorowski ujawnia haslo wyborcze;2;http://www.tvn24.pl/wiadomosci-z-kraju,3/wybierz-zgode-i-bezpieczenstwo-komorowski-ujawnia-haslo-wyborcze,521930.html
2015-03-06;http://www.tvn24.pl/;Chyba musimy przegrac te wybory z kretesem Inaczej lewica w Polsce niczego sie nie nauczy;2;http://www.tvn24.pl/wiadomosci-z-kraju,3/chyba-musimy-przegrac-te-wybory-z-kretesem-inaczej-lewica-w-polsce-niczego-sie-nie-nauczy,521881.html
2015-03-06;http://www.tvn24.pl/;Ogórek z kobietami Duda z emigrantami Jarubas z samorzadowcami Palikot przed muzeum;2;http://www.tvn24.pl/wiadomosci-z-kraju,3/ogorek-z-kobietami-duda-z-emigrantami-jarubas-z-samorzadowcami-palikot-przed-muzeum,521893.html
2015-03-06;http://www.tvn24.pl/;Dzis wielka konwencja Komorowskiego Poznamy program i haslo wyborcze;2;http://www.tvn24.pl/wiadomosci-z-kraju,3/dzis-wielka-konwencja-komorowskiego-poznamy-program-i-haslo-wyborcze,521878.html
2015-03-05;http://www.tvn24.pl/;W PSL Jarubusów nie bedzie Duda w Londynie Ogórek z kobietami lewicy;2;http://www.tvn24.pl/wiadomosci-z-kraju,3/w-psl-jarubusow-nie-bedzie-duda-w-londynie-ogorek-z-kobietami-lewicy,521729.html
2015-03-04;http://www.tvn24.pl/;Miller grozi dzialaczom ale na kampanie Ogórek daje tylko milion;2;http://www.tvn24.pl/wiadomosci-z-kraju,3/miller-grozi-dzialaczom-ale-na-kampanie-ogorek-daje-tylko-milion,521359.html
2015-03-04;http://www.tvn24.pl/;Czy to koniec Twojego Ruchu Rozenek i Palikot w wieczornych programach TVN24;2;http://www.tvn24.pl/wiadomosci-z-kraju,3/czy-to-koniec-twojego-ruchu-rozenek-i-palikot-w-wieczornych-programach-tvn24,521266.html
2015-03-04;http://www.tvn24.pl/;Palikot wystepuje z wlasnego klubu i atakuje Rozenka Zastepca Urbana dogadany z PO;2;http://www.tvn24.pl/wiadomosci-z-kraju,3/palikot-wystepuje-z-wlasnego-klubu-i-atakuje-rozenka-zastepca-urbana-dogadany-z-po,521201.html
2015-03-03;http://www.tvn24.pl/;Prokuratura nie odpuszcza prezydent Argentyny;2;http://www.tvn24.pl/wiadomosci-ze-swiata,2/prokuratura-nie-odpuszcza-prezydent-argentyny,521043.html
2015-03-03;http://www.tvn24.pl/;Ja nie umiem przegrywac Ogóreki Miller zadowoleni z kampanii;2;http://www.tvn24.pl/wiadomosci-z-kraju,3/ja-nie-umiem-przegrywac-ogorek-i-miller-zadowoleni-z-kampanii,520995.html
2015-03-02;http://www.tvn24.pl/;Komorowski wspominal ze chcial zabic milicjanta Wykorzystanie marzen 19 latka nie pomoze PiS;2;http://www.tvn24.pl/wiadomosci-z-kraju,3/komorowski-wspominal-ze-chcial-zabic-milicjanta-wykorzystanie-marzen-19-latka-nie-pomoze-pis,520741.html
2015-03-02;http://www.tvn24.pl/;Komorowski mocno spi zimowym snem;2;http://www.tvn24.pl/wiadomosci-z-kraju,3/komorowski-mocno-spi-zimowym-snem,520720.html
2015-03-02;http://www.tvn24.pl/;Ogórek rosnie Dudzie rosnie Komorowski ma tendencje odwrotna;2;http://www.tvn24.pl/wiadomosci-z-kraju,3/ogorek-rosnie-dudzie-rosnie-komorowski-ma-tendencje-odwrotna,520552.html
2015-03-01;http://www.tvn24.pl/;Palikot Borusewicz zachowuje sie jak Lech Kaczynski Takie samo machanie szabelka;2;http://www.tvn24.pl/wiadomosci-z-kraju,3/palikot-borusewicz-zachowuje-sie-jak-lech-kaczynski-takie-samo-machanie-szabelka,520357.html
2015-03-01;http://www.tvn24.pl/;Palikot bez debaty bedziemy mieli malpi cyrk nie wybory;2;http://www.tvn24.pl/kropka-nad-i,3,m/palikot-bez-debaty-bedziemy-mieli-malpi-cyrk-nie-wybory,520359.html
2015-03-01;http://www.tvn24.pl/;Topnieje przewaga Komorowskiego nad Duda Sondaz dla TVN24;2;http://www.tvn24.pl/wiadomosci-z-kraju,3/topnieje-przewaga-komorowskiego-nad-duda-sondaz-dla-tvn24,520330.html
2015-03-01;http://www.tvn24.pl/;Mozliwa druga tura wyborów Nowy sondaz prezydencki;2;http://www.tvn24.pl/wiadomosci-z-kraju,3/mozliwa-druga-tura-wyborow-nowy-sondaz-prezydencki,520172.html
2015-03-01;http://www.tvn24.pl/;Ogórek jak Barbie Spotyka sie z róznymi napasciami;2;http://www.tvn24.pl/wiadomosci-z-kraju,3/ogorek-jak-barbie-spotyka-sie-z-roznymi-napasciami,520059.html
2015-02-28;http://www.tvn24.pl/;Kwasniewski poprze Ogórek Moze zyczmy pani Magdalenie zeby jej nie poparl;2;http://www.tvn24.pl/wiadomosci-z-kraju,3/kwasniewski-poprze-ogorek-moze-zyczmy-pani-magdalenie-zeby-jej-nie-poparl,519995.html
2015-02-28;http://www.tvn24.pl/;Selfie z Otylia i zólta koszulka w prezencie Komorowski wsród sportowców;2;http://www.tvn24.pl/wiadomosci-z-kraju,3/selfie-z-otylia-i-zolta-koszulka-w-prezencie-komorowski-wsrod-sportowcow,519973.html
2015-02-28;http://www.tvn24.pl/;Ogórek ruszyla na podbój Wielkopolski Wysciskala Dude i przerwala milczenie;2;http://www.tvn24.pl/wiadomosci-z-kraju,3/ogorek-ruszyla-na-podboj-wielkopolski-wysciskala-dude-i-przerwala-milczenie,519946.html
2015-02-27;http://www.tvn24.pl/;Nadzieja Polaków na demokracje w Rosji nie umiera Prezydent i premier skladaja kondolencje;2;http://www.tvn24.pl/wiadomosci-z-kraju,3/nadzieja-polakow-na-demokracje-w-rosji-nie-umiera-prezydent-i-premier-skladaja-kondolencje,519749.html
2015-02-27;http://www.tvn24.pl/;Komorowski za granica Polska jest postrzegana jako czesc zamoznego Zachodu;2;http://www.tvn24.pl/wiadomosci-z-kraju,3/komorowski-za-granica-polska-jest-postrzegana-jako-czesc-zamoznego-zachodu,519734.html
2015-02-26;http://www.tvn24.pl/;Sad oswiadczenie lustracyjne Bronislawa Komorowskiego jest prawdziwe;2;http://www.tvn24.pl/wiadomosci-z-kraju,3/sad-oswiadczenie-lustracyjne-bronislawa-komorowskiego-jest-prawdziwe,519477.html
2015-02-25;http://www.tvn24.pl/;PO niech Duda wytlumaczy sie z dziwnego ulaskawienia biznesmena PiS to szukanie haków;2;http://www.tvn24.pl/wiadomosci-z-kraju,3/po-niech-duda-wytlumaczy-sie-z-dziwnego-ulaskawienia-biznesmena-pis-to-szukanie-hakow,519087.html
2015-02-25;http://www.tvn24.pl/;Prezydent Gdanska tlumaczy sie z kosztów wyjazdu na spotkanie z Komorowskim;2;http://www.tvn24.pl/pomorze,42/prezydent-gdanska-tlumaczy-sie-z-kosztow-wyjazdu-na-spotkanie-z-komorowskim,518987.html
2015-02-25;http://www.tvn24.pl/;Prezydent w koncu dotarl do Japonii Wczesniej zatrzymalo go zamieszanie z PKW;2;http://www.tvn24.pl/wiadomosci-z-kraju,3/prezydent-w-koncu-dotarl-do-japonii-wczesniej-zatrzymalo-go-zamieszanie-z-pkw,518941.html
2015-02-25;http://www.tvn24.pl/;Prezydent od cwiercwiecza odpowiedzial na wole narodu Wybory beda wczesniej;2;http://www.tvn24.pl/wiadomosci-ze-swiata,2/prezydent-od-cwiercwiecza-odpowiedzial-na-wole-narodu-wybory-beda-wczesniej,518915.html
2015-02-24;http://www.tvn24.pl/;Duda ojcobójca Jesli mialby zagrozic Kaczynskiemu skonczy jak Zbigniew Ziobro;2;http://www.tvn24.pl/wiadomosci-z-kraju,3/duda-ojcobojca-jesli-mialby-zagrozic-kaczynskiemu-skonczy-jak-zbigniew-ziobro,518803.html
2015-02-24;http://www.tvn24.pl/;Sondaz Duda rosnie w sile ale wygrywa Komorowski;2;http://www.tvn24.pl/wiadomosci-z-kraju,3/sondaz-duda-rosnie-w-sile-ale-wygrywa-komorowski,518754.html
2015-02-24;http://www.tvn24.pl/;Palikot na piwie u Biedronia Jest selfie ale poparcia nie dostal;2;http://www.tvn24.pl/pomorze,42/palikot-na-piwie-u-biedronia-jest-selfie-ale-poparcia-nie-dostal,518578.html
2015-02-23;http://www.tvn24.pl/;Kempa decyzja ws pomnika to cyniczny element kampanii wyborczej;2;http://www.tvn24.pl/wiadomosci-z-kraju,3/kempa-decyzja-ws-pomnika-to-cyniczny-element-kampanii-wyborczej,518412.html
2015-02-23;http://www.tvn24.pl/;Komorowski tajemniczo o konwencji to bedzie mocny akcent Szczególów nie zdradza;2;http://www.tvn24.pl/wiadomosci-z-kraju,3/komorowski-tajemniczo-o-konwencji-to-bedzie-mocny-akcent-szczegolow-nie-zdradza,518209.html
2015-02-23;http://www.tvn24.pl/;Ogórek jak z Pigmaliona To nie jej wina tylko starczej przypadlosci Millera;2;http://www.tvn24.pl/wiadomosci-z-kraju,3/ogorek-jak-z-pigmaliona-to-nie-jej-wina-tylko-starczej-przypadlosci-millera,518195.html
2015-02-22;http://www.tvn24.pl/;Sondaz Komorowski traci Duda zyskuje;2;http://www.tvn24.pl/wiadomosci-z-kraju,3/sondaz-komorowski-traci-duda-zyskuje,518018.html
2015-02-22;http://www.tvn24.pl/;Prezydent u seniorów Dziekuje za szarlotke mysli i zyczenia;2;http://www.tvn24.pl/wiadomosci-z-kraju,3/prezydent-u-seniorow-dziekuje-za-szarlotke-mysli-i-zyczenia,517891.html
2015-02-21;http://www.tvn24.pl/;Prof Kolodko proponowano mi start w wyborach prezydenckich;2;http://www.tvn24.plhttp://faktypofaktach.tvn24.pl/prof-kolodko-proponowano-mi-start-w-wyborach-prezydenckich,517711.html
2015-02-21;http://www.tvn24.pl/;Prof Kolodko proponowano mi start w wyborach prezydenckich;2;http://www.tvn24.pl/wiadomosci-z-kraju,3/prof-kolodko-proponowano-mi-start-w-wyborach-prezydenckich,517690.html
2015-02-21;http://www.tvn24.pl/;Jarubas przeprosil braci Wegrów za sposób przyjecia Orbana w Polsce;2;http://www.tvn24.pl/wiadomosci-z-kraju,3/jarubas-przeprosil-braci-wegrow-za-sposob-przyjecia-orbana-w-polsce,517651.html
2015-02-20;http://www.tvn24.pl/;Wanda Nowicka oglasza kandyduje na prezydenta;2;http://www.tvn24.pl/wiadomosci-z-kraju,3/wanda-nowicka-oglasza-kandyduje-na-prezydenta,517454.html
2015-02-20;http://www.tvn24.pl/;Jesien patriarchów i rosyjski cien Wybory w niepewnych czasach;2;http://www.tvn24.pl/wiadomosci-ze-swiata,2/jesien-patriarchow-i-rosyjski-cien-wybory-w-niepewnych-czasach,517389.html
2015-02-19;http://www.tvn24.pl/;Koszt kampanii prezydenckiej;2;http://www.tvn24.pl/polska-i-swiat,33,m/koszt-kampanii-prezydenckiej,517306.html
2015-02-19;http://www.tvn24.pl/;Kalisz o starcie w wyborach nie moge brac w tym udzialu;2;http://www.tvn24.pl/wiadomosci-z-kraju,3/kalisz-o-starcie-w-wyborach-nie-moge-brac-w-tym-udzialu,517175.html
2015-02-16;http://www.tvn24.pl/;Jarubas chce debaty a nawet dwóch;2;http://www.tvn24.pl/wiadomosci-z-kraju,3/jarubas-chce-debaty-a-nawet-dwoch,516079.html
2015-02-16;http://www.tvn24.pl/;Przypadek czy przypadek Dudabus pod nosem Komorowskiego;2;http://www.tvn24.pl/lodz,69/przypadek-czy-przypadek-dudabus-pod-nosem-komorowskiego,516034.html
2015-02-16;http://www.tvn24.pl/;To on byl pomyslodawca startu Ogórek Nie widze bledów a wrecz odwrotnie;2;http://www.tvn24.pl/wiadomosci-z-kraju,3/to-on-byl-pomyslodawca-startu-ogorek-nie-widze-bledow-a-wrecz-odwrotnie,516010.html
2015-02-15;http://www.tvn24.pl/;Rosyjskie media o wystapieniu Ogórek Wzywa do poprawy relacji z Rosja;2;http://www.tvn24.pl/wiadomosci-z-kraju,3/rosyjskie-media-o-wystapieniu-ogorek-wzywa-do-poprawy-relacji-z-rosja,515928.html
2015-02-15;http://www.tvn24.pl/;Jest pewny wygranej ale sie nie zalozyl Palikot na czacie z internautami;2;http://www.tvn24.pl/ciekawostki-michalki,5/jest-pewny-wygranej-ale-sie-nie-zalozyl-palikot-na-czacie-z-internautami,515727.html
2015-02-15;http://www.tvn24.pl/;Dwie prawdy o wyborach prezydenckich i Pendolino;2;http://www.tvn24.pl/dwie-prawdy,101,m/dwie-prawdy-o-wyborach-prezydenckich-i-pendolino,515898.html
2015-02-15;http://www.tvn24.pl/;Bielan jesli tendencja sie utrzyma Duda wygra wybory;2;http://www.tvn24.pl/wiadomosci-z-kraju,3/bielan-jesli-tendencja-sie-utrzyma-duda-wygra-wybory,515853.html
2015-02-15;http://www.tvn24.pl/;Sondaz dla Faktów TVN i TVN24 Komorowski i Duda w drugiej turze Zwyciestwo urzedujacego prezydenta;2;http://www.tvn24.pl/wiadomosci-z-kraju,3/sondaz-dla-faktow-tvn-i-tvn24-komorowski-i-duda-w-drugiej-turze-zwyciestwo-urzedujacego-prezydenta,515809.html
2015-02-15;http://www.tvn24.pl/;CBOS Zdecydowana przewaga Komorowskiego 15 proc dla Dudy;2;http://www.tvn24.pl/wiadomosci-z-kraju,3/cbos-zdecydowana-przewaga-komorowskiego-15-proc-dla-dudy,515706.html
2015-02-15;http://www.tvn24.pl/;Duda czekam na sondaz w którym bede mial minus 5 procent a prezydent 110;2;http://www.tvn24.pl/wiadomosci-z-kraju,3/duda-czekam-na-sondaz-w-ktorym-bede-mial-minus-5-procent-a-prezydent-110,515738.html
2015-02-15;http://www.tvn24.pl/;Prezydent w Kropce nad i Ogladaj dzis o 20;2;http://www.tvn24.pl/wiadomosci-z-kraju,3/prezydent-w-kropce-nad-i-ogladaj-dzis-o-20,515656.html
2015-02-15;http://www.tvn24.pl/;Nowa prezydent apeluje o jednosc ponad podzialami To pozwoli nam otworzyc nowa karte;2;http://www.tvn24.pl/wiadomosci-ze-swiata,2/nowa-prezydent-apeluje-o-jednosc-ponad-podzialami-to-pozwoli-nam-otworzyc-nowa-karte,515579.html
2015-02-14;http://www.tvn24.pl/;Magdalena Ogórek Polityczna stazystka wchodzi na salony;2;http://www.tvn24.pl/wiadomosci-z-kraju,3/magdalena-ogorek-polityczna-stazystka-wchodzi-na-salony,512092.html
2015-02-14;http://www.tvn24.pl/;Andrzej Duda Kandydat wymyslony na lata;2;http://www.tvn24.pl/wiadomosci-z-kraju,3/andrzej-duda-kandydat-wymyslony-na-lata,512020.html
2015-02-14;http://www.tvn24.pl/;Bronislaw Komorowski czyli triumf polityka niecharyzmatycznego;2;http://www.tvn24.pl/wiadomosci-z-kraju,3/bronislaw-komorowski-czyli-triumf-polityka-niecharyzmatycznego,511996.html
2015-02-14;http://www.tvn24.pl/;Janusz Korwin Mikke Monarchista aforysta dlugodystansowiec;2;http://www.tvn24.pl/wiadomosci-z-kraju,3/janusz-korwin-mikke-monarchista-aforysta-dlugodystansowiec,513366.html
2015-02-14;http://www.tvn24.pl/;Wystawimy aktorke damy jej miesiac Politycy o kandydaturze Ogórek;2;http://www.tvn24.pl/wiadomosci-z-kraju,3/wystawimy-aktorke-damy-jej-miesiac-politycy-o-kandydaturze-ogorek,515446.html
2015-02-14;http://www.tvn24.pl/;Adam Jarubas Mloda fala z Blotnowoli;2;http://www.tvn24.pl/wiadomosci-z-kraju,3/adam-jarubas-mloda-fala-z-blotnowoli,513415.html
2015-02-13;http://www.tvn24.pl/;Ogórek inauguruje kampanie Nie wahalabym sie odpowiedziec Putinowi Podnioslabym sluchawke;2;http://www.tvn24.pl/wiadomosci-z-kraju,3/ogorek-inauguruje-kampanie-nie-wahalabym-sie-odpowiedziec-putinowi-podnioslabym-sluchawke,515284.html
2015-02-13;http://www.tvn24.pl/;Komorowski wybory wygrywa sie ciezka praca a nie balonikami;2;http://www.tvn24.pl/wiadomosci-z-kraju,3/komorowski-wybory-wygrywa-sie-ciezka-praca-a-nie-balonikami,515274.html
2015-02-12;http://www.tvn24.pl/;Kto nie potrafi sobie dac rady w debatach nie da rady w pelnieniu funkcji prezydenta;2;http://www.tvn24.pl/wiadomosci-z-kraju,3/kto-nie-potrafi-sobie-dac-rady-w-debatach-nie-da-rady-w-pelnieniu-funkcji-prezydenta,515056.html
2015-02-12;http://www.tvn24.pl/;Komitet Komorowskiego zarejestrowany Kampania ma byc dynamiczna;2;http://www.tvn24.pl/wiadomosci-z-kraju,3/komitet-komorowskiego-zarejestrowany-kampania-ma-byc-dynamiczna,515080.html
2015-02-12;http://www.tvn24.pl/;Magdalena Ogórek przemówi w walentynki;2;http://www.tvn24.pl/wiadomosci-z-kraju,3/magdalena-ogorek-przemowi-w-walentynki,515048.html
2015-02-12;http://www.tvn24.pl/;Jarubas prezydent nie jest wlascicielem sumien Polaków;2;http://www.tvn24.pl/wiadomosci-z-kraju,3/jarubas-prezydent-nie-jest-wlascicielem-sumien-polakow,515063.html
2015-02-12;http://www.tvn24.pl/;Nie bedzie plyty Kandydat na prezydenta Pawel Kukiz sie zali wytwórnia wyjasnia;2;http://www.tvn24.pl/wiadomosci-z-kraju,3/nie-bedzie-plyty-kandydat-na-prezydenta-pawel-kukiz-sie-zali-wytwornia-wyjasnia,514825.html
2015-02-10;http://www.tvn24.pl/;PiS zarzuca Naleczowi brutalne ataki Niech prezydent wytarga go za ucho;2;http://www.tvn24.pl/wiadomosci-z-kraju,3/pis-zarzuca-naleczowi-brutalne-ataki-niech-prezydent-wytarga-go-za-ucho,514292.html
2015-02-10;http://www.tvn24.pl/;Chwala piekne nogi pytaja o eutanazje Ogórek nadal milczy;2;http://www.tvn24.pl/wiadomosci-z-kraju,3/chwala-piekne-nogi-pytaja-o-eutanazje-ogorek-nadal-milczy,514131.html
2015-02-09;http://www.tvn24.pl/;Palikot oglasza program wyborczy Marek Siwiec odchodzi;2;http://www.tvn24.pl/wiadomosci-z-kraju,3/palikot-oglasza-program-wyborczy-marek-siwiec-odchodzi,513972.html
2015-02-09;http://www.tvn24.pl/;Kampania ruszyla;2;http://www.tvn24.pl/tak-jest,39,m/kampania-ruszyla,513948.html
2015-02-09;http://www.tvn24.pl/;Lewicowa kandydatka bez prawej reki Magdalena Ogórek jak Wenus z Milo;2;http://www.tvn24.pl/wiadomosci-z-kraju,3/lewicowa-kandydatka-bez-prawej-reki-magdalena-ogorek-jak-wenus-z-milo,513904.html
2015-02-09;http://www.tvn24.pl/;Komorowski mówi nie Duda juz szuka tematów Kto bedzie debatowac z kim;2;http://www.tvn24.pl/polska-i-swiat,33,m/komorowski-mowi-nie-duda-juz-szuka-tematow-kto-bedzie-debatowac-z-kim,513763.html
2015-02-09;http://www.tvn24.pl/;Kaminski o Dudzie i Komorowskim nie badzmy Pewexami nie mieszajmy dwóch porzadków walutowych;2;http://www.tvn24.pl/jeden-na-jeden,44,m/kaminski-o-dudzie-i-komorowskim-nie-badzmy-pewexami-nie-mieszajmy-dwoch-porzadkow-walutowych,513801.html
2015-02-09;http://www.tvn24.pl/;Kaminski o Dudzie i Komorowskim nie badzmy Pewexami nie mieszajmy dwóch porzadków walutowych;2;http://www.tvn24.pl/wiadomosci-z-kraju,3/kaminski-o-dudzie-i-komorowskim-nie-badzmy-pewexami-nie-mieszajmy-dwoch-porzadkow-walutowych,513793.html
2015-02-08;http://www.tvn24.pl/;Potrafi neutralizowac polskie awanturnictwo polityczne Demokraci popieraja Komorowskiego;2;http://www.tvn24.pl/wiadomosci-z-kraju,3/potrafi-neutralizowac-polskie-awanturnictwo-polityczne-demokraci-popieraja-komorowskiego,513687.html
2015-02-08;http://www.tvn24.pl/;Komorowski pojedzie do Kijowa Na pierwsza rocznice Majdanu;2;http://www.tvn24.pl/wiadomosci-z-kraju,3/komorowski-pojedzie-do-kijowa-na-pierwsza-rocznice-majdanu,513655.html
2015-02-08;http://www.tvn24.pl/;Ogórek do internautów zapraszam byscie pisali o kazdym problemie Odpowiedzi brak;2;http://www.tvn24.pl/wiadomosci-z-kraju,3/ogorek-do-internautow-zapraszam-byscie-pisali-o-kazdym-problemie-odpowiedzi-brak,513627.html
2015-02-07;http://www.tvn24.pl/;Komorowski przyjaznil sie z Rosja Ostry spór o prezydenture w Faktach po Faktach;2;http://www.tvn24.pl/wiadomosci-z-kraju,3/komorowski-przyjaznil-sie-z-rosja-ostry-spor-o-prezydenture-w-faktach-po-faktach,513386.html
2015-02-07;http://www.tvn24.pl/;Konwencja Dudy dobre show Ale wole kandydata który nie tanczy na scenie;2;http://www.tvn24.pl/wiadomosci-z-kraju,3/konwencja-dudy-dobre-show-ale-wole-kandydata-ktory-nie-tanczy-na-scenie,513279.html
2015-02-07;http://www.tvn24.pl/;Kukiz wystartuje na prezydenta Start ma oglosic w poniedzialek;2;http://www.tvn24.pl/wroclaw,44/kukiz-wystartuje-na-prezydenta-start-ma-oglosic-w-poniedzialek,513272.html
2015-02-07;http://www.tvn24.pl/;Nigeria przeklada wybory prezydenckie Przez Boko Haram;2;http://www.tvn24.pl/wiadomosci-ze-swiata,2/nigeria-przeklada-wybory-prezydenckie-przez-boko-haram,513225.html
2015-02-06;http://www.tvn24.pl/;Rywale odpowiadaja na apel prezydenta o powsciagliwosc;2;http://www.tvn24.pl/wiadomosci-z-kraju,3/rywale-odpowiadaja-na-apel-prezydenta-o-powsciagliwosc,513207.html
2015-02-06;http://www.tvn24.pl/;Duda straszny i smieszny Komorowski jak spiacy szlachcic;2;http://www.tvn24.pl/wiadomosci-z-kraju,3/duda-straszny-i-smieszny-komorowski-jak-spiacy-szlachcic,513192.html
2015-02-06;http://www.tvn24.pl/;Anna Grodzka staje do wyscigu o fotel prezydenta;2;http://www.tvn24.pl/wiadomosci-z-kraju,3/anna-grodzka-staje-do-wyscigu-o-fotel-prezydenta,513184.html
2015-02-06;http://www.tvn24.pl/;Opór w SLD ws Ogórek Królik z kapelusza;2;http://www.tvn24.pl/wiadomosci-z-kraju,3/opor-w-sld-ws-ogorek-krolik-z-kapelusza,513030.html
2015-02-05;http://www.tvn24.pl/;Apeluje o powsciaganie politycznej agresji Prezydent pisze do konkurentów;2;http://www.tvn24.pl/wiadomosci-z-kraju,3/apeluje-o-powsciaganie-politycznej-agresji-prezydent-pisze-do-konkurentow,513017.html
2015-02-05;http://www.tvn24.pl/;Prezydent straznikiem zyrandola To rozmijanie sie z prawda i zdrowym rozsadkiem;2;http://www.tvn24.plhttp://faktypofaktach.tvn24.pl/prezydent-straznikiem-zyrandola-to-rozmijanie-sie-z-prawda-i-zdrowym-rozsadkiem,512994.html
2015-02-05;http://www.tvn24.pl/;Prezydent straznikiem zyrandola To rozmijanie sie z prawda i zdrowym rozsadkiem;2;http://www.tvn24.pl/wiadomosci-z-kraju,3/prezydent-straznikiem-zyrandola-to-rozmijanie-sie-z-prawda-i-zdrowym-rozsadkiem,512973.html
2015-02-05;http://www.tvn24.pl/;Debata przed I tura Nie bylo takiego zwyczaju a ja zwyczaje szanuje Prezydent w Faktach po Faktach;2;http://www.tvn24.pl/wiadomosci-z-kraju,3/debata-przed-i-tura-nie-bylo-takiego-zwyczaju-a-ja-zwyczaje-szanuje-prezydent-w-faktach-po-faktach,512941.html
2015-02-05;http://www.tvn24.pl/;Kaczynski atakuje Komorowskiego w liscie do PiS reprezentuje skrajnie lewe skrzydlo PO;2;http://www.tvn24.pl/wiadomosci-z-kraju,3/kaczynski-atakuje-komorowskiego-w-liscie-do-pis-reprezentuje-skrajnie-lewe-skrzydlo-po,512901.html
2015-02-05;http://www.tvn24.pl/;Komorowski pragne byc kandydatem obywatelskim Kopacz Bronku stoimy za Toba murem;2;http://www.tvn24.pl/wiadomosci-z-kraju,3/komorowski-pragne-byc-kandydatem-obywatelskim-kopacz-bronku-stoimy-za-toba-murem,512788.html
2015-02-05;http://www.tvn24.pl/;Rada krajowa PO poparla kandydature Komorowskiego;2;http://www.tvn24.pl/wiadomosci-z-kraju,3/rada-krajowa-po-poparla-kandydature-komorowskiego,512764.html
2015-02-05;http://www.tvn24.pl/;Duda Komorowski jest pozbawiony wyczucia politycznego;2;http://www.tvn24.pl/wiadomosci-z-kraju,3/duda-komorowski-jest-pozbawiony-wyczucia-politycznego,512689.html
2015-02-04;http://www.tvn24.pl/;Prezydentura Komorowskiego na czwórke a nie na piatke;2;http://www.tvn24.pl/wiadomosci-z-kraju,3/prezydentura-komorowskiego-na-czworke-a-nie-na-piatke,512578.html
2015-02-04;http://www.tvn24.pl/;8 maja ustawka na potrzeby kampanii MSZ odpiera zarzuty;2;http://www.tvn24.pl/wiadomosci-z-kraju,3/8-maja-ustawka-na-potrzeby-kampanii-msz-odpiera-zarzuty,512559.html
2015-02-04;http://www.tvn24.pl/;Borewicz na prezydenta Platforma Obywatelskapomylila Bronislawa Komorowskiego z Malanowskim;2;http://www.tvn24.pl/wiadomosci-z-kraju,3/borewicz-na-prezydenta-platforma-obywatelska-pomylila-bronislawa-komorowskiego-z-malanowskim,512458.html
2015-02-04;http://www.tvn24.pl/;Bronislaw Komorowski Opozycjonista historyk marszalek prezydent;2;http://www.tvn24.pl/wiadomosci-z-kraju,3/bronislaw-komorowski-opozycjonista-historyk-marszalek-prezydent,512451.html
2015-02-04;http://www.tvn24.pl/;Komorowski oglosil swój start w wyborach prezydenckich;2;http://www.tvn24.pl/wiadomosci-z-kraju,3/komorowski-oglosil-swoj-start-w-wyborach-prezydenckich,512434.html
2015-02-04;http://www.tvn24.pl/;Miller o Ogórek to twarda kobieta stracila matke i sobie poradzila;2;http://www.tvn24.pl/wiadomosci-z-kraju,3/miller-o-ogorek-to-twarda-kobieta-stracila-matke-i-sobie-poradzila,512356.html
2015-02-03;http://www.tvn24.pl/;Data wyborów ustalona zgodnie z kalendarzem Komorowskiego Ta wladza jest nieprzyzwoita;2;http://www.tvn24.pl/wiadomosci-z-kraju,3/data-wyborow-ustalona-zgodnie-z-kalendarzem-komorowskiego-ta-wladza-jest-nieprzyzwoita,512109.html
2015-02-03;http://www.tvn24.pl/;Adam Jarubas kompletuje sztab Kosiniak Kamysz ma odpowiadac za program;2;http://www.tvn24.pl/wiadomosci-z-kraju,3/adam-jarubas-kompletuje-sztab-kosiniak-kamysz-ma-odpowiadac-za-program,512080.html
2015-02-02;http://www.tvn24.pl/;Prezydent despota zapadl w spiaczke przed wyborami Zacznie sie walka;2;http://www.tvn24.pl/wiadomosci-ze-swiata,2/prezydent-despota-zapadl-w-spiaczke-przed-wyborami-zacznie-sie-walka,511837.html
2015-02-02;http://www.tvn24.pl/;Prezydent Barcelony oskarzony o defraudacje 2,8 mln euro;2;http://www.tvn24.plhttp://sport.tvn24.pl/primera-division,114/prezydent-barcelony-oskarzony-o-defraudacje-2-8-mln-euro,511859.html
2015-02-02;http://www.tvn24.pl/;Prezydent jest spokojny mam zaufanie 96 proc wyborców PSL;2;http://www.tvn24.pl/wiadomosci-z-kraju,3/prezydent-jest-spokojny-mam-zaufanie-96-proc-wyborcow-psl,511672.html
2015-02-02;http://www.tvn24.pl/;Jarubas Chce byc najmlodszym prezydentem w historii Polski;2;http://www.tvn24.pl/wiadomosci-z-kraju,3/jarubas-chce-byc-najmlodszym-prezydentem-w-historii-polski,511643.html
2015-02-01;http://www.tvn24.pl/;PiS tworzy korpus ochrony wyborów Prezydenckie najlatwiejsze do skontrolowania;2;http://www.tvn24.pl/wiadomosci-z-kraju,3/pis-tworzy-korpus-ochrony-wyborow-prezydenckie-najlatwiejsze-do-skontrolowania,511508.html
2015-01-31;http://www.tvn24.pl/;Komorowski straci przez Jarubasa To jest podarunek dla PiS;2;http://www.tvn24.pl/kawa-na-lawe,59,m/komorowski-straci-przez-jarubasa-to-jest-podarunek-dla-pis,511147.html
2015-01-31;http://www.tvn24.pl/;Komorowski straci przez Jarubasa To jest podarunek dla PiS;2;http://www.tvn24.pl/wiadomosci-z-kraju,3/komorowski-straci-przez-jarubasa-to-jest-podarunek-dla-pis,511099.html
2015-01-30;http://www.tvn24.pl/;Kalisz na prezydenta Decyzja ostatniego dnia lutego;2;http://www.tvn24.pl/wiadomosci-z-kraju,3/kalisz-na-prezydenta-decyzja-ostatniego-dnia-lutego,511048.html
2015-01-30;http://www.tvn24.pl/;Gdyby PSL poparlo Komorowskiego popelniloby samobójstwo;2;http://www.tvn24.plhttp://faktypofaktach.tvn24.pl/gdyby-psl-poparlo-komorowskiego-popelniloby-samobojstwo,511045.html
2015-01-30;http://www.tvn24.pl/;Gdyby PSL poparlo Komorowskiego popelniloby samobójstwo;2;http://www.tvn24.pl/wiadomosci-z-kraju,3/gdyby-psl-poparlo-komorowskiego-popelniloby-samobojstwo,511039.html
2015-01-30;http://www.tvn24.pl/;Czlowiek prezesa historyk z pasja spiewania Kim jest Adam Jarubas;2;http://www.tvn24.pl/wiadomosci-z-kraju,3/czlowiek-prezesa-historyk-z-pasja-spiewania-kim-jest-adam-jarubas,511027.html
2015-01-30;http://www.tvn24.pl/;Jarubas kandydatem PSL na prezydenta Prezes poszedl na ostro;2;http://www.tvn24.pl/wiadomosci-z-kraju,3/jarubas-kandydatem-psl-na-prezydenta-prezes-poszedl-na-ostro,510983.html
2015-01-29;http://www.tvn24.pl/;PSL wystawi kandydata na prezydenta;2;http://www.tvn24.pl/wiadomosci-z-kraju,3/psl-wystawi-kandydata-na-prezydenta,510826.html
2015-01-29;http://www.tvn24.pl/;Prezydent Turcji chce byc jak brytyjska królowa;2;http://www.tvn24.pl/wiadomosci-ze-swiata,2/prezydent-turcji-chce-byc-jak-brytyjska-krolowa,510808.html
2015-01-29;http://www.tvn24.pl/;Przeglad prasy dla SLD wazniejsze miejsca w Sejmie niz Ogórek;2;http://www.tvn24.pl/wiadomosci-z-kraju,3/przeglad-prasy-dla-sld-wazniejsze-miejsca-w-sejmie-niz-ogorek,510527.html
2015-01-29;http://www.tvn24.pl/;PSL podzielone ws kandydata na prezydenta Kogo wskaze;2;http://www.tvn24.pl/wiadomosci-z-kraju,3/psl-podzielone-ws-kandydata-na-prezydenta-kogo-wskaze,510519.html
2015-01-28;http://www.tvn24.pl/;Plany Ogórek ujawnione Ma sluchac Polaków i odpowiadac na pytania mediów;2;http://www.tvn24.pl/wiadomosci-z-kraju,3/plany-ogorek-ujawnione-ma-sluchac-polakow-i-odpowiadac-na-pytania-mediow,510413.html
2015-01-28;http://www.tvn24.pl/;Kiedy wybory prezydenckie Sikorski oglosi to w srode;2;http://www.tvn24.pl/wiadomosci-z-kraju,3/kiedy-wybory-prezydenckie-sikorski-oglosi-to-w-srode,510387.html
2015-01-28;http://www.tvn24.pl/;Przeglad prasy PKW recznie policzy glosy we wszystkich wyborach w tym roku;2;http://www.tvn24.pl/wiadomosci-z-kraju,3/przeglad-prasy-pkw-recznie-policzy-glosy-we-wszystkich-wyborach-w-tym-roku,510193.html
2015-01-26;http://www.tvn24.pl/;Kukiz na prezydenta Jezeli górnikom i rolnikom sie nie uda bede próbowal;2;http://www.tvn24.pl/wiadomosci-z-kraju,3/kukiz-na-prezydenta-jezeli-gornikom-i-rolnikom-sie-nie-uda-bede-probowal,509804.html
2015-01-26;http://www.tvn24.pl/;Palikot naiwnosc w polityce jest czyms pieknym;2;http://www.tvn24.pl/wiadomosci-z-kraju,3/palikot-naiwnosc-w-polityce-jest-czyms-pieknym,509794.html
2015-01-26;http://www.tvn24.pl/;Sondaz Komorowski wygralby w pierwszej turze;2;http://www.tvn24.pl/wiadomosci-z-kraju,3/sondaz-komorowski-wygralby-w-pierwszej-turze,509745.html
2015-01-26;http://www.tvn24.pl/;PKW przed ogloszeniem terminu wyborów nie powinno sie prowadzic kampanii;2;http://www.tvn24.pl/wiadomosci-z-kraju,3/pkw-przed-ogloszeniem-terminu-wyborow-nie-powinno-sie-prowadzic-kampanii,509669.html
2015-01-26;http://www.tvn24.pl/;Palikot nagral wideo dla Biedronia Cos Ci powiem Zawiodlem sie;2;http://www.tvn24.pl/wiadomosci-z-kraju,3/palikot-nagral-wideo-dla-biedronia-cos-ci-powiem-zawiodlem-sie,509538.html
2015-01-26;http://www.tvn24.pl/;Bielan o kandydacie PiS na prezydenta wspólne zwyciestwo albo porazka;2;http://www.tvn24.pl/wiadomosci-z-kraju,3/bielan-o-kandydacie-pis-na-prezydenta-wspolne-zwyciestwo-albo-porazka,509552.html
2015-01-26;http://www.tvn24.pl/;Kiedy wybory prezydenckie;2;http://www.tvn24.pl/polska-i-swiat,33,m/kiedy-wybory-prezydenckie,509508.html
2015-01-25;http://www.tvn24.pl/;PO uklada termin pod kalendarz obecnego prezydenta Spór o date wyborów;2;http://www.tvn24.pl/wiadomosci-z-kraju,3/po-uklada-termin-pod-kalendarz-obecnego-prezydenta-spor-o-date-wyborow,509387.html
2015-01-22;http://www.tvn24.pl/;Piechocinski spotkal sie z prezydentem PSL poprze Komorowskiego;2;http://www.tvn24.pl/wiadomosci-z-kraju,3/piechocinski-spotkal-sie-z-prezydentem-psl-poprze-komorowskiego,508740.html
2015-01-21;http://www.tvn24.pl/;KORWiN Nowa partia Korwin Mikkego;2;http://www.tvn24.pl/wiadomosci-z-kraju,3/korwin-nowa-partia-korwin-mikkego,508239.html
2015-01-21;http://www.tvn24.pl/;Polscy zolnierze na Ukrainie Duda nalezaloby to rozwazyc;2;http://www.tvn24.pl/wiadomosci-z-kraju,3/polscy-zolnierze-na-ukrainie-duda-nalezaloby-to-rozwazyc,508188.html
2015-01-20;http://www.tvn24.pl/;Prezydent w niewoli ale nie obalony Poludnie Jemenu obawia sie rebelii;2;http://www.tvn24.pl/wiadomosci-ze-swiata,2/prezydent-w-niewoli-ale-nie-obalony-poludnie-jemenu-obawia-sie-rebelii,507958.html
2015-01-19;http://www.tvn24.pl/;Wolalbym zeby polska lewica miala twarz Magdaleny Ogórek a nie Leszka Millera;2;http://www.tvn24.pl/wiadomosci-z-kraju,3/wolalbym-zeby-polska-lewica-miala-twarz-magdaleny-ogorek-a-nie-leszka-millera,507716.html
2015-01-19;http://www.tvn24.pl/;Newsweek Garnki i miksery za pól miliona Maz Ogórek przywlaszczyl cudze rzeczy;2;http://www.tvn24.pl/wiadomosci-z-kraju,3/newsweek-garnki-i-miksery-za-pol-miliona-maz-ogorek-przywlaszczyl-cudze-rzeczy,507516.html
2015-01-19;http://www.tvn24.pl/;Kalisz o Ogórek powiedziala wiele nierozsadnych rzeczy ale to nie jej wina;2;http://www.tvn24.pl/wiadomosci-z-kraju,3/kalisz-o-ogorek-powiedziala-wiele-nierozsadnych-rzeczy-ale-to-nie-jej-wina,507512.html
2015-01-18;http://www.tvn24.pl/;Dwie prawdy o górnikach oraz o kandydaturze Magdaleny Ogórek;2;http://www.tvn24.pl/dwie-prawdy,101,m/dwie-prawdy-o-gornikach-oraz-o-kandydaturze-magdaleny-ogorek,507450.html
2015-01-18;http://www.tvn24.pl/;Palikot czy ktos wyobraza sobie rozmowe Magdaleny Ogórek z Putinem;2;http://www.tvn24.pl/wiadomosci-z-kraju,3/palikot-czy-ktos-wyobraza-sobie-rozmowe-magdaleny-ogorek-z-putinem,507452.html
2015-01-18;http://www.tvn24.pl/;Nowacka o Ogórek wykorzystala dziewczyna okazje;2;http://www.tvn24.pl/wiadomosci-z-kraju,3/nowacka-o-ogorek-wykorzystala-dziewczyna-okazje,507200.html
2015-01-17;http://www.tvn24.pl/;Duda zapowiada otwarta prezydenture Nie chce by drzwi do palacu byly zatrzasniete;2;http://www.tvn24.pl/wiadomosci-z-kraju,3/duda-zapowiada-otwarta-prezydenture-nie-chce-by-drzwi-do-palacu-byly-zatrzasniete,507101.html
2015-01-17;http://www.tvn24.pl/;Ogórek przedstawia program Zmiana prawa sprawy ludzi mlodych;2;http://www.tvn24.pl/wiadomosci-z-kraju,3/ogorek-przedstawia-program-zmiana-prawa-sprawy-ludzi-mlodych,507068.html
2015-01-15;http://www.tvn24.pl/;Newsweek maz Ogórek na celowniku prokuratury;2;http://www.tvn24.pl/wiadomosci-z-kraju,3/newsweek-maz-ogorek-na-celowniku-prokuratury,506789.html
2015-01-15;http://www.tvn24.pl/;Korwin Mikke pokieruje nowa partia Z KNP rozstaje sie w zgodzie;2;http://www.tvn24.pl/wiadomosci-z-kraju,3/korwin-mikke-pokieruje-nowa-partia-z-knp-rozstaje-sie-w-zgodzie,506623.html
2015-01-15;http://www.tvn24.pl/;System na wybory byl jeszcze niegotowy wyplata poszla Nabino odda czesc pieniedzy;2;http://www.tvn24.pl/wiadomosci-z-kraju,3/system-na-wybory-byl-jeszcze-niegotowy-wyplata-poszla-nabino-odda-czesc-pieniedzy,506497.html
2015-01-14;http://www.tvn24.pl/;Miller nie zakazalem mówic pani Ogórek;2;http://www.tvn24.pl/wiadomosci-z-kraju,3/miller-nie-zakazalem-mowic-pani-ogorek,506123.html
2015-01-13;http://www.tvn24.pl/;Beda kontrolowac prezydenta Krakowa Ruszyl projekt Majchrowski Watch;2;http://www.tvn24.pl/krakow,50/beda-kontrolowac-prezydenta-krakowa-ruszyl-projekt-majchrowski-watch,505922.html
2015-01-13;http://www.tvn24.pl/;Nowacka byloby nie w porzadku gdybym startowala na prezydenta;2;http://www.tvn24.pl/wiadomosci-z-kraju,3/nowacka-byloby-nie-w-porzadku-gdybym-startowala-na-prezydenta,505834.html
2015-01-11;http://www.tvn24.pl/;Sondaz dla Faktów TVN i TVN24 Komorowski prezydentem w pierwszej turze;2;http://www.tvn24.pl/wybory-prezydenckie-2015,117,m/sondaz-dla-faktow-tvn-i-tvn24-komorowski-prezydentem-w-pierwszej-turze,505303.html
2015-01-11;http://www.tvn24.pl/;Kalisz w kategoriach politycznych Ogórek nie ma szans;2;http://www.tvn24.pl/wiadomosci-z-kraju,3/kalisz-w-kategoriach-politycznych-ogorek-nie-ma-szans,505126.html
2015-01-08;http://www.tvn24.pl/;Szef SLD o Magdalenie Ogórek rodzi sie bardzo silna postac polskiej lewicy;2;http://www.tvn24.pl/wiadomosci-z-kraju,3/szef-sld-o-magdalenie-ogorek-rodzi-sie-bardzo-silna-postac-polskiej-lewicy,504719.html
2015-01-08;http://www.tvn24.pl/;Magdalena Ogórek kandydatka SLD na prezydenta.Miller jest symbolem zgody narodowej;2;http://www.tvn24.pl/wiadomosci-z-kraju,3/magdalena-ogorek-kandydatka-sld-na-prezydenta-miller-jest-symbolem-zgody-narodowej,504589.html
2015-01-06;http://www.tvn24.pl/;Nieslubne dzieci powodem klopotów Korwin Mikkego w partii Jak moge zaprzeczac rzeczom oczywistym;2;http://www.tvn24.pl/wiadomosci-z-kraju,3/nieslubne-dzieci-powodem-klopotow-korwin-mikkego-w-partii-jak-moge-zaprzeczac-rzeczom-oczywistym,503930.html
2015-01-06;http://www.tvn24.pl/;Adam Jarubas kandydatem PSL na prezydenta;2;http://www.tvn24.pl/wiadomosci-z-kraju,3/adam-jarubas-kandydatem-psl-na-prezydenta,503834.html
2015-01-04;http://www.tvn24.pl/;Korwin Mikke stracil stanowisko Kongres Nowej Prawicy z nowym szefem;2;http://www.tvn24.pl/wiadomosci-z-kraju,3/korwin-mikke-stracil-stanowisko-kongres-nowej-prawicy-z-nowym-szefem,503585.html
2015-01-01;http://www.tvn24.pl/;Prezydent Wenezueli z rekordowo niskim poparciem;2;http://www.tvn24.pl/wiadomosci-ze-swiata,2/prezydent-wenezueli-z-rekordowo-niskim-poparciem,502958.html
2014-12-31;http://www.tvn24.pl/;Zrezygnowal ze wszystkich stanowisk Jeb Bush szykuje sie do startu w wyborach;2;http://www.tvn24.pl/wiadomosci-ze-swiata,2/zrezygnowal-ze-wszystkich-stanowisk-jeb-bush-szykuje-sie-do-startu-w-wyborach,502646.html
2014-12-28;http://www.tvn24.pl/;Komorowski dobrym prezydentem Nie popelnia zadnych duzych bledów;2;http://www.tvn24.plhttp://faktypofaktach.tvn24.pl/komorowski-dobrym-prezydentem-nie-popelnia-zadnych-duzych-bledow,502104.html
2015-03-15;http://natemat.pl/;Konwencja perfidnai niebezpieczna . Duda bardzo krytycznie o antyprzemocowym akcie;3;http://natemat.pl/136653,konwencja-jako-najwieksze-zlo-duda-bardzo-krytycznie-o-antyprzemocowym-akcie
2015-03-15;http://natemat.pl/;Bronislaw Komorowski o przeciwnikach: Polityczni naciagacze. Rozdaja miliardy, których nie ma;3;http://natemat.pl/136649,prezydent-ostro-krytykuje-konkurencje-rozdaja-miliardy-ktorych-nie-ma
2015-03-15;http://natemat.pl/;Komorowski i jego zywiol;2;http://natemat.pl/136639,komorowski-i-jego-zywiol-podczas-spotkan-wyborczych-w-malych-miasteczkach-prezydent-czuje-sie-jak-ryba-w-wodzie
2015-03-15;http://natemat.pl/;Jarubas: W „muzeum zgody” zamknalbym wszystkich kandydatów;2;http://natemat.pl/136661,adam-jarubas-w-muzeum-zgody-zamknalby-wszystkich-kandydatow
2015-03-15;http://natemat.pl/;Duda otwiera „Muzeum Komorowskiego”;2;http://natemat.pl/136557,andrzej-duda-punktuje-niespelnione-obietnice-prezydenta-i-otwiera-muzeum-komorowskiego
2015-03-15;http://natemat.pl/;Kretacz Duda;2;http://tomaszlis.natemat.pl/136613,kretacz-duda
2015-03-15;http://natemat.pl/;Nalecz reaguje na spot Dudy: Prezydent nie odpowie wyglupem na wyglup;2;http://natemat.pl/136643,prof-nalecz-prezydent-nie-odpowie-wyglupem-na-wyglup-komentarze-po-spocie-osmieszajacym-komorowskiego
2015-03-15;http://natemat.pl/;Gry polityczne. Korwin-Mikke wsród przebieranców na Intel Extreme Masters w Katowicach;1;http://natemat.pl/136635,bitwa-o-autograf-korwin-mikke-wsrod-przebierancow-na-intel-extreme-masters-w-katowicach
2015-03-15;http://natemat.pl/;Newsweek  o kampanii Komorowskiego:  Otoczyl sie kólkiem wzajemnej adoracji;1;http://natemat.pl/136641,newsweek-ujawnia-trudnosci-w-prowadzeniu-kampanii-komorowskiego-otoczyl-sie-kolkiem-wzajemnej-adoracji-a-nie-fighterami
2015-03-15;http://natemat.pl/;Andrzej Duda w Radiu Maryja, a nagle dzwoni “Jaroslaw z Warszawy”.  Andrzej jest katolikiem;1;http://natemat.pl/136615,andrzej-duda-w-radiu-maryja-a-nagle-dzwoni-jaroslaw-z-warszawy-andrzej-jest-katolikiem-i-to-intensywnym
2015-03-15;http://natemat.pl/;Komorowski traci 8 pkt. Duda tyle samo zyskuje. Kleska wszystkich lewicowych kandydatów;1;http://natemat.pl/136625,komorowski-traci-8-pkt-duda-tyle-samo-zyskuje-kleska-wszystkich-lewicowych-kandydatow
2015-03-15;http://natemat.pl/;<U+2B06>Ataki Dudy splywaja po Komorowskim;1;http://natemat.pl/132313,barometr-wyborczy-natemat-zobacz-jak-dzisiaj-radzil-sobie-w-kampanii-bronislaw-komorowski
2015-03-15;http://natemat.pl/;<U+2B07>Kampania negatywna przykrywa pozytywna;1;http://natemat.pl/132315,barometr-wyborczy-natemat-zobacz-jak-dzisiaj-radzil-sobie-w-kampanii-andrzej-duda
2015-03-15;http://natemat.pl/;<U+2B07>Sztab naraza Ogórek na smiesznosc;1;barometr-wyborczy-natemat-zobacz-jak-dzisiaj-radzila-sobie-w-kampanii-magdalena-ogorek
2015-03-15;http://www.onet.pl/;Lukasz K. - wital prezydenta, dzis siedzi w areszcie;2;http://wiadomosci.onet.pl/tylko-w-onecie/gruba-kreska-wital-komorowskiego-dzis-siedzi-w-areszcie/jem9qb
2015-03-15;http://www.onet.pl/;Klopotliwe pytania. Duda jak prezydent USA;2;http://wiadomosci.onet.pl/tylko-w-onecie/duda-jak-reagan-zadaja-jasnych-odpowiedzi-ws-in-vitro/6186dw
2015-03-15;http://www.onet.pl/;Duda otworzyl w stolicy muzeum Komorowskiego;1;http://wiadomosci.onet.pl/warszawa/andrzej-duda-otworzyl-muzeum-bronislawa-komorowskiego/794l9d
2015-03-15;http://www.onet.pl/;Nowa partia Korwin-Mikkego. Zaglosujecie na nia?;1;http://wiadomosci.onet.pl/tablica/nowa-partia-korwin-mikkego-zaglosujecie-na-nia,1668,1020088,153124061,watek.html
2015-03-15;http://www.newsweek.pl/;Andrzej Duda byl dzialaczem Unii Wolnosci;4;http://polska.newsweek.pl/andrzej-duda-byl-dzialaczem-unii-wolnosci,artykuly,359002,1.html
2015-03-15;http://www.newsweek.pl/;Prezydent podpisal ustawe o przeciwdzialaniu przemocy w rodzinie;2;http://polska.newsweek.pl/ustawe-o-przeciwdzialaniu-przemocy-w-rodzinie-i-wobec-kobiet-podpisana,artykuly,358999,1.html
2015-03-15;http://www.newsweek.pl/;Ciupaga i niszczarka. Duda otwiera muzeum Komorowskiego;2;http://polska.newsweek.pl/wybory-prezydenckie-andrzej-duda-muzeum-otworzyl-zgody-komorowskiego,artykuly,358988,1.html
2015-03-15;http://www.newsweek.pl/;Spór kandydatów na prezydenta o in vitro;2;http://polska.newsweek.pl/metoda-in-vitro-kto-jest-za-wprowadzeniem-wybory-prezydenckie,artykuly,358883,1.html
2015-03-15;http://www.onet.pl/;Najnowszy sondaz: Komorowski traci poparcie. Duda rosnie w sile;2;http://wiadomosci.onet.pl/kraj/tns-polska-dla-wiadomosci-komorowski-traci-8-proc-mozliwa-druga-tura/vxcm3j
2015-03-15;http://www.onet.pl/;Informacje o Dudzie, których nie ma w gazetce PiS;2;http://polska.newsweek.pl/informacje-o-andrzeju-dudzie-ktorych-nie-podaje-pis,artykuly,359024,1.html
2015-03-15;http://www.onet.pl/;Klopotliwe pytania. Duda jak prezydent USA;2;http://wiadomosci.onet.pl/tylko-w-onecie/duda-jak-reagan-zadaja-jasnych-odpowiedzi-ws-in-vitro/6186dw
2015-03-15;http://www.onet.pl/;Duda otworzyl w stolicy muzeum Komorowskiego;1;http://wiadomosci.onet.pl/warszawa/andrzej-duda-otworzyl-muzeum-bronislawa-komorowskiego/794l9d
2015-03-15;http://www.onet.pl/;Nowa partia Korwin-Mikkego. Zaglosujecie na nia?;1;http://wiadomosci.onet.pl/tablica/nowa-partia-korwin-mikkego-zaglosujecie-na-nia,1668,1020088,153124061,watek.html
2015-03-15;http://www.newsweek.pl/;4 informacje o Dudzie, których nie ma w gazetce PiS;4;http://polska.newsweek.pl/informacje-o-andrzeju-dudzie-ktorych-nie-podaje-pis,artykuly,359024,1.html
2015-03-15;http://www.newsweek.pl/;Andrzej Duda byl dzialaczem Unii Wolnosci;3;http://polska.newsweek.pl/andrzej-duda-byl-dzialaczem-unii-wolnosci,artykuly,359002,1.html
2015-03-15;http://www.newsweek.pl/;Prezydent podpisal ustawe o przeciwdzialaniu przemocy w rodzinie;2;http://polska.newsweek.pl/ustawe-o-przeciwdzialaniu-przemocy-w-rodzinie-i-wobec-kobiet-podpisana,artykuly,358999,1.html
2015-03-15;http://www.newsweek.pl/;Ciupaga i niszczarka. Duda otwiera muzeum Komorowskiego;2;http://polska.newsweek.pl/wybory-prezydenckie-andrzej-duda-muzeum-otworzyl-zgody-komorowskiego,artykuly,358988,1.html
2015-03-15;http://www.newsweek.pl/;Spór kandydatów na prezydenta o in vitro;2;http://polska.newsweek.pl/metoda-in-vitro-kto-jest-za-wprowadzeniem-wybory-prezydenckie,artykuly,358883,1.html
2015-03-15;http://www.newsweek.pl/;Rosyjskie,telewizje,pokazaly,Putina,na,spotkaniu,którego,nie,bylo,By,dac,ludziom,Putina,telewizje,Rossija,24,i,Rossija,1,juz,zrelacjonowaly,spotkanie,które,prezydent,ma,odbyc,16,marca;1;http://swiat.newsweek.pl/rosyjskie-mediapokazaly-putina-naspotkanu-ktore-sie-nie-odbylo,artykuly,358930,1.html
2015-03-15;http://www.newsweek.pl/;Nowy,Kubica,22,letni,Polak,podbija,tory,wyscigowe,W,bolidach,wystepuja,przeciazenia,siegajace,4,g,dlatego,zawodnicy,wiekszosc,wolnego,spedzaja,na,silowni,mówi,Newsweekowi,Aleksander,Bosak,pierwszy,Polak,który;1;http://sport.newsweek.pl/pierwszy-polak-w-wyscigowej-gp3-aleksander-bosak-jak-kubica-,artykuly,359020,1.html
2015-03-15;http://www.tvn24.pl/;Niszczarka i ciupaga. PiS uderza w Komorowskiego i sam zalicza wpadke;3;http://www.tvn24.pl/pis-otworzylo-muzeum-zgody-bronislawa-komorowskiego,524087,s.html
2015-03-15;http://www.tvn24.pl/;Prezydent odpowiada PiS ws.  Muzeum Zgody Bronislawa Komorowskiego;3;http://www.tvn24.pl/bronislaw-komorowski-odpowiada-na-muzeum-zgody,524168,s.html
2015-03-15;http://www.tvn24.pl/;Niszczarka i ciupaga. PiS uderza w Komorowskiego i sam zalicza wpadke;2;http://www.tvn24.pl/niszczarka-i-ciupaga-pis-uderza-w-komorowskiego-i-sam-zalicza-wpadke,524087,s.html
2015-03-15;http://www.tvn24.pl/;Prezydent odpowiada PiS ws.  Muzeum Zgody Bronislawa Komorowskiego;2;http://www.tvn24.pl/prezydent-odpowiada-pis-ws-muzeum-zgody-bronislawa-komorowskiego,524168,s.html
2015-03-15;http://www.tvn24.pl/;Niszczarka i ciupaga. PiS uderza w Komorowskiego i sam zalicza wpadke;1;http://www.tvn24.pl/pis-otworzylo-muzeum-zgody-bronislawa-komorowskiego,524087,s.html
2015-03-15;http://www.tvn24.pl/;Prezydent odpowiada PiS ws.  Muzeum Zgody Bronislawa Komorowskiego;1;http://www.tvn24.pl/bronislaw-komorowski-odpowiada-na-muzeum-zgody,524168,s.html
2015-03-15;http://www.onet.pl/;  Janusz Korwin-Mikke zrobil furore na wielkiej imprezie w katowickim Spodku. Zobacz ;3;http://gry.onet.pl/iem-katowice-2015-janusz-korwin-mikke-z-cosplayerka/y806mz
2015-03-15;http://www.onet.pl/;Kandydat na prezydenta dostal sadowy zakaz kontaktu z 15-letnim synem;2;http://wiadomosci.onet.pl/tylko-w-onecie/obrazki-przedwyborcze-cz-i-o-co-moze-walczyc-dzielny-tata/btpn2c
2015-03-15;http://www.onet.pl/;Komorowski chce zmian ws. urlopów rodzicielskich;1;http://biznes.onet.pl/praca/komorowski-w-przyszlym-tygodniu-projekt-zmian-dot-urlopow-rodzicielskich/etbz7f
2015-03-15;http://www.onet.pl/;Nowa partia Korwin-Mikkego. Zaglosujecie na nia?;1;http://wiadomosci.onet.pl/tablica/nowa-partia-korwin-mikkego-zaglosujecie-na-nia,1668,1020088,153124061,watek.html
2015-03-15;http://www.newsweek.pl/;Poparcie dla Komorowskiego spada. Korzysta na tym Duda;3;http://polska.newsweek.pl/sondaz-poparcie-dla-komorowskiego-spada-drugi-duda-trzecia-ogorek,artykuly,359084,1.html
2015-03-15;http://www.newsweek.pl/;4 informacje o Dudzie, których nie ma w gazetce PiS;3;http://polska.newsweek.pl/informacje-o-andrzeju-dudzie-ktorych-nie-podaje-pis,artykuly,359024,1.html
2015-03-15;http://www.newsweek.pl/;Andrzej Duda byl dzialaczem Unii Wolnosci;2;http://polska.newsweek.pl/andrzej-duda-byl-dzialaczem-unii-wolnosci,artykuly,359002,1.html
2015-03-15;http://www.newsweek.pl/;Prezydent podpisal ustawe o przeciwdzialaniu przemocy w rodzinie;2;http://polska.newsweek.pl/ustawe-o-przeciwdzialaniu-przemocy-w-rodzinie-i-wobec-kobiet-podpisana,artykuly,358999,1.html
2015-03-15;http://www.newsweek.pl/;Ciupaga i niszczarka. Duda otwiera muzeum Komorowskiego;2;http://polska.newsweek.pl/wybory-prezydenckie-andrzej-duda-muzeum-otworzyl-zgody-komorowskiego,artykuly,358988,1.html
2015-03-15;http://www.newsweek.pl/;Gdzie,jest,Putin,Media,Ma,problemy,z,plecami,jest,pod,opieka,ortopedy,Prezydent,Rosji,Wladimir,Putin,który,nie,pojawil,sie,publicznie,od,5,marca,cierpi,na,problemy,z,kregoslupem,i,znajduje,sie,obecnie,pod,opieka,wiedenskiego,ortopedy;1;http://swiat.newsweek.pl/gdzie-jest-putin-media-ma-problemy-z-plecami-jest-pod-opieka-ortopedy,artykuly,359143,1.html
2015-03-15;http://www.newsweek.pl/;Rosyjskie,telewizje,pokazaly,Putina,na,spotkaniu,którego,nie,bylo,By,dac,ludziom,Putina,telewizje,Rossija,24,i,Rossija,1,juz,zrelacjonowaly,spotkanie,które,prezydent,ma,odbyc,16,marca;1;http://swiat.newsweek.pl/rosyjskie-mediapokazaly-putina-naspotkanu-ktore-sie-nie-odbylo,artykuly,358930,1.html
2015-03-15;http://www.newsweek.pl/;Najlepsze,cytaty,tygodnia,Duda,lepiej,przygotowany,do,polityki,niz,Obama,haslo,Komorowskiego,jak,reklama,prezerwatyw,i,sumienie,premier,wazniejsze,od,poparcia,PSL,u;1;http://polska.newsweek.pl/najlepsze-wypowiedzi-polskich-politykow-w-marcu-2015-newsweek-pl,galeria,358913,1.html
2015-03-15;http://www.newsweek.pl/;Skoki,narciarskie,Stoch,trzeci,w,Oslo,Triumfuje,Freund,Kamil,Stoch,zajal,ex,aequo,ze,Slowencem,Peterem,Prevcem,trzecie,miejsce,w,niedzielnym,konkursie,Pucharu,Swiata,w,skokach,narciarskich,w,Oslo,Triumfowal,Niemiec,Severin;1;http://sport.newsweek.pl/skoki-narciarskie-stoch-trzeci-w-oslo-triumfuje-freund,artykuly,359114,1.html
2015-03-15;http://www.tvn24.pl/;Prezydent Rosji ma problemy z plecami?;3;http://www.tvn24.pl/putin-ma-problemy-z-plecami,524351,s.html
2015-03-15;http://www.tvn24.pl/;Rozdaja miliardy, których nie ma . Prezydent przestrzega przed  naciagaczami politycznymi;3;http://www.tvn24.pl/bronislaw-komorowski-z-kampania-w-wielkopolsce-odwiedzil-klodawy,524321,s.html
2015-03-15;http://www.tvn24.pl/;Duda o konwencji antyprzemocowej: niebezpieczna i perfidna;3;http://www.tvn24.pl/konwencja-antyprzemocowa-duda-konwencja-niebezpieczna-i-perfidna,524325,s.html
2015-03-15;http://www.tvn24.pl/;Telefon z Kremla w spocie Dudy. Nalecz: wyglup, strzelanie ze stink granatów;3;http://www.tvn24.pl/telefon-z-kremla-w-spocie-dudy-nalecz-strzelanie-ze-stink-granatow,524296,s.html
2015-03-15;http://www.tvn24.pl/;Korwin-Mikke ostrzega przed falszowaniem wyborów.  Moi ludzie wyjda na ulice;3;/wiadomosci-z-kraju,3/korwin-mikke-ostrzega-przed-falszowaniem-wyborow-moi-ludzie-wyjda-na-ulice,523365.html
2015-03-15;http://www.tvn24.pl/;Prezydent Rosji ma problemy z plecami?;2;http://www.tvn24.pl/prezydent-rosji-ma-problemy-z-plecami,524351,s.html
2015-03-15;http://www.tvn24.pl/;Rozdaja miliardy, których nie ma . Prezydent przestrzega przed  naciagaczami politycznymi;2;http://www.tvn24.pl/rozdaja-miliardy-ktorych-nie-ma-prezydent-przestrzega-przed-naciagaczami-politycznymi,524321,s.html
2015-03-15;http://www.tvn24.pl/;Duda o konwencji antyprzemocowej: niebezpieczna i perfidna;2;http://www.tvn24.pl/duda-o-konwencji-antyprzemocowej-niebezpieczna-i-perfidna,524325,s.html
2015-03-15;http://www.tvn24.pl/;Telefon z Kremla w spocie Dudy. Nalecz: wyglup, strzelanie ze stink granatów;2;http://www.tvn24.pl/telefon-z-kremla-w-spocie-dudy-nalecz-wyglup-strzelanie-ze-stink-granatow,524296,s.html
2015-03-15;http://www.tvn24.pl/;Korwin-Mikke ostrzega przed falszowaniem wyborów.  Moi ludzie wyjda na ulice;1;http://www.tvn24.pl/wiadomosci-z-kraju,3/korwin-mikke-ostrzega-przed-falszowaniem-wyborow-moi-ludzie-wyjda-na-ulice,523365.html
