"date";"portal";"title";"position";"link"
2015-04-21;http://www.wprost.pl/;PKW: Test systemu informatycznego nie ujawnił żadnych nieprawidłowości;2;http://www.wprost.pl/ar/503349/PKW-Test-systemu-informatycznego-nie-ujawnil-zadnych-nieprawidlowosci/
2015-04-21;http://www.wprost.pl/;Pacjenci chcą legalizacji leczniczej marihuany. Palikot proponuje ustawę;2;http://www.wprost.pl/ar/503343/Pacjenci-chca-legalizacji-leczniczej-marihuany-Palikot-proponuje-ustawe/
2015-04-21;http://www.wprost.pl/;Kampania na Twitterze. Kukiz wyprzedził Korwin-Mikkego, prezydent autorem najlepszego wpisu;2;http://www.wprost.pl/ar/503339/Kampania-na-Twitterze-Kukiz-wyprzedzil-Korwin-Mikkego-prezydent-autorem-najlepszego-wpisu/
2015-04-21;http://www.wprost.pl/;Duda chce obniżyć wiek emerytalny. Prof. Bugaj: Trend jest odwrotny, ale zmiany w Polsce były zbyt radykalne;1;http://www.wprost.pl/ar/502689/Duda-chce-obnizyc-wiek-emerytalny-Prof-Bugaj-Trend-jest-odwrotny-ale-zmiany-w-Polsce-byly-zbyt-radykalne/
2015-04-21;http://www.onet.pl/;Wpadka Dudy w kosciele. Ks. Sowa zbulwersowany;2;http://www.fakt.pl/polityka/wpadka-dudy-rozmawial-przez-telefon-w-kosciele-,artykuly,539645.html
2015-04-21;http://www.onet.pl/;Prezydent: Polska ma szanse byc w czolówce UE;1;http://biznes.onet.pl/wiadomosci/kraj/komorowski-polska-ma-szanse-byc-w-czolowce-najbardziej-innowacyjnych-krajow-ue/2pke8j
2015-04-21;http://www.newsweek.pl/;Wybory prezydenckie: Co z ta frekwencja?;4;http://polska.newsweek.pl/jaki-bedzie-wynik-wyborow-prezydenckich-10-maja-sprawdzcie-sondaze,artykuly,361450,1.html
2015-04-21;http://www.newsweek.pl/;Zamiast modlitwy, rozmowa przez telefon. Co Andrzej Duda robi w kosciele;2;http://polska.newsweek.pl/andrzej-duda-przylapany-na-rozmowie-przez-telefon-podczas-mszy,artykuly,361468,1.html
2015-04-21;http://www.tvn24.pl/;Dobre strony kampanii Bronislawa Komorowskiego? To, ze jest;3;http://www.tvn24.pl/czarno-na-bialym-mdle-barwy-kampanii-komorowskiego,535165,s.html
2015-04-21;http://www.tvn24.pl/;odtwórz: Dobre strony kampanii Bronislawa Komorowskiego? To, ze jest;3;http://www.tvn24.pl/czarno-na-bialym-mdle-barwy-kampanii-komorowskiego,535165,s.html#autoplay
2015-04-21;http://www.tvn24.pl/;Dobre strony kampanii BronisÅ<U+0082>awa Komorowskiego? To, Å¼e jest;2;http://www.tvn24.pl/dobre-strony-kampanii-bronislawa-komorowskiego-to-ze-jest,535165,s.html
2015-04-21;http://natemat.pl/;Niepotrzebny blad Dudy. Spiewal z PiS  Ojczyzne wolna racz nam zwrócic Panie  i umniejszyl pamiec o bohaterach;3;http://natemat.pl/140211,spiewajac-ojczyzne-wolna-racz-nam-zwrocic-panie-pis-i-duda-umniejszaja-pamiec-o-prawdziwych-bohaterach
2015-04-21;http://natemat.pl/;Braun o  kondominium pod zydowskim zarzadem . Media nie musza dawac trybuny oszolomom;3;http://natemat.pl/140167,braun-o-rzadach-masonerii-kondominium-pod-zydowskim-zarzadem-media-nie-musza-dawac-trybuny-oszolomom
2015-04-21;http://natemat.pl/;Agnieszka Pomaska: Nie wspólczuje Ogórek. Ale to, ze jest ladna, jej nie pomaga;1;http://natemat.pl/139713,pomaska-z-po-nie-wspolczuje-ogorek-wystartowala-swiadomie-ale-to-ze-jest-ladna-jej-nie-pomaga
2015-04-21;http://natemat.pl/;Pawel Kukiz za legalizacja prostytucji.  Nie byloby mozliwosci manipulacji;1;http://natemat.pl/140143,pawel-kukiz-za-legalizacja-prostytucji-nie-byloby-mozliwosci-manipulacji
2015-04-21;http://natemat.pl/;Kto bedzie wspieral Kukiza?;1;http://grzegorzcwiertniewicz.natemat.pl/132929,kto-bedzie-wspieral-kukiza
2015-04-21;http://natemat.pl/;Mlodzi wybieraja Komorowskiego, starsi Dude. Korwinowi ufaja w sprawie gospodarki;1;http://natemat.pl/140115,kto-lepiej-nadaje-sie-na-prezydenta-sondaz-mlodzi-wybieraja-komorowskiego-starsi-dude-korwinowi-ufaja-ws-gospodarki
2015-04-21;http://www.dziennik.pl;Wystąpienie Komorowskiego na językach.  Choroba filipińska albo zaburzenia świadomości;1;http://wiadomosci.dziennik.pl/polityka/artykuly/488287,awantura-na-antenie-o-slowa-komorowskiego-specjalista-od-kur.html
2015-04-21;http://wyborcza.pl/0,0.html?piano_d=1;PKW: Może użyjemy części systemu informatycznego w wyborach;3;http://wyborcza.pl/1,75478,17786259,PKW__Moze_uzyjemy_czesci_systemu_informatycznego_w.html
2015-04-21;http://wyborcza.pl/0,0.html?piano_d=1;PKW: Może użyjemy części systemu informatycznego w wyborach;2;http://wyborcza.pl/1,75478,17786259,PKW__Moze_uzyjemy_czesci_systemu_informatycznego_w.html
2015-04-21;http://www.wp.pl;Andrzej Duda: Polska potrzebuje zmiany władzy, by państwo można było naprawiać;1;/kat,140394,title,Andrzej-Duda-Polska-potrzebuje-zmiany-wladzy-by-panstwo-mozna-bylo-naprawiac,wid,17469576,wiadomosc.html
2015-04-21;http://www.wprost.pl/;PKW: Test systemu informatycznego nie ujawnił żadnych nieprawidłowości;2;http://www.wprost.pl/ar/503349/PKW-Test-systemu-informatycznego-nie-ujawnil-zadnych-nieprawidlowosci/
2015-04-21;http://www.wprost.pl/;Pacjenci chcą legalizacji leczniczej marihuany. Palikot proponuje ustawę;2;http://www.wprost.pl/ar/503343/Pacjenci-chca-legalizacji-leczniczej-marihuany-Palikot-proponuje-ustawe/
2015-04-21;http://www.wprost.pl/;Kampania na Twitterze. Kukiz wyprzedził Korwin-Mikkego, prezydent autorem najlepszego wpisu;2;http://www.wprost.pl/ar/503339/Kampania-na-Twitterze-Kukiz-wyprzedzil-Korwin-Mikkego-prezydent-autorem-najlepszego-wpisu/
2015-04-21;http://www.wprost.pl/;Duda chce obniżyć wiek emerytalny. Prof. Bugaj: Trend jest odwrotny, ale zmiany w Polsce były zbyt radykalne;1;http://www.wprost.pl/ar/502689/Duda-chce-obnizyc-wiek-emerytalny-Prof-Bugaj-Trend-jest-odwrotny-ale-zmiany-w-Polsce-byly-zbyt-radykalne/
2015-04-21;http://www.newsweek.pl/;Wchodzisz do sklepu i slyszysz szept: To twój syn zabil prezydenta;4;http://polska.newsweek.pl/katastrofa-smolenska-rodzice-kapitana-protasiuka-ktory-lecial-tu-154,artykuly,361472,1.html
2015-04-21;http://www.newsweek.pl/;Wybory prezydenckie: Co z ta frekwencja?;3;http://polska.newsweek.pl/jaki-bedzie-wynik-wyborow-prezydenckich-10-maja-sprawdzcie-sondaze,artykuly,361450,1.html
2015-04-21;http://www.newsweek.pl/;Zamiast modlitwy, rozmowa przez telefon. Co Andrzej Duda robi w kosciele;2;http://polska.newsweek.pl/andrzej-duda-przylapany-na-rozmowie-przez-telefon-podczas-mszy,artykuly,361468,1.html
2015-04-21;http://www.tvn24.pl/;Kampania bez wigoru? Kandydaci na prezydenta wolÄ<U+0085> debatowaÄ<U+0087> na odlegÅ<U+0082>oÅ<U+009B>Ä<U+0087>;3;http://www.tvn24.pl/polska-i-swiat-kampania-bez-wigoru,535178,s.html
2015-04-21;http://www.tvn24.pl/;Odtwórz: Kampania bez wigoru? Kandydaci na prezydenta wolÄ<U+0085> debatowaÄ<U+0087> na odlegÅ<U+0082>oÅ<U+009B>Ä<U+0087>;3;http://www.tvn24.pl/polska-i-swiat-kampania-bez-wigoru,535178,s.html#autoplay
2015-04-21;http://www.tvn24.pl/;Dobre strony kampanii BronisÅ<U+0082>awa Komorowskiego? To, Å¼e jest;3;http://www.tvn24.pl/czarno-na-bialym-mdle-barwy-kampanii-komorowskiego,535165,s.html
2015-04-21;http://www.tvn24.pl/;odtwÃ³rz: Dobre strony kampanii BronisÅ<U+0082>awa Komorowskiego? To, Å¼e jest;3;http://www.tvn24.pl/czarno-na-bialym-mdle-barwy-kampanii-komorowskiego,535165,s.html#autoplay
2015-04-21;http://www.tvn24.pl/;Kampania bez wigoru? Kandydaci na prezydenta wolÄ<U+0085> debatowaÄ<U+0087> na odlegÅ<U+0082>oÅ<U+009B>Ä<U+0087>;2;http://www.tvn24.pl/wiadomosci-z-kraju,3/kampania-bez-wigoru-kandydaci-na-prezydenta-wola-debatowac-na-odleglosc,535178.html
2015-04-21;http://www.tvn24.pl/;Kampania bez wigoru? Kandydaci na prezydenta wolÄ<U+0085> debatowaÄ<U+0087> na odlegÅ<U+0082>oÅ<U+009B>Ä<U+0087>;2;http://www.tvn24.pl/kampania-bez-wigoru-kandydaci-na-prezydenta-wola-debatowac-na-odleglosc,535178,s.html
2015-04-21;http://www.tvn24.pl/;Dobre strony kampanii BronisÅ<U+0082>awa Komorowskiego? To, Å¼e jest;2;http://www.tvn24.pl/dobre-strony-kampanii-bronislawa-komorowskiego-to-ze-jest,535165,s.html
2015-04-21;http://www.tvn24.pl/;Kampania bez wigoru? Kandydaci na prezydenta wolÄ<U+0085> debatowaÄ<U+0087> na odlegÅ<U+0082>oÅ<U+009B>Ä<U+0087>;1;http://www.tvn24.pl/polska-i-swiat-kampania-bez-wigoru,535178,s.html
2015-04-21;http://www.tvn24.pl/;Odtwórz: Kampania bez wigoru? Kandydaci na prezydenta wolÄ<U+0085> debatowaÄ<U+0087> na odlegÅ<U+0082>oÅ<U+009B>Ä<U+0087>;1;http://www.tvn24.pl/polska-i-swiat-kampania-bez-wigoru,535178,s.html#autoplay
2015-04-21;http://www.tvn24.pl/;Dobre strony kampanii BronisÅ<U+0082>awa Komorowskiego? To, Å¼e jest;1;http://www.tvn24.pl/czarno-na-bialym-mdle-barwy-kampanii-komorowskiego,535165,s.html
2015-04-21;http://www.tvn24.pl/;odtwÃ³rz: Dobre strony kampanii BronisÅ<U+0082>awa Komorowskiego? To, Å¼e jest;1;http://www.tvn24.pl/czarno-na-bialym-mdle-barwy-kampanii-komorowskiego,535165,s.html#autoplay
2015-04-21;http://natemat.pl/;Rostowski: Mam duze watpliwosci co do Dudy. Nie odpowiedzial na wazne pytania ws. SKOK-ów;4;http://natemat.pl/140237,rostowski-mam-duze-watpliwosci-co-do-kandydata-opozycji-duda-nie-odpowiedzial-na-wazne-pytania-ws-skok-ow
2015-04-21;http://natemat.pl/;Niepotrzebny blad Dudy. Spiewal z PiS  Ojczyzne wolna racz nam zwrócic Panie  i umniejszyl pamiec o bohaterach;3;http://natemat.pl/140211,spiewajac-ojczyzne-wolna-racz-nam-zwrocic-panie-pis-i-duda-umniejszaja-pamiec-o-prawdziwych-bohaterach
2015-04-21;http://natemat.pl/;Braun o “kondominium pod zydowskim zarzadem”. Media nie musza dawac trybuny oszolomom;3;http://natemat.pl/140167,braun-o-rzadach-masonerii-kondominium-pod-zydowskim-zarzadem-media-nie-musza-dawac-trybuny-oszolomom
2015-04-21;http://natemat.pl/;Agnieszka Pomaska: Nie wspólczuje Ogórek. Ale to, ze jest ladna, jej nie pomaga;1;http://natemat.pl/139713,pomaska-z-po-nie-wspolczuje-ogorek-wystartowala-swiadomie-ale-to-ze-jest-ladna-jej-nie-pomaga
2015-04-21;http://natemat.pl/;Pawel Kukiz za legalizacja prostytucji.  Nie byloby mozliwosci manipulacji;1;http://natemat.pl/140143,pawel-kukiz-za-legalizacja-prostytucji-nie-byloby-mozliwosci-manipulacji
2015-04-21;http://natemat.pl/;Kto bedzie wspieral Kukiza?;1;http://grzegorzcwiertniewicz.natemat.pl/132929,kto-bedzie-wspieral-kukiza
2015-04-21;http://natemat.pl/;Mlodzi wybieraja Komorowskiego, starsi Dude. Korwinowi ufaja w sprawie gospodarki;1;http://natemat.pl/140115,kto-lepiej-nadaje-sie-na-prezydenta-sondaz-mlodzi-wybieraja-komorowskiego-starsi-dude-korwinowi-ufaja-ws-gospodarki
2015-04-21;http://www.dziennik.pl;Wystąpienie Komorowskiego na językach.  Choroba filipińska albo zaburzenia świadomości;1;http://wiadomosci.dziennik.pl/polityka/artykuly/488287,awantura-na-antenie-o-slowa-komorowskiego-specjalista-od-kur.html
2015-04-21;http://www.tvp.info/;Byly prezydent Egiptu skazany na 20 lat wiezienia. Grozila mu kara smierci;2;http://www.tvp.info.pl/19746263/byly-prezydent-egiptu-skazany-na-20-lat-wiezienia-grozila-mu-kara-smierci
2015-04-21;http://www.wp.pl;Andrzej Duda: Polska potrzebuje zmiany władzy, by państwo można było naprawiać;1;/kat,140394,title,Andrzej-Duda-Polska-potrzebuje-zmiany-wladzy-by-panstwo-mozna-bylo-naprawiac,wid,17469576,wiadomosc.html
2015-04-21;http://www.wprost.pl/;Nowy spot Komorowskiego.  Zgoda i bezpieczeństwo;2;http://www.wprost.pl/ar/503480/Nowy-spot-Komorowskiego-Zgoda-i-bezpieczenstwo/
2015-04-21;http://www.wprost.pl/;Nowicka: Molestowanie należy uznać za przestępstwo;2;http://www.wprost.pl/ar/503474/Nowicka-Molestowanie-nalezy-uznac-za-przestepstwo/
2015-04-21;http://www.wprost.pl/;Korwin-Mikke: Polska dąży do III wojny światowej;2;http://www.wprost.pl/ar/503471/Korwin-Mikke-Polska-dazy-do-III-wojny-swiatowej/
2015-04-21;http://www.wprost.pl/;Przewodniczący PKW: System informatyczny będzie działał na zasadzie testu;2;http://www.wprost.pl/ar/503470/Przewodniczacy-PKW-System-informatyczny-bedzie-dzialal-na-zasadzie-testu/
2015-04-21;http://www.wprost.pl/;Prokurator oddalił zarzuty wobec prezydent Argentyny.  Brak dowodów;2;http://www.wprost.pl/ar/503468/Prokurator-oddalil-zarzuty-wobec-prezydent-Argentyny-Brak-dowodow/
2015-04-21;http://www.wprost.pl/;Duda chce obniżyć wiek emerytalny. Prof. Bugaj: Trend jest odwrotny, ale zmiany w Polsce były zbyt radykalne;1;http://www.wprost.pl/ar/502689/Duda-chce-obnizyc-wiek-emerytalny-Prof-Bugaj-Trend-jest-odwrotny-ale-zmiany-w-Polsce-byly-zbyt-radykalne/
2015-04-21;http://www.onet.pl/;Stan Tyminski poparl kandydata na prezydenta;2;http://wiadomosci.onet.pl/tylko-w-onecie/stan-tyminski-udzielil-poparcia-marianowi-kowalskiego-w-wyborach-prezydenckich/qcb2rb
2015-04-21;http://www.onet.pl/;Duda "niejednemu wbil w plecy polityczny nóz";2;http://wiadomosci.onet.pl/tylko-w-onecie/andrzej-duda-bierny-ale-wierny/fml0cv
2015-04-21;http://www.onet.pl/;Duda znalazl winnego skandalu na Narodowym;2;http://eurosport.onet.pl/zuzel/grandprix/andrzej-duda-to-platforma-obywatelska-jest-winna-skandalowi-podczas-grand-prix-na/t4wq12
2015-04-21;http://www.newsweek.pl/;Wchodzisz do sklepu i slyszysz szept: To twój syn zabil w Smolensku prezydenta;4;http://polska.newsweek.pl/katastrofa-smolenska-rodzice-kapitana-protasiuka-ktory-lecial-tu-154,artykuly,361472,1.html
2015-04-21;http://www.newsweek.pl/;Wybory prezydenckie: Co z ta frekwencja?;2;http://polska.newsweek.pl/jaki-bedzie-wynik-wyborow-prezydenckich-10-maja-sprawdzcie-sondaze,artykuly,361450,1.html
2015-04-21;http://www.tvn24.pl/;PiS: Prezydent nie zaskarÅ¼yÅ<U+0082> konwencji antyprzemocowej do TK. WiÄ<U+0099>c my to zrobimy;3;http://www.tvn24.pl/pis-skarzy-konwencje-antyprzemocowa-do-trybunalu-konstytucyjnego,535276,s.html
2015-04-21;http://www.tvn24.pl/;Obalony prezydent Egiptu skazany. Trafi na 20 lat do wiÄ<U+0099>zienia;3;http://www.tvn24.pl/mohammed-mursi-skazany-na-20-lat-wiezienia,535283,s.html
2015-04-21;http://www.tvn24.pl/;Wizyta Nocnych WilkÃ³w we WrocÅ<U+0082>awiu pod szczegÃ³lnym nadzorem.  Na wniosek prezydenta;2;http://www.tvn24.pl/wroclaw,44/wizyta-nocnych-wilkow-we-wroclawiu-pod-szczegolnym-nadzorem-na-wniosek-prezydenta,535307.html
2015-04-21;http://www.tvn24.pl/;PiS: Prezydent nie zaskarÅ¼yÅ<U+0082> konwencji antyprzemocowej do TK. WiÄ<U+0099>c my to zrobimy;2;http://www.tvn24.pl/pis-prezydent-nie-zaskarzyl-konwencji-antyprzemocowej-do-tk-wiec-my-to-zrobimy,535276,s.html
2015-04-21;http://www.tvn24.pl/;Obalony prezydent Egiptu skazany. Trafi na 20 lat do wiÄ<U+0099>zienia;2;http://www.tvn24.pl/obalony-prezydent-egiptu-skazany-trafi-na-20-lat-do-wiezienia,535283,s.html
2015-04-21;http://www.tvn24.pl/;PiS: Prezydent nie zaskarÅ¼yÅ<U+0082> konwencji antyprzemocowej do TK. WiÄ<U+0099>c my to zrobimy;1;http://www.tvn24.pl/pis-skarzy-konwencje-antyprzemocowa-do-trybunalu-konstytucyjnego,535276,s.html
2015-04-21;http://www.tvn24.pl/;Obalony prezydent Egiptu skazany. Trafi na 20 lat do wiÄ<U+0099>zienia;1;http://www.tvn24.pl/mohammed-mursi-skazany-na-20-lat-wiezienia,535283,s.html
2015-04-21;http://natemat.pl/;Prezes ma zastrzezenia do kampanii Dudy?  Oceniam ja jako dobra, choc moze byc lepiej;1;http://natemat.pl/140243,jaroslaw-kaczynski-ma-zastrzezenia-do-kampanii-dudy-oceniam-ja-jako-dobra-choc-moze-byc-lepiej
2015-04-21;http://natemat.pl/;Rostowski: Mam duze watpliwosci, co do kandydata opozycji. Nie odpowiedzial ws. SKOK;1;http://natemat.pl/140237,rostowski-mam-duze-watpliwosci-co-do-kandydata-opozycji-duda-nie-odpowiedzial-na-wazne-pytania-ws-skok-ow
2015-04-21;http://natemat.pl/;Komorowski walczy o mlodych. W nowych spotach grafficiarz i dziecko przekonuja do  zgody i bezpieczenstwa;1;http://natemat.pl/140235,komorowski-walczy-o-mlodych-w-dwoch-nowych-spotach-grafficiarz-i-dziecko-przekonuja-do-zgody-i-bezpieczenstwa
2015-04-21;http://natemat.pl/;Niepotrzebny blad Dudy. Spiewal z PiS  Ojczyzne wolna racz nam zwrócic Panie  i umniejszyl pamiec o bohaterach;1;http://natemat.pl/140211,spiewajac-ojczyzne-wolna-racz-nam-zwrocic-panie-pis-i-duda-umniejszaja-pamiec-o-prawdziwych-bohaterach
2015-04-21;http://natemat.pl/;Braun o “kondominium pod zydowskim zarzadem”. Media nie musza dawac trybuny oszolomom;1;http://natemat.pl/140167,braun-o-rzadach-masonerii-kondominium-pod-zydowskim-zarzadem-media-nie-musza-dawac-trybuny-oszolomom
2015-04-21;http://natemat.pl/;Agnieszka Pomaska: Nie wspólczuje Ogórek. Ale to, ze jest ladna, jej nie pomaga;1;http://natemat.pl/139713,pomaska-z-po-nie-wspolczuje-ogorek-wystartowala-swiadomie-ale-to-ze-jest-ladna-jej-nie-pomaga
2015-04-21;http://www.gazeta.pl;Egipt: 20 lat więzienia dla byłego prezydenta Mursiego;1;http://wiadomosci.gazeta.pl/wiadomosci/1,114871,17788022,Egipt__sad_skazal_bylego_prezydenta_Mursiego_na_20.html#BoxNewsLink
2015-04-21;http://www.dziennik.pl;PKW ostrzega przed wpadką. Nie chodzi o system do liczenia głosów;2;http://wiadomosci.dziennik.pl/wybory-prezydenckie/artykuly/488463,wybory-prezydenckie-2015-pkw-glosy-policzy-recznie-system-informatyczny-przetestuje.html
2015-04-21;http://www.dziennik.pl;Wystąpienie Komorowskiego na językach.  Choroba filipińska albo zaburzenia świadomości;1;http://wiadomosci.dziennik.pl/polityka/artykuly/488287,awantura-na-antenie-o-slowa-komorowskiego-specjalista-od-kur.html
2015-04-21;http://wyborcza.pl/0,0.html?piano_d=1;Egipt: obalony prezydent skazany na 20 lat;2;http://wyborcza.pl/1,75477,17787974,Egipt__obalony_prezydent_skazany_na_20_lat.html
2015-04-21;http://wyborcza.pl/0,0.html?piano_d=1;Faszyzm w eterze. Czyli czym Grzegorz Braun częstował słuchaczy TOK FM;3;http://wyborcza.pl/1,143644,17786705,Faszyzm_w_eterze.html
2015-04-21;http://www.wp.pl;Polacy wystawili ocene Komorowskiemu. Najnowszy sondaz;3;http://wiadomosci.wp.pl/kat,1342,title,TNS-Polska-wzrosly-notowania-Bronislawa-Komorowskiego-i-Ewy-Kopacz,wid,17471805,wiadomosc.html
2015-04-21;http://www.wp.pl;Hanna Lis zaliczyla wpadke na wizji. Kukiz zupelnie ja zaskoczyl;3;http://teleshow.wp.pl/title,Hann-Lis-zaliczyla-wpadke-na-wizji-Kukiz-obnazyl-jej-niewiedze,tpl,3,wid,17471398,wiadomosc.html
2015-04-21;http://www.wp.pl;1 godz.Polemika posl�w PO i PiS. Poszlo o wypowiedz Dudy;2;http://wiadomosci.wp.pl/kat,1342,title,Polemika-poslow-PO-i-PiS-Duda-jest-zwolennikiem-zwalczania-wszelkich-form-przemocy,wid,17471711,wiadomosc.html
2015-04-21;http://www.wp.pl;TNS Polska: wzrosły notowania Bronisława Komorowskiego i Ewy Kopacz;1;/kat,140394,title,TNS-Polska-wzrosly-notowania-Bronislawa-Komorowskiego-i-Ewy-Kopacz,wid,17471805,wiadomosc.html
2015-04-21;http://www.wp.pl;Andrzej Duda: Polska potrzebuje zmiany władzy, by państwo można było naprawiać;1;/kat,140394,title,Andrzej-Duda-Polska-potrzebuje-zmiany-wladzy-by-panstwo-mozna-bylo-naprawiac,wid,17469576,wiadomosc.html
2015-04-21;http://www.wprost.pl/;„PO i Komorowski są oderwani od rzeczywistości i nie rozumieją młodych ludzi”;2;http://www.wprost.pl/ar/503498/PO-i-Komorowski-sa-oderwani-od-rzeczywistosci-i-nie-rozumieja-mlodych-ludzi/
2015-04-21;http://www.wprost.pl/;Ogórek na motorze, a Komorowski wspomina chłopięce lata;2;http://www.wprost.pl/ar/503497/Ogorek-na-motorze-a-Komorowski-wspomina-chlopiece-lata/
2015-04-21;http://www.wprost.pl/;Były prezydent Egiptu skazany na 20 lat więzienia;2;http://www.wprost.pl/ar/503494/Byly-prezydent-Egiptu-skazany-na-20-lat-wiezienia/
2015-04-21;http://www.wprost.pl/;Duda chce obniżyć wiek emerytalny. Prof. Bugaj: Trend jest odwrotny, ale zmiany w Polsce były zbyt radykalne;1;http://www.wprost.pl/ar/502689/Duda-chce-obnizyc-wiek-emerytalny-Prof-Bugaj-Trend-jest-odwrotny-ale-zmiany-w-Polsce-byly-zbyt-radykalne/
2015-04-21;http://www.onet.pl/;Stanislaw Tyminski udzielil poparcia jednemu z kandydatów w wyborach prezydenckich;2;http://wiadomosci.onet.pl/tylko-w-onecie/stan-tyminski-udzielil-poparcia-marianowi-kowalskiemu-w-wyborach-prezydenckich/qcb2rb
2015-04-21;http://www.onet.pl/;Duda znalazl winnego skandalu na Narodowym;2;http://eurosport.onet.pl/zuzel/grandprix/andrzej-duda-to-platforma-obywatelska-jest-winna-skandalowi-podczas-grand-prix-na/t4wq12
2015-04-21;http://www.onet.pl/;Nieznane fakty o Andrzeju Dudzie;2;http://wiadomosci.onet.pl/tylko-w-onecie/andrzej-duda-bierny-ale-wierny/fml0cv
2015-04-21;http://www.newsweek.pl/;Wchodzisz do sklepu i slyszysz szept: To twój syn zabil w Smolensku prezydenta;4;http://polska.newsweek.pl/katastrofa-smolenska-rodzice-kapitana-protasiuka-ktory-lecial-tu-154,artykuly,361472,1.html
2015-04-21;http://www.newsweek.pl/;Wybory prezydenckie: Co z ta frekwencja?;2;http://polska.newsweek.pl/jaki-bedzie-wynik-wyborow-prezydenckich-10-maja-sprawdzcie-sondaze,artykuly,361450,1.html
2015-04-21;http://www.tvn24.pl/;OdtwÃ³rz: PiS: Prezydent nie zaskarÅ¼yÅ<U+0082> konwencji antyprzemocowej do TK. WiÄ<U+0099>c my to zrobimy;3;http://www.tvn24.pl/pis-skarzy-konwencje-antyprzemocowa-do-trybunalu-konstytucyjnego,535276,s.html#autoplay
2015-04-21;http://www.tvn24.pl/;PiS: Prezydent nie zaskarÅ¼yÅ<U+0082> konwencji antyprzemocowej do TK. WiÄ<U+0099>c my to zrobimy;3;http://www.tvn24.pl/pis-skarzy-konwencje-antyprzemocowa-do-trybunalu-konstytucyjnego,535276,s.html
2015-04-21;http://www.tvn24.pl/;Obalony prezydent Egiptu skazany. Trafi na 20 lat do wiÄ<U+0099>zienia;3;http://www.tvn24.pl/mohammed-mursi-skazany-na-20-lat-wiezienia,535283,s.html
2015-04-21;http://www.tvn24.pl/;PiS: Prezydent nie zaskarÅ¼yÅ<U+0082> konwencji antyprzemocowej do TK. WiÄ<U+0099>c my to zrobimy;2;http://www.tvn24.pl/pis-prezydent-nie-zaskarzyl-konwencji-antyprzemocowej-do-tk-wiec-my-to-zrobimy,535276,s.html
2015-04-21;http://www.tvn24.pl/;Obalony prezydent Egiptu skazany. Trafi na 20 lat do wiÄ<U+0099>zienia;2;http://www.tvn24.pl/obalony-prezydent-egiptu-skazany-trafi-na-20-lat-do-wiezienia,535283,s.html
2015-04-21;http://www.tvn24.pl/;OdtwÃ³rz: PiS: Prezydent nie zaskarÅ¼yÅ<U+0082> konwencji antyprzemocowej do TK. WiÄ<U+0099>c my to zrobimy;1;http://www.tvn24.pl/pis-skarzy-konwencje-antyprzemocowa-do-trybunalu-konstytucyjnego,535276,s.html#autoplay
2015-04-21;http://www.tvn24.pl/;PiS: Prezydent nie zaskarÅ¼yÅ<U+0082> konwencji antyprzemocowej do TK. WiÄ<U+0099>c my to zrobimy;1;http://www.tvn24.pl/pis-skarzy-konwencje-antyprzemocowa-do-trybunalu-konstytucyjnego,535276,s.html
2015-04-21;http://www.tvn24.pl/;Obalony prezydent Egiptu skazany. Trafi na 20 lat do wiÄ<U+0099>zienia;1;http://www.tvn24.pl/mohammed-mursi-skazany-na-20-lat-wiezienia,535283,s.html
2015-04-21;http://natemat.pl/;Wanda Nowicka;2;http://wandanowicka.natemat.pl/
2015-04-21;http://natemat.pl/;Prezes ma zastrzezenia do kampanii Dudy?  Oceniam ja jako dobra, choc moze byc lepiej;1;http://natemat.pl/140243,jaroslaw-kaczynski-ma-zastrzezenia-do-kampanii-dudy-oceniam-ja-jako-dobra-choc-moze-byc-lepiej
2015-04-21;http://natemat.pl/;Komorowski walczy o mlodych. W nowych spotach grafficiarz i dziecko przekonuja do  zgody i bezpieczenstwa;1;http://natemat.pl/140235,komorowski-walczy-o-mlodych-w-dwoch-nowych-spotach-grafficiarz-i-dziecko-przekonuja-do-zgody-i-bezpieczenstwa
2015-04-21;http://www.dziennik.pl;Zrobię z nimi porządek . Palikot poszedł do PiS...;2;http://wiadomosci.dziennik.pl/wybory-prezydenckie/artykuly/488479,nowe-haslo-wyborcze-janusza-palikota-zrobie-z-nimi-porzadek.html
2015-04-21;http://www.dziennik.pl;PKW ostrzega przed wpadką. Nie chodzi o system do liczenia głosów;2;http://wiadomosci.dziennik.pl/wybory-prezydenckie/artykuly/488463,wybory-prezydenckie-2015-pkw-glosy-policzy-recznie-system-informatyczny-przetestuje.html
2015-04-21;http://wyborcza.pl/0,0.html?piano_d=1;Co pan sądzi o wykorzystywaniu pieniędzy SKOK-owiczów na promocję polityczną PiS-u? 10 PYTAŃ DO DUDY;3;http://wyborcza.pl/1,143644,17786570,Swiecicki_pyta_Dude_o_SKOK_i.html
2015-04-21;http://wyborcza.pl/0,0.html?piano_d=1;Faszyzm w eterze. Czyli czym Grzegorz Braun częstował słuchaczy TOK FM;3;http://wyborcza.pl/1,143644,17786705,Faszyzm_w_eterze.html
2015-04-21;http://www.wp.pl;Polacy wystawili ocene Komorowskiemu. Najnowszy sondaz;3;http://wiadomosci.wp.pl/kat,1342,title,TNS-Polska-wzrosly-notowania-Bronislawa-Komorowskiego-i-Ewy-Kopacz,wid,17471805,wiadomosc.html
2015-04-21;http://www.wp.pl;Hanna Lis zaliczyla wpadke na wizji. Kukiz zupelnie ja zaskoczyl;3;http://teleshow.wp.pl/title,Hann-Lis-zaliczyla-wpadke-na-wizji-Kukiz-obnazyl-jej-niewiedze,tpl,3,wid,17471398,wiadomosc.html
2015-04-21;http://www.wp.pl;4 godz.Polemika posl�w PO i PiS. Poszlo o wypowiedz Dudy;2;http://wiadomosci.wp.pl/kat,1342,title,Polemika-poslow-PO-i-PiS-Duda-jest-zwolennikiem-zwalczania-wszelkich-form-przemocy,wid,17471711,wiadomosc.html
2015-04-21;http://www.wp.pl;Janusz Korwin-Mikke: zagonię Ewę Kopacz do roboty;1;/kat,140394,title,Janusz-Korwin-Mikke-zagonie-Ewe-Kopacz-do-roboty,wid,17472341,wiadomosc.html
2015-04-21;http://www.wp.pl;TNS Polska: wzrosły notowania Bronisława Komorowskiego i Ewy Kopacz;1;/kat,140394,title,TNS-Polska-wzrosly-notowania-Bronislawa-Komorowskiego-i-Ewy-Kopacz,wid,17471805,wiadomosc.html
2015-04-21;http://www.wp.pl;Andrzej Duda: Polska potrzebuje zmiany władzy, by państwo można było naprawiać;1;/kat,140394,title,Andrzej-Duda-Polska-potrzebuje-zmiany-wladzy-by-panstwo-mozna-bylo-naprawiac,wid,17469576,wiadomosc.html
2015-04-21;http://www.wprost.pl/;Nie udzielę poparcia ani Komorowskiemu ani Dudzie. Obydwaj byli w Unii Wolności;3;http://www.wprost.pl/ar/503516/Nie-udziele-poparcia-ani-Komorowskiemu-ani-Dudzie-Obydwaj-byli-w-Unii-Wolnosci/
2015-04-21;http://www.wprost.pl/;Nie udzielę poparcia ani Komorowskiemu ani Dudzie. Obydwaj byli w Unii Wolności;2;http://www.wprost.pl/ar/503516/Nie-udziele-poparcia-ani-Komorowskiemu-ani-Dudzie-Obydwaj-byli-w-Unii-Wolnosci/
2015-04-21;http://www.wprost.pl/;Duda chce obniżyć wiek emerytalny. Prof. Bugaj: Trend jest odwrotny, ale zmiany w Polsce były zbyt radykalne;1;http://www.wprost.pl/ar/502689/Duda-chce-obnizyc-wiek-emerytalny-Prof-Bugaj-Trend-jest-odwrotny-ale-zmiany-w-Polsce-byly-zbyt-radykalne/
2015-04-21;http://www.onet.pl/;Korwin-Mikke: zagonie pania Kopacz do roboty;2;http://wiadomosci.onet.pl/kraj/korwin-mikke-zagonie-pania-kopacz-do-roboty/0j3m0d
2015-04-21;http://www.onet.pl/;Duda znalazl winnego skandalu na Narodowym;2;http://eurosport.onet.pl/zuzel/grandprix/andrzej-duda-to-platforma-obywatelska-jest-winna-skandalowi-podczas-grand-prix-na/t4wq12
2015-04-21;http://www.onet.pl/;Nieznane fakty o Andrzeju Dudzie;2;http://wiadomosci.onet.pl/tylko-w-onecie/andrzej-duda-bierny-ale-wierny/fml0cv
2015-04-21;http://www.newsweek.pl/;Wchodzisz do sklepu i slyszysz szept: To twój syn zabil w Smolensku prezydenta;2;http://polska.newsweek.pl/katastrofa-smolenska-rodzice-kapitana-protasiuka-ktory-lecial-tu-154,artykuly,361472,1.html
2015-04-21;http://www.newsweek.pl/;Wybory prezydenckie: Co z ta frekwencja?;2;http://polska.newsweek.pl/jaki-bedzie-wynik-wyborow-prezydenckich-10-maja-sprawdzcie-sondaze,artykuly,361450,1.html
2015-04-21;http://www.tvn24.pl/;ZawrÃ³cony samolot prezydenta. Przez rozlanÄ<U+0085> kawÄ<U+0099>;3;http://www.tvn24.pl/tomislav-nikolic-musial-zawrocic-przez-rozlana-kawe,535396,s.html
2015-04-21;http://www.tvn24.pl/;ZawrÃ³cony samolot prezydenta. Przez rozlanÄ<U+0085> kawÄ<U+0099>;2;http://www.tvn24.pl/zawrocony-samolot-prezydenta-przez-rozlana-kawe,535396,s.html
2015-04-21;http://www.tvn24.pl/;ZawrÃ³cony samolot prezydenta. Przez rozlanÄ<U+0085> kawÄ<U+0099>;1;http://www.tvn24.pl/tomislav-nikolic-musial-zawrocic-przez-rozlana-kawe,535396,s.html
2015-04-21;http://natemat.pl/;Maciej Kowalski;3;http://maciejkowalski.natemat.pl/
2015-04-21;http://natemat.pl/;Wanda Nowicka;2;http://wandanowicka.natemat.pl/
2015-04-21;http://www.dziennik.pl;Komornik w muzeum prezydenta RP. Nie płacili czynszu;2;http://wiadomosci.dziennik.pl/polityka/artykuly/488481,komornik-w-muzeum-prezydenta-kaczorowskiego.html
2015-04-21;http://www.dziennik.pl;Zrobię z nimi porządek . Palikot poszedł do PiS...;2;http://wiadomosci.dziennik.pl/wybory-prezydenckie/artykuly/488479,nowe-haslo-wyborcze-janusza-palikota-zrobie-z-nimi-porzadek.html
2015-04-21;http://wyborcza.pl/0,0.html?piano_d=1;Co pan sądzi o wykorzystywaniu pieniędzy SKOK-owiczów na promocję polityczną PiS-u? 10 PYTAŃ DO DUDY;3;http://wyborcza.pl/1,143644,17786570,Swiecicki_pyta_Dude_o_SKOK_i.html
2015-04-21;http://wyborcza.pl/0,0.html?piano_d=1;Faszyzm w eterze. Czyli czym Grzegorz Braun częstował słuchaczy TOK FM;3;http://wyborcza.pl/1,143644,17786705,Faszyzm_w_eterze.html
