"date";"portal";"title";"position";"link"
2015-04-09;http://www.tvp.info/;Prezydent: Polska nie uchylalaby sie od udzialu w operacji pokojowej na Ukrainie;2;http://www.tvp.info.pl/19578890/prezydent-polska-nie-uchylalaby-sie-od-udzialu-w-operacji-pokojowej-na-ukrainie
2015-04-09;http://www.wp.pl;Tragiczna smierc 25-letniego aktora. Andrzej Nardelli nie mial najmniejszych szans;3;http://film.wp.pl/idGallery,15980,idPhoto,421801,title,Andrzej-Nardelli-Jego-monolog-okazal-sie-proroczy,galeria.html
2015-04-09;http://www.wp.pl;5-latka namieszala w swiecie mody. To pierwsza taka kampania;3;http://dzieci.pl/kat,1033939,title,5-letnia-Pakistanka-w-kampanii-Burberry,wid,17430333,wiadomosc.html
2015-04-09;http://www.wprost.pl/;Kłopotek: Związki Komorowskiego z WSI musiały istnieć;1;http://www.wprost.pl/ar/501115/Klopotek-Zwiazki-Komorowskiego-z-WSI-musialy-istniec/
2015-04-09;http://www.wprost.pl/;Kłopotek, Kurski i Tyszkiewicz o matce Dudy. "Czepianie się matki, że pomaga dziecku, jest niskie";1;http://www.wprost.pl/ar/500952/Klopotek-Kurski-i-Tyszkiewicz-o-matce-Dudy-Czepianie-sie-matki-ze-pomaga-dziecku-jest-niskie/
2015-04-09;http://www.tvn24.pl/;ByÅ<U+0082> bezkompromisowy . LeszczyÅ<U+0084>skiego Å¼egnajÄ<U+0085> Owsiak, Palikot, Lizut i Terlikowski;3;/wiadomosci-z-kraju,3/byl-bezkompromisowy-leszczynskiego-zegnaja-owsiak-palikot-lizut-i-terlikowski,529740.html
2015-04-09;http://www.tvn24.pl/;CÃ³rka zablokowaÅ<U+0082>a ojca. Le Pen nie wystartuje   w wyborach;3;http://www.tvn24.pl/jean-marie-le-pen-nie-wystartuje-w-wyborach,531477,s.html
2015-04-09;http://www.tvn24.pl/;Posiedzenie podkomisji ws. SKOK-Ã³w znÃ³w bez Andrzeja Dudy;2;http://www.tvn24.pl/wiadomosci-z-kraju,3/posiedzenie-podkomisji-ws-skok-ow-znow-bez-andrzeja-dudy,531682.html
2015-04-09;http://www.tvn24.pl/;CÃ³rka zablokowaÅ<U+0082>a ojca. Le Pen nie wystartuje   w wyborach;2;http://www.tvn24.pl/corka-zablokowala-ojca-le-pen-nie-wystartuje-w-wyborach,531477,s.html
2015-04-09;http://www.tvn24.pl/;ByÅ<U+0082> bezkompromisowy . LeszczyÅ<U+0084>skiego Å¼egnajÄ<U+0085> Owsiak, Palikot, Lizut i Terlikowski;1;http://www.tvn24.pl/wiadomosci-z-kraju,3/byl-bezkompromisowy-leszczynskiego-zegnaja-owsiak-palikot-lizut-i-terlikowski,529740.html
2015-04-09;http://www.tvn24.pl/;CÃ³rka zablokowaÅ<U+0082>a ojca. Le Pen nie wystartuje   w wyborach;1;http://www.tvn24.pl/jean-marie-le-pen-nie-wystartuje-w-wyborach,531477,s.html
2015-04-09;http://natemat.pl/;Pawel Deresz do kandydatów na prezydenta: Lapy precz od tragedii smolenskiej;1;http://natemat.pl/138995,pawel-deresz-do-kandydatow-na-prezydenta-lapy-precz-od-tragedii-smolenskiej
2015-04-09;http://natemat.pl/;Andrzej Duda i in vitro;1;http://natemat.pl/138601,duda-i-in-vitro-poglady-jak-pawlowicz-dwa-lata-wiezenia-i-pochwaly-od-katolickich-fundamentoalistow
2015-04-09;http://natemat.pl/;Kolejna recenzja naukowa nie zostawia suchej nitki na doktoracie Magdaleny Ogórek;1;http://natemat.pl/138927,kolejna-recenzja-naukowa-miazdzy-doktorat-ogorek-cel-badawczy-zostal-sformulowany-w-sposob-niewlasciwy
2015-04-09;http://natemat.pl/;Ogórek slodzi Millerowi.  On jest wizjonerem, bardzo odwaznym politykiem;1;http://natemat.pl/139001,ogorek-slodzi-millerowi-on-jest-wizjonerem-bardzo-odwaznym-politykiem
2015-04-09;http://natemat.pl/;Apollo, banderowiec i kumpel Marleya. Kukiz kpil z burzy wokól jego wizerunku, ale szybko usunal nowe zdjecia;1;http://natemat.pl/139055,apollo-banderowiec-i-kolega-rasta-marley-a-kukiz-pokazuje-nowa-twarz-i-szybko-usuwa-zdjecia-z-sieci
2015-04-09;http://natemat.pl/;Janusz Palikot;1;http://januszpalikot.natemat.pl/
2015-04-09;http://www.dziennik.pl;Palikot: Kaczyński z Macierewiczem kłamią w sprawie Smoleńska;2;http://wiadomosci.dziennik.pl/polityka/artykuly/487396,palikot-kaczynski-z-macierewiczem-klamia-ws-smolenska.html
2015-04-09;http://www.dziennik.pl;Palikot: Kaczyński z Macierewiczem kłamią w sprawie Smoleńska;1;http://wiadomosci.dziennik.pl/polityka/artykuly/487396,palikot-kaczynski-z-macierewiczem-klamia-ws-smolenska.html
2015-04-09;http://www.dziennik.pl;Sejmowy transfer z PSL do SLD. A zaczynał od Ruchu Palikota;1;http://wiadomosci.dziennik.pl/polityka/artykuly/487370,sejmowy-transfer-z-psl-do-sld-artur-gorczynski.html
2015-04-09;http://wyborcza.pl/0,0.html?piano_d=1;Komorowski i Poroszenko w Kijowie: Gdy byliśmy razem, zwyciężaliśmy. Przegrywaliśmy osobno;2;http://wyborcza.pl/1,75477,17721553,Komorowski_i_Poroszenko_w_Kijowie__Gdy_bylismy_razem_.html
2015-04-09;http://wyborcza.pl/0,0.html?piano_d=1;Jarubas przeciw obniżaniu wieku emerytalnego. Z wyjątkami...;2;http://kielce.gazeta.pl/kielce/1,47262,17721435,Jarubas_przeciw_obnizaniu_wieku_emerytalnego__Z_wyjatkami___.html
2015-04-09;http://www.newsweek.pl/;Michalski: Kaczynski jako prezydent usilowal sie zabic trzykrotnie;3;http://opinie.newsweek.pl/katastrofa-smolenska-lech-kaczynski-usilowal-sie-zabic-trzy-razy,artykuly,360586,1.html
2015-04-09;http://www.tvp.info/;Prezydent: Polska nie uchylalaby sie od udzialu w operacji pokojowej na Ukrainie;2;http://www.tvp.info.pl/19578890/prezydent-polska-nie-uchylalaby-sie-od-udzialu-w-operacji-pokojowej-na-ukrainie
2015-04-09;http://www.wp.pl;Tragiczna smierc 25-letniego aktora. Andrzej Nardelli nie mial najmniejszych szans;3;http://film.wp.pl/idGallery,15980,idPhoto,421801,title,Andrzej-Nardelli-Jego-monolog-okazal-sie-proroczy,galeria.html
2015-04-09;http://www.wp.pl;5-latka namieszala w swiecie mody. To pierwsza taka kampania;3;http://dzieci.pl/kat,1033939,title,5-letnia-Pakistanka-w-kampanii-Burberry,wid,17430333,wiadomosc.html
2015-04-09;http://www.wprost.pl/;Kłopotek: Związki Komorowskiego z WSI musiały istnieć;1;http://www.wprost.pl/ar/501115/Klopotek-Zwiazki-Komorowskiego-z-WSI-musialy-istniec/
2015-04-09;http://www.wprost.pl/;Kłopotek, Kurski i Tyszkiewicz o matce Dudy. "Czepianie się matki, że pomaga dziecku, jest niskie";1;http://www.wprost.pl/ar/500952/Klopotek-Kurski-i-Tyszkiewicz-o-matce-Dudy-Czepianie-sie-matki-ze-pomaga-dziecku-jest-niskie/
2015-04-09;http://www.onet.pl/;Palikot donosi na Kaczynskiego i Macierewicza;2;http://wiadomosci.onet.pl/kraj/palikot-donosi-do-prokuratury-na-kaczynskiego-i-macierewicza/2ynzx4
2015-04-09;http://www.newsweek.pl/;Michalski: Kaczynski jako prezydent usilowal sie zabic trzykrotnie;3;http://opinie.newsweek.pl/katastrofa-smolenska-lech-kaczynski-usilowal-sie-zabic-trzy-razy,artykuly,360586,1.html
2015-04-09;http://www.tvn24.pl/;ByÅ<U+0082> bezkompromisowy . LeszczyÅ<U+0084>skiego Å¼egnajÄ<U+0085> Owsiak, Palikot, Lizut i Terlikowski;3;/wiadomosci-z-kraju,3/byl-bezkompromisowy-leszczynskiego-zegnaja-owsiak-palikot-lizut-i-terlikowski,529740.html
2015-04-09;http://www.tvn24.pl/;CÃ³rka zablokowaÅ<U+0082>a ojca. Le Pen nie wystartuje   w wyborach;3;http://www.tvn24.pl/jean-marie-le-pen-nie-wystartuje-w-wyborach,531477,s.html
2015-04-09;http://www.tvn24.pl/;Posiedzenie podkomisji ws. SKOK-Ã³w znÃ³w bez Andrzeja Dudy;2;http://www.tvn24.pl/wiadomosci-z-kraju,3/posiedzenie-podkomisji-ws-skok-ow-znow-bez-andrzeja-dudy,531682.html
2015-04-09;http://www.tvn24.pl/;CÃ³rka zablokowaÅ<U+0082>a ojca. Le Pen nie wystartuje   w wyborach;2;http://www.tvn24.pl/corka-zablokowala-ojca-le-pen-nie-wystartuje-w-wyborach,531477,s.html
2015-04-09;http://www.tvn24.pl/;ByÅ<U+0082> bezkompromisowy . LeszczyÅ<U+0084>skiego Å¼egnajÄ<U+0085> Owsiak, Palikot, Lizut i Terlikowski;1;http://www.tvn24.pl/wiadomosci-z-kraju,3/byl-bezkompromisowy-leszczynskiego-zegnaja-owsiak-palikot-lizut-i-terlikowski,529740.html
2015-04-09;http://www.tvn24.pl/;CÃ³rka zablokowaÅ<U+0082>a ojca. Le Pen nie wystartuje   w wyborach;1;http://www.tvn24.pl/jean-marie-le-pen-nie-wystartuje-w-wyborach,531477,s.html
2015-04-09;http://natemat.pl/;Pawel Deresz do kandydatów na prezydenta: Lapy precz od tragedii smolenskiej;1;http://natemat.pl/138995,pawel-deresz-do-kandydatow-na-prezydenta-lapy-precz-od-tragedii-smolenskiej
2015-04-09;http://natemat.pl/;Andrzej Duda i in vitro;1;http://natemat.pl/138601,duda-i-in-vitro-poglady-jak-pawlowicz-dwa-lata-wiezenia-i-pochwaly-od-katolickich-fundamentoalistow
2015-04-09;http://natemat.pl/;Kolejna recenzja naukowa nie zostawia suchej nitki na doktoracie Magdaleny Ogórek;1;http://natemat.pl/138927,kolejna-recenzja-naukowa-miazdzy-doktorat-ogorek-cel-badawczy-zostal-sformulowany-w-sposob-niewlasciwy
2015-04-09;http://natemat.pl/;Ogórek slodzi Millerowi.  On jest wizjonerem, bardzo odwaznym politykiem;1;http://natemat.pl/139001,ogorek-slodzi-millerowi-on-jest-wizjonerem-bardzo-odwaznym-politykiem
2015-04-09;http://natemat.pl/;Apollo, banderowiec i kumpel Marleya. Kukiz kpil z burzy wokól jego wizerunku, ale szybko usunal nowe zdjecia;1;http://natemat.pl/139055,apollo-banderowiec-i-kolega-rasta-marley-a-kukiz-pokazuje-nowa-twarz-i-szybko-usuwa-zdjecia-z-sieci
2015-04-09;http://natemat.pl/;Janusz Palikot;1;http://januszpalikot.natemat.pl/
2015-04-09;http://www.dziennik.pl;Palikot: Kaczyński z Macierewiczem kłamią w sprawie Smoleńska;2;http://wiadomosci.dziennik.pl/polityka/artykuly/487396,palikot-kaczynski-z-macierewiczem-klamia-ws-smolenska.html
2015-04-09;http://www.dziennik.pl;Palikot: Kaczyński z Macierewiczem kłamią w sprawie Smoleńska;1;http://wiadomosci.dziennik.pl/polityka/artykuly/487396,palikot-kaczynski-z-macierewiczem-klamia-ws-smolenska.html
2015-04-09;http://www.dziennik.pl;Sejmowy transfer z PSL do SLD. A zaczynał od Ruchu Palikota;1;http://wiadomosci.dziennik.pl/polityka/artykuly/487370,sejmowy-transfer-z-psl-do-sld-artur-gorczynski.html
2015-04-09;http://wyborcza.pl/0,0.html?piano_d=1;PiS chce zrobić z Dudy młodego Lecha Kaczyńskiego;3;http://wyborcza.pl/1,75968,17721007,Komorowski_pod_reke_z_Prometeuszem.html
2015-04-09;http://www.tvp.info/;Prezydent: Polska nie uchylalaby sie od udzialu w operacji pokojowej na Ukrainie;2;http://www.tvp.info.pl/19578890/prezydent-polska-nie-uchylalaby-sie-od-udzialu-w-operacji-pokojowej-na-ukrainie
2015-04-09;http://www.wp.pl;Tragiczna smierc 25-letniego aktora. Andrzej Nardelli nie mial najmniejszych szans;3;http://film.wp.pl/idGallery,15980,idPhoto,421801,title,Andrzej-Nardelli-Jego-monolog-okazal-sie-proroczy,galeria.html
2015-04-09;http://www.wp.pl;5-latka namieszala w swiecie mody. To pierwsza taka kampania;3;http://dzieci.pl/kat,1033939,title,5-letnia-Pakistanka-w-kampanii-Burberry,wid,17430333,wiadomosc.html
2015-04-09;http://www.wprost.pl/;Kłopotek: Związki Komorowskiego z WSI musiały istnieć;1;http://www.wprost.pl/ar/501115/Klopotek-Zwiazki-Komorowskiego-z-WSI-musialy-istniec/
2015-04-09;http://www.wprost.pl/;Kłopotek, Kurski i Tyszkiewicz o matce Dudy. "Czepianie się matki, że pomaga dziecku, jest niskie";1;http://www.wprost.pl/ar/500952/Klopotek-Kurski-i-Tyszkiewicz-o-matce-Dudy-Czepianie-sie-matki-ze-pomaga-dziecku-jest-niskie/
2015-04-09;http://www.onet.pl/;Palikot donosi na Kaczynskiego i Macierewicza;2;http://wiadomosci.onet.pl/kraj/palikot-donosi-do-prokuratury-na-kaczynskiego-i-macierewicza/2ynzx4
2015-04-09;http://www.newsweek.pl/;Michalski: Kaczynski jako prezydent usilowal sie zabic trzykrotnie;3;http://opinie.newsweek.pl/katastrofa-smolenska-lech-kaczynski-usilowal-sie-zabic-trzy-razy,artykuly,360586,1.html
2015-04-09;http://www.tvn24.pl/;ByÅ<U+0082> bezkompromisowy . LeszczyÅ<U+0084>skiego Å¼egnajÄ<U+0085> Owsiak, Palikot, Lizut i Terlikowski;3;/wiadomosci-z-kraju,3/byl-bezkompromisowy-leszczynskiego-zegnaja-owsiak-palikot-lizut-i-terlikowski,529740.html
2015-04-09;http://www.tvn24.pl/;CÃ³rka zablokowaÅ<U+0082>a ojca. Le Pen nie wystartuje   w wyborach;3;http://www.tvn24.pl/jean-marie-le-pen-nie-wystartuje-w-wyborach,531477,s.html
2015-04-09;http://www.tvn24.pl/;Posiedzenie podkomisji ws. SKOK-Ã³w znÃ³w bez Andrzeja Dudy;2;http://www.tvn24.pl/wiadomosci-z-kraju,3/posiedzenie-podkomisji-ws-skok-ow-znow-bez-andrzeja-dudy,531682.html
2015-04-09;http://www.tvn24.pl/;CÃ³rka zablokowaÅ<U+0082>a ojca. Le Pen nie wystartuje   w wyborach;2;http://www.tvn24.pl/corka-zablokowala-ojca-le-pen-nie-wystartuje-w-wyborach,531477,s.html
2015-04-09;http://www.tvn24.pl/;ByÅ<U+0082> bezkompromisowy . LeszczyÅ<U+0084>skiego Å¼egnajÄ<U+0085> Owsiak, Palikot, Lizut i Terlikowski;1;http://www.tvn24.pl/wiadomosci-z-kraju,3/byl-bezkompromisowy-leszczynskiego-zegnaja-owsiak-palikot-lizut-i-terlikowski,529740.html
2015-04-09;http://www.tvn24.pl/;CÃ³rka zablokowaÅ<U+0082>a ojca. Le Pen nie wystartuje   w wyborach;1;http://www.tvn24.pl/jean-marie-le-pen-nie-wystartuje-w-wyborach,531477,s.html
2015-04-09;http://natemat.pl/;Pawel Deresz do kandydatów na prezydenta: Lapy precz od tragedii smolenskiej;1;http://natemat.pl/138995,pawel-deresz-do-kandydatow-na-prezydenta-lapy-precz-od-tragedii-smolenskiej
2015-04-09;http://natemat.pl/;Andrzej Duda i in vitro;1;http://natemat.pl/138601,duda-i-in-vitro-poglady-jak-pawlowicz-dwa-lata-wiezenia-i-pochwaly-od-katolickich-fundamentoalistow
2015-04-09;http://natemat.pl/;Kolejna recenzja naukowa nie zostawia suchej nitki na doktoracie Magdaleny Ogórek;1;http://natemat.pl/138927,kolejna-recenzja-naukowa-miazdzy-doktorat-ogorek-cel-badawczy-zostal-sformulowany-w-sposob-niewlasciwy
2015-04-09;http://natemat.pl/;Ogórek slodzi Millerowi.  On jest wizjonerem, bardzo odwaznym politykiem;1;http://natemat.pl/139001,ogorek-slodzi-millerowi-on-jest-wizjonerem-bardzo-odwaznym-politykiem
2015-04-09;http://natemat.pl/;Apollo, banderowiec i kumpel Marleya. Kukiz kpil z burzy wokól jego wizerunku, ale szybko usunal nowe zdjecia;1;http://natemat.pl/139055,apollo-banderowiec-i-kolega-rasta-marley-a-kukiz-pokazuje-nowa-twarz-i-szybko-usuwa-zdjecia-z-sieci
2015-04-09;http://natemat.pl/;Janusz Palikot;1;http://januszpalikot.natemat.pl/
2015-04-09;http://www.dziennik.pl;Palikot: Kaczyński z Macierewiczem kłamią w sprawie Smoleńska;2;http://wiadomosci.dziennik.pl/polityka/artykuly/487396,palikot-kaczynski-z-macierewiczem-klamia-ws-smolenska.html
2015-04-09;http://www.dziennik.pl;Palikot: Kaczyński z Macierewiczem kłamią w sprawie Smoleńska;1;http://wiadomosci.dziennik.pl/polityka/artykuly/487396,palikot-kaczynski-z-macierewiczem-klamia-ws-smolenska.html
2015-04-09;http://www.dziennik.pl;Sejmowy transfer z PSL do SLD. A zaczynał od Ruchu Palikota;1;http://wiadomosci.dziennik.pl/polityka/artykuly/487370,sejmowy-transfer-z-psl-do-sld-artur-gorczynski.html
2015-04-09;http://wyborcza.pl/0,0.html?piano_d=1;PiS chce zrobić z Dudy młodego Lecha Kaczyńskiego;3;http://wyborcza.pl/1,75968,17721007,Komorowski_pod_reke_z_Prometeuszem.html
2015-04-09;http://www.tvp.info/;Prezydent: Polska nie uchylalaby sie od udzialu w operacji pokojowej na Ukrainie;2;http://www.tvp.info.pl/19578890/prezydent-polska-nie-uchylalaby-sie-od-udzialu-w-operacji-pokojowej-na-ukrainie
2015-04-09;http://www.wp.pl;Andrzej Jaworski z PiS: dziennikarze dali sie wciagnac w prowokacje;3;http://wiadomosci.wp.pl/kat,1027139,title,Andrzej-Jaworski-dziennikarze-dali-sie-wciagnac-w-prowokacje,wid,17432732,wiadomosc.html
2015-04-09;http://www.wp.pl;Tragiczna smierc 25-letniego aktora. Andrzej Nardelli nie mial najmniejszych szans;3;http://film.wp.pl/idGallery,15980,idPhoto,421801,title,Andrzej-Nardelli-Jego-monolog-okazal-sie-proroczy,galeria.html
2015-04-09;http://www.wp.pl;5-latka namieszala w swiecie mody. To pierwsza taka kampania;3;http://dzieci.pl/kat,1033939,title,5-letnia-Pakistanka-w-kampanii-Burberry,wid,17430333,wiadomosc.html
2015-04-09;http://www.wprost.pl/;Kłopotek: Związki Komorowskiego z WSI musiały istnieć;1;http://www.wprost.pl/ar/501115/Klopotek-Zwiazki-Komorowskiego-z-WSI-musialy-istniec/
2015-04-09;http://www.onet.pl/;Juz dzis historyczne przemówienie Komorowskiego;2;http://wiadomosci.onet.pl/swiat/bronislaw-komorowski-z-wizyta-na-ukrainie/pp6zv2
2015-04-09;http://www.tvn24.pl/;Prezydent Czech jedzie do Moskwy;3;http://www.tvn24.pl/parada-w-moskwie-premier-czech-popiera-wyjazd-prezydenta-do-moskwy,531690,s.html
2015-04-09;http://www.tvn24.pl/;Kowalski dÅ<U+0082>uÅ¼ej przetrwa bez pracy;3;http://tvn24bis.pl/redirect/domowe-budzety-w-coraz-lepszej-kondycji,531698.html
2015-04-09;http://www.tvn24.pl/;ByÅ<U+0082> bezkompromisowy . LeszczyÅ<U+0084>skiego Å¼egnajÄ<U+0085> Owsiak, Palikot, Lizut i Terlikowski;3;/wiadomosci-z-kraju,3/byl-bezkompromisowy-leszczynskiego-zegnaja-owsiak-palikot-lizut-i-terlikowski,529740.html
2015-04-09;http://www.tvn24.pl/;Le Pen nie wystartuje w wyborach;3;http://www.tvn24.pl/jean-marie-le-pen-nie-wystartuje-w-wyborach,531477,s.html
2015-04-09;http://www.tvn24.pl/;Kowalski dÅ<U+0082>uÅ¼ej przetrwa bez pracy. Ma wiÄ<U+0099>cej  na czarnÄ<U+0085> godzinÄ<U+0099>;2;http://tvn24bis.pl/redirect/kowalski-dluzej-przetrwa-bez-pracy-ma-wiecej-na-czarna-godzine,531698.html
2015-04-09;http://www.tvn24.pl/;Prezydent Czech jedzie do Moskwy;2;http://www.tvn24.pl/prezydent-czech-jedzie-do-moskwy,531690,s.html
2015-04-09;http://www.tvn24.pl/;Kowalski dÅ<U+0082>uÅ¼ej przetrwa bez pracy;2;http://tvn24bis.pl/redirect/kowalski-dluzej-przetrwa-bez-pracy,531698.html
2015-04-09;http://www.tvn24.pl/;Le Pen nie wystartuje w wyborach;2;http://www.tvn24.pl/le-pen-nie-wystartuje-w-wyborach,531477,s.html
2015-04-09;http://www.tvn24.pl/;Prezydent Czech jedzie do Moskwy;1;http://www.tvn24.pl/parada-w-moskwie-premier-czech-popiera-wyjazd-prezydenta-do-moskwy,531690,s.html
2015-04-09;http://www.tvn24.pl/;Kowalski dÅ<U+0082>uÅ¼ej przetrwa bez pracy;1;http://tvn24bis.pl/redirect/domowe-budzety-w-coraz-lepszej-kondycji,531698.html
2015-04-09;http://www.tvn24.pl/;ByÅ<U+0082> bezkompromisowy . LeszczyÅ<U+0084>skiego Å¼egnajÄ<U+0085> Owsiak, Palikot, Lizut i Terlikowski;1;http://www.tvn24.pl/wiadomosci-z-kraju,3/byl-bezkompromisowy-leszczynskiego-zegnaja-owsiak-palikot-lizut-i-terlikowski,529740.html
2015-04-09;http://www.tvn24.pl/;Le Pen nie wystartuje w wyborach;1;http://www.tvn24.pl/jean-marie-le-pen-nie-wystartuje-w-wyborach,531477,s.html
2015-04-09;http://natemat.pl/;Bronislaw Komorowski w Kijowie: Polska wzielaby udzial w misji pokojowej ONZ na Ukrainie;4;http://natemat.pl/139087,bronislaw-komorowski-w-kijowie-polska-wzielaby-udzial-w-misji-pokojowej-onz-na-ukrainie
2015-04-09;http://natemat.pl/;Pawel Deresz do kandydatów na prezydenta: Lapy precz od tragedii smolenskiej;1;http://natemat.pl/138995,pawel-deresz-do-kandydatow-na-prezydenta-lapy-precz-od-tragedii-smolenskiej
2015-04-09;http://natemat.pl/;Andrzej Duda i in vitro;1;http://natemat.pl/138601,duda-i-in-vitro-poglady-jak-pawlowicz-dwa-lata-wiezenia-i-pochwaly-od-katolickich-fundamentoalistow
2015-04-09;http://natemat.pl/;Kolejna recenzja naukowa nie zostawia suchej nitki na doktoracie Magdaleny Ogórek;1;http://natemat.pl/138927,kolejna-recenzja-naukowa-miazdzy-doktorat-ogorek-cel-badawczy-zostal-sformulowany-w-sposob-niewlasciwy
2015-04-09;http://natemat.pl/;Ogórek slodzi Millerowi.  On jest wizjonerem, bardzo odwaznym politykiem;1;http://natemat.pl/139001,ogorek-slodzi-millerowi-on-jest-wizjonerem-bardzo-odwaznym-politykiem
2015-04-09;http://natemat.pl/;Apollo, banderowiec i kumpel Marleya. Kukiz kpil z burzy wokól jego wizerunku, ale szybko usunal nowe zdjecia;1;http://natemat.pl/139055,apollo-banderowiec-i-kolega-rasta-marley-a-kukiz-pokazuje-nowa-twarz-i-szybko-usuwa-zdjecia-z-sieci
2015-04-09;http://natemat.pl/;Janusz Palikot;1;http://januszpalikot.natemat.pl/
2015-04-09;http://www.dziennik.pl;Palikot: Kaczyński z Macierewiczem kłamią w sprawie Smoleńska;1;http://wiadomosci.dziennik.pl/polityka/artykuly/487396,palikot-kaczynski-z-macierewiczem-klamia-ws-smolenska.html
2015-04-09;http://www.dziennik.pl;Sejmowy transfer z PSL do SLD. A zaczynał od Ruchu Palikota;1;http://wiadomosci.dziennik.pl/polityka/artykuly/487370,sejmowy-transfer-z-psl-do-sld-artur-gorczynski.html
2015-04-09;http://wyborcza.pl/0,0.html?piano_d=1;PiS chce zrobić z Dudy młodego Lecha Kaczyńskiego;3;http://wyborcza.pl/1,75968,17721007,Komorowski_pod_reke_z_Prometeuszem.html
2015-04-09;http://www.tvp.info/;Historyczne wystapienie Komorowskiego w Werchownej Radzie. „Nie mozna nie dostrzegac, ze na Ukrainie sa zolnierze agresora”;4;http://www.tvp.info.pl/19589373/historyczne-wystapienie-komorowskiego-w-werchownej-radzie-nie-mozna-nie-dostrzegac-ze-na-ukrainie-sa-zolnierze-agresora
2015-04-09;http://www.wp.pl;Tragiczna smierc 25-letniego aktora. Andrzej Nardelli nie mial najmniejszych szans;3;http://film.wp.pl/idGallery,15980,idPhoto,421801,title,Andrzej-Nardelli-Jego-monolog-okazal-sie-proroczy,galeria.html
2015-04-09;http://www.wp.pl;5-latka namieszala w swiecie mody. To pierwsza taka kampania;3;http://dzieci.pl/kat,1033939,title,5-letnia-Pakistanka-w-kampanii-Burberry,wid,17430333,wiadomosc.html
2015-04-09;http://www.wprost.pl/;Komorowski: Polska podaje rękę Ukrainie. Za waszą i naszą wolność!;2;http://www.wprost.pl/ar/501769/Komorowski-Polska-podaje-reke-Ukrainie-Za-wasza-i-nasza-wolnosc/
2015-04-09;http://www.wprost.pl/;Jarubas: Rząd zawierzył stronie rosyjskiej. To był błąd;2;http://www.wprost.pl/ar/501760/Jarubas-Rzad-zawierzyl-stronie-rosyjskiej-To-byl-blad/
2015-04-09;http://www.wprost.pl/;Kłopotek: Związki Komorowskiego z WSI musiały istnieć;1;http://www.wprost.pl/ar/501115/Klopotek-Zwiazki-Komorowskiego-z-WSI-musialy-istniec/
2015-04-09;http://www.onet.pl/;Bronislaw Komorowski: na to klamstwo oczy zamykac moga jedynie slepcy;2;http://wiadomosci.onet.pl/swiat/bronislaw-komorowski-polska-podaje-reke-ukrainie/v50g72
2015-04-09;http://www.onet.pl/;Kukiz: jestem coraz slabszy, ale musze próbowac;2;http://wiadomosci.onet.pl/kraj/pawel-kukiz-jestem-juz-coraz-slabszy-ale-musze-probowac/2s9bxx
2015-04-09;http://www.tvn24.pl/;Jarubas: paÅ<U+0084>stwo nie zdaÅ<U+0082>o egzaminu   ws. katastrofy smoleÅ<U+0084>skiej;3;http://www.tvn24.pl/adam-jarubas-o-katastrofie-smolenskiej,531719,s.html
2015-04-09;http://www.tvn24.pl/;Odtwórz: Jarubas: paÅ<U+0084>stwo nie zdaÅ<U+0082>o egzaminu   ws. katastrofy smoleÅ<U+0084>skiej;3;http://www.tvn24.pl/adam-jarubas-o-katastrofie-smolenskiej,531719,s.html#autoplay
2015-04-09;http://www.tvn24.pl/;Afera Dudy ? PO: niech zawiesi kampaniÄ<U+0099>  i czÅ<U+0082>onkostwo w partii. PiS: to hucpa;3;/wiadomosci-z-kraju,3/afera-dudy-po-niech-zawiesi-kampanie-i-czlonkostwo-w-partii-pis-to-hucpa,528137.html
2015-04-09;http://www.tvn24.pl/;To nie problem Dudy . KaczyÅ<U+0084>ski o SKOK-ach, WSI i Komorowskim;3;/wiadomosci-z-kraju,3/to-nie-problem-dudy-kaczynski-o-skok-ach-wsi-i-komorowskim,528515.html
2015-04-09;http://www.tvn24.pl/;Prezydent Czech jedzie do Moskwy;3;http://www.tvn24.pl/parada-w-moskwie-premier-czech-popiera-wyjazd-prezydenta-do-moskwy,531690,s.html
2015-04-09;http://www.tvn24.pl/;Kowalski dÅ<U+0082>uÅ¼ej przetrwa bez pracy;3;http://tvn24bis.pl/redirect/domowe-budzety-w-coraz-lepszej-kondycji,531698.html
2015-04-09;http://www.tvn24.pl/;odtwÃ³rz: Kowalski dÅ<U+0082>uÅ¼ej przetrwa bez pracy;3;http://tvn24bis.pl/redirect/domowe-budzety-w-coraz-lepszej-kondycji,531698.html#autoplay
2015-04-09;http://www.tvn24.pl/;ByÅ<U+0082> bezkompromisowy . LeszczyÅ<U+0084>skiego Å¼egnajÄ<U+0085> Owsiak, Palikot, Lizut i Terlikowski;3;/wiadomosci-z-kraju,3/byl-bezkompromisowy-leszczynskiego-zegnaja-owsiak-palikot-lizut-i-terlikowski,529740.html
2015-04-09;http://www.tvn24.pl/;Kowalski dÅ<U+0082>uÅ¼ej przetrwa bez pracy. Ma wiÄ<U+0099>cej  na czarnÄ<U+0085> godzinÄ<U+0099>;2;http://tvn24bis.pl/redirect/kowalski-dluzej-przetrwa-bez-pracy-ma-wiecej-na-czarna-godzine,531698.html
2015-04-09;http://www.tvn24.pl/;Prezydent na Ukrainie, zÅ<U+0082>oty najmocniejszy od lat. OglÄ<U+0085>daj TVN24 Biznes i Å<U+009A>wiat;2;http://tvn24bis.pl/redirect/prezydent-na-ukrainie-zloty-najmocniejszy-od-lat-ogladaj-tvn24-biznes-i-swiat,531732.html
2015-04-09;http://www.tvn24.pl/;Jarubas: paÅ<U+0084>stwo nie zdaÅ<U+0082>o egzaminu   ws. katastrofy smoleÅ<U+0084>skiej;2;http://www.tvn24.pl/jarubas-panstwo-nie-zdalo-egzaminu-ws-katastrofy-smolenskiej,531719,s.html
2015-04-09;http://www.tvn24.pl/;Prezydent Czech jedzie do Moskwy;2;http://www.tvn24.pl/prezydent-czech-jedzie-do-moskwy,531690,s.html
2015-04-09;http://www.tvn24.pl/;Kowalski dÅ<U+0082>uÅ¼ej przetrwa bez pracy;2;http://tvn24bis.pl/redirect/kowalski-dluzej-przetrwa-bez-pracy,531698.html
2015-04-09;http://www.tvn24.pl/;Jarubas: paÅ<U+0084>stwo nie zdaÅ<U+0082>o egzaminu   ws. katastrofy smoleÅ<U+0084>skiej;1;http://www.tvn24.pl/adam-jarubas-o-katastrofie-smolenskiej,531719,s.html
2015-04-09;http://www.tvn24.pl/;Odtwórz: Jarubas: paÅ<U+0084>stwo nie zdaÅ<U+0082>o egzaminu   ws. katastrofy smoleÅ<U+0084>skiej;1;http://www.tvn24.pl/adam-jarubas-o-katastrofie-smolenskiej,531719,s.html#autoplay
2015-04-09;http://www.tvn24.pl/;Afera Dudy ? PO: niech zawiesi kampaniÄ<U+0099>  i czÅ<U+0082>onkostwo w partii. PiS: to hucpa;1;http://www.tvn24.pl/wiadomosci-z-kraju,3/afera-dudy-po-niech-zawiesi-kampanie-i-czlonkostwo-w-partii-pis-to-hucpa,528137.html
2015-04-09;http://www.tvn24.pl/;To nie problem Dudy . KaczyÅ<U+0084>ski o SKOK-ach, WSI i Komorowskim;1;http://www.tvn24.pl/wiadomosci-z-kraju,3/to-nie-problem-dudy-kaczynski-o-skok-ach-wsi-i-komorowskim,528515.html
2015-04-09;http://www.tvn24.pl/;Prezydent Czech jedzie do Moskwy;1;http://www.tvn24.pl/parada-w-moskwie-premier-czech-popiera-wyjazd-prezydenta-do-moskwy,531690,s.html
2015-04-09;http://www.tvn24.pl/;Kowalski dÅ<U+0082>uÅ¼ej przetrwa bez pracy;1;http://tvn24bis.pl/redirect/domowe-budzety-w-coraz-lepszej-kondycji,531698.html
2015-04-09;http://www.tvn24.pl/;odtwÃ³rz: Kowalski dÅ<U+0082>uÅ¼ej przetrwa bez pracy;1;http://tvn24bis.pl/redirect/domowe-budzety-w-coraz-lepszej-kondycji,531698.html#autoplay
2015-04-09;http://www.tvn24.pl/;ByÅ<U+0082> bezkompromisowy . LeszczyÅ<U+0084>skiego Å¼egnajÄ<U+0085> Owsiak, Palikot, Lizut i Terlikowski;1;http://www.tvn24.pl/wiadomosci-z-kraju,3/byl-bezkompromisowy-leszczynskiego-zegnaja-owsiak-palikot-lizut-i-terlikowski,529740.html
2015-04-09;http://natemat.pl/;Bronislaw Komorowski w Kijowie: Polska wzielaby udzial w misji pokojowej ONZ na Ukrainie;4;http://natemat.pl/139087,bronislaw-komorowski-w-kijowie-polska-wzielaby-udzial-w-misji-pokojowej-onz-na-ukrainie
2015-04-09;http://natemat.pl/;Pawel Deresz do kandydatów na prezydenta: Lapy precz od tragedii smolenskiej;1;http://natemat.pl/138995,pawel-deresz-do-kandydatow-na-prezydenta-lapy-precz-od-tragedii-smolenskiej
2015-04-09;http://natemat.pl/;Apollo, banderowiec i kumpel Marleya. Kukiz kpil z burzy wokól jego wizerunku, ale szybko usunal nowe zdjecia;1;http://natemat.pl/139055,apollo-banderowiec-i-kolega-rasta-marley-a-kukiz-pokazuje-nowa-twarz-i-szybko-usuwa-zdjecia-z-sieci
2015-04-09;http://natemat.pl/;Kolejna recenzja naukowa nie zostawia suchej nitki na doktoracie Magdaleny Ogórek;1;http://natemat.pl/138927,kolejna-recenzja-naukowa-miazdzy-doktorat-ogorek-cel-badawczy-zostal-sformulowany-w-sposob-niewlasciwy
2015-04-09;http://natemat.pl/;Ogórek slodzi Millerowi.  On jest wizjonerem, bardzo odwaznym politykiem;1;http://natemat.pl/139001,ogorek-slodzi-millerowi-on-jest-wizjonerem-bardzo-odwaznym-politykiem
2015-04-09;http://www.gazeta.pl;Bazy NATO w Polsce - potrzebujemy ich czy nie? Odpowiadają: kandydaci na prezydenta;4;http://wiadomosci.gazeta.pl/wiadomosci/1,144685,17716154,Kwestionariusz_prezydencki_Gazeta_pl.html#MT
2015-04-09;http://www.gazeta.pl;Komorowski w Kijowie, w parlamencie. Posłowie z pol. flagami, owacja na stojąco;3;http://wiadomosci.gazeta.pl/wiadomosci/1,114871,17722967,Komorowski_w_ukrainskim_parlamencie__Poslowie_z_polskimi.html#Czolka3Img
2015-04-09;http://www.dziennik.pl;Międzynarodowa komisja w sprawie Smoleńska? Jarubas: Warto się zastanowić;1;http://wiadomosci.dziennik.pl/polityka/artykuly/487455,adam-jarubas-o-katastrofie-smolenskiej-warto-pomyslec-o-miedzynarodowym-gremium.html
2015-04-09;http://www.dziennik.pl;Palikot: Kaczyński z Macierewiczem kłamią w sprawie Smoleńska;1;http://wiadomosci.dziennik.pl/polityka/artykuly/487396,palikot-kaczynski-z-macierewiczem-klamia-ws-smolenska.html
2015-04-09;http://wyborcza.pl/0,0.html?piano_d=1;PiS chce zrobić z Dudy młodego Lecha Kaczyńskiego;3;http://wyborcza.pl/1,75968,17721007,Komorowski_pod_reke_z_Prometeuszem.html
2015-04-09;http://www.tvp.info/;Ukrainski parlament uznal czlonków UPA za „bojowników za wolnosc”. W dniu wizyty Komorowskiego;2;http://www.tvp.info.pl/19591810/ukrainski-parlament-uznal-czlonkow-upa-za-bojownikow-za-wolnosc-w-dniu-wizyty-komorowskiego
2015-04-09;http://www.wp.pl;wazneStanowcze slowa Komorowskiego na Ukrainie;2;http://wiadomosci.wp.pl/kat,8311,title,Bronislaw-Komorowski-w-ukrainskim-parlamencie,wid,17433921,wiadomosc.html
2015-04-09;http://www.wp.pl;Mastalerek: pokazaliśmy dowody na fałszowanie wyborów, będziemy mieć mężów zaufania w każdej komisji;1;/kat,140394,title,Mastalerek-pokazalismy-dowody-na-falszowanie-wyborow-bedziemy-miec-mezow-zaufania-w-kazdej-komisji,wid,17436234,wiadomosc.html
2015-04-09;http://www.wp.pl;Marcin Mastalerek o stenogramach ze Smoleńska: pseudoekspertyza, wrzutka do kampanii wyborczej;1;/kat,140394,title,Marcin-Mastalerek-o-stenogramach-ze-Smolenska-pseudoekspertyza-wrzutka-do-kampanii-wyborczej,wid,17435872,wiadomosc.html
2015-04-09;http://www.wprost.pl/;Komorowski: Zagrożenie totalitaryzmem jest aktualne;2;http://www.wprost.pl/ar/501801/Komorowski-Zagrozenie-totalitaryzmem-jest-aktualne/
2015-04-09;http://www.wprost.pl/;Kłopotek: Związki Komorowskiego z WSI musiały istnieć;1;http://www.wprost.pl/ar/501115/Klopotek-Zwiazki-Komorowskiego-z-WSI-musialy-istniec/
2015-04-09;http://www.newsweek.pl/;Duda: smolenski blizniak Macierewicza;4;http://opinie.newsweek.pl/andrzej-duda-smolenski-blizniak-macierewicza,artykuly,360704,1.html
2015-04-09;http://www.newsweek.pl/;Historyczne przemówienie Komorowskiego w Kijowie;2;http://swiat.newsweek.pl/komorowski-na-ukrainie-relacje-polsko-ukrainskie,artykuly,360662,1.html
2015-04-09;http://www.tvn24.pl/;ByÅ<U+0082> bezkompromisowy . LeszczyÅ<U+0084>skiego Å¼egnajÄ<U+0085> Owsiak, Palikot, Lizut i Terlikowski;3;/wiadomosci-z-kraju,3/byl-bezkompromisowy-leszczynskiego-zegnaja-owsiak-palikot-lizut-i-terlikowski,529740.html
2015-04-09;http://www.tvn24.pl/;Kowalski dÅ<U+0082>uÅ¼ej przetrwa bez pracy. Ma wiÄ<U+0099>cej  na czarnÄ<U+0085> godzinÄ<U+0099>;2;http://tvn24bis.pl/redirect/kowalski-dluzej-przetrwa-bez-pracy-ma-wiecej-na-czarna-godzine,531698.html
2015-04-09;http://www.tvn24.pl/;ByÅ<U+0082> bezkompromisowy . LeszczyÅ<U+0084>skiego Å¼egnajÄ<U+0085> Owsiak, Palikot, Lizut i Terlikowski;1;http://www.tvn24.pl/wiadomosci-z-kraju,3/byl-bezkompromisowy-leszczynskiego-zegnaja-owsiak-palikot-lizut-i-terlikowski,529740.html
2015-04-09;http://natemat.pl/;Kampania PALIKOTA;2;http://kampaniapalikota.natemat.pl/
2015-04-09;http://natemat.pl/;Andrzej Duda - czlowiek bez politycznej twarzy. O Smolensku zmienia zdanie co wybory;2;http://natemat.pl/139081,andrzej-duda-czlowiek-bez-politycznej-twarzy-w-sprawie-smolenska-zmienia-zdanie-co-wybory
2015-04-09;http://natemat.pl/;16 twarzy Kukiza, które... szybko zniknely z sieci. Kandydat kpi z burzy wokól swojego wizerunku;1;http://natemat.pl/139055,apollo-banderowiec-i-kolega-rasta-marley-a-kukiz-pokazuje-nowa-twarz-i-szybko-usuwa-zdjecia-z-sieci
2015-04-09;http://natemat.pl/;Bronislaw Komorowski w Kijowie: Polska wzielaby udzial w misji pokojowej ONZ na Ukrainie;1;http://natemat.pl/139087,bronislaw-komorowski-w-kijowie-polska-wzielaby-udzial-w-misji-pokojowej-onz-na-ukrainie
2015-04-09;http://www.gazeta.pl;Bazy NATO w Polsce: konieczność? Co myślą o tym kandydaci;2;http://wiadomosci.gazeta.pl/wiadomosci/1,144685,17716154,Kwestionariusz_prezydencki_Gazeta_pl.html#BoxNewsImg
2015-04-09;http://www.gazeta.pl;Komorowski w ukraińskim parlamencie. Flagi. Owacja;1;http://wiadomosci.gazeta.pl/wiadomosci/1,114871,17722967,Komorowski_w_ukrainskim_parlamencie__Poslowie_z_polskimi.html#BoxNewsLink
2015-04-09;http://www.dziennik.pl;Kto przyjedzie do Komorowskiego na Westerplatte? Tajemnica!;2;http://wiadomosci.dziennik.pl/wydarzenia/artykuly/487492,kto-przyjedzie-do-polski-8-maja-na-westerplatte.html
2015-04-09;http://www.dziennik.pl;Międzynarodowa komisja w sprawie Smoleńska? Jarubas: Warto się zastanowić;1;http://wiadomosci.dziennik.pl/polityka/artykuly/487455,adam-jarubas-o-katastrofie-smolenskiej-warto-pomyslec-o-miedzynarodowym-gremium.html
2015-04-09;http://wyborcza.pl/0,0.html?piano_d=1;Duda straci na sprawie smoleńskiej?;2;http://wyborcza.pl/1,75478,17725127,Duda_straci_na_sprawie_smolenskiej_.html
2015-04-09;http://wyborcza.pl/0,0.html?piano_d=1;Nieodrobiona smoleńska lekcja kandydata Jarubasa;3;http://wyborcza.pl/1,75968,17723484,Nieodrobiona_lekcja_kandydata_Jarubasa.html
2015-04-09;http://wyborcza.pl/0,0.html?piano_d=1;PiS chce zrobić z Dudy młodego Lecha Kaczyńskiego;3;http://wyborcza.pl/1,75968,17721007,Komorowski_pod_reke_z_Prometeuszem.html
2015-04-09;http://www.tvp.info/;Ukrainski parlament uznal czlonków UPA za „bojowników za wolnosc”. W dniu wizyty Komorowskiego;2;http://www.tvp.info.pl/19591810/ukrainski-parlament-uznal-czlonkow-upa-za-bojownikow-za-wolnosc-w-dniu-wizyty-komorowskiego
2015-04-09;http://www.wp.pl;Wpadka Bronislawa Komorowskiego na Ukrainie;3;http://wiadomosci.wp.pl/kat,1356,title,Wpadka-Kancelarii-Prezydenta-RP-ws-przemowienia-Bronislawa-Komorowskiego-w-ukrainskim-parlamencie,wid,17436774,wiadomosc.html
2015-04-09;http://www.wp.pl;2 godz.Wieniec od prezydenta przed tablica smolenska;2;http://wiadomosci.wp.pl/kat,1342,title,Szef-Kancelarii-Prezydenta-zlozyl-wieniec-przed-tablica-upamietniajaca-ofiary-katastrofy,wid,17436620,wiadomosc.html
2015-04-09;http://www.wp.pl;wazneStanowcze slowa Komorowskiego na Ukrainie;2;http://wiadomosci.wp.pl/kat,8311,title,Bronislaw-Komorowski-w-ukrainskim-parlamencie,wid,17433921,wiadomosc.html
2015-04-09;http://www.wp.pl;Mastalerek: pokazaliśmy dowody na fałszowanie wyborów, będziemy mieć mężów zaufania w każdej komisji;1;/kat,140394,title,Mastalerek-pokazalismy-dowody-na-falszowanie-wyborow-bedziemy-miec-mezow-zaufania-w-kazdej-komisji,wid,17436234,wiadomosc.html
2015-04-09;http://www.wp.pl;Marcin Mastalerek o stenogramach ze Smoleńska: pseudoekspertyza, wrzutka do kampanii wyborczej;1;/kat,140394,title,Marcin-Mastalerek-o-stenogramach-ze-Smolenska-pseudoekspertyza-wrzutka-do-kampanii-wyborczej,wid,17435872,wiadomosc.html
2015-04-09;http://www.wprost.pl/;Kukiz: Płacimy 7/10 swoich dochodów władzy;2;http://www.wprost.pl/ar/501820/Kukiz-Placimy-710-swoich-dochodow-wladzy/
2015-04-09;http://www.wprost.pl/;Kłopotek: Związki Komorowskiego z WSI musiały istnieć;1;http://www.wprost.pl/ar/501115/Klopotek-Zwiazki-Komorowskiego-z-WSI-musialy-istniec/
2015-04-09;http://www.onet.pl/;"Die Welt" o "przebieglosci polskiego prezydenta";2;http://wiadomosci.onet.pl/swiat/die-welt-pomysl-na-obchody-8-maja-pokazuje-przebieglosc-polskiego-prezydenta/rlb4kg
2015-04-09;http://www.newsweek.pl/;Duda: smolenski blizniak Macierewicza;4;http://opinie.newsweek.pl/andrzej-duda-smolenski-blizniak-macierewicza,artykuly,360704,1.html
2015-04-09;http://www.newsweek.pl/;Historyczne przemówienie Komorowskiego w Kijowie;2;http://swiat.newsweek.pl/komorowski-na-ukrainie-relacje-polsko-ukrainskie,artykuly,360662,1.html
2015-04-09;http://www.tvn24.pl/;Rocznica katastrofy smoleÅ<U+0084>skiej. Gdzie bÄ<U+0099>dÄ<U+0085> kandydaci?;3;http://www.tvn24.pl/kampania-prezydencka-2015,531956,s.html
2015-04-09;http://www.tvn24.pl/;Rocznica katastrofy smoleÅ<U+0084>skiej. Gdzie bÄ<U+0099>dÄ<U+0085> kandydaci?;2;http://www.tvn24.pl/wiadomosci-z-kraju,3/rocznica-katastrofy-smolenskiej-gdzie-beda-kandydaci,531956.html
2015-04-09;http://www.tvn24.pl/;Rocznica katastrofy smoleÅ<U+0084>skiej. Gdzie bÄ<U+0099>dÄ<U+0085> kandydaci?;2;http://www.tvn24.pl/rocznica-katastrofy-smolenskiej-gdzie-beda-kandydaci,531956,s.html
2015-04-09;http://www.tvn24.pl/;Kowalski dÅ<U+0082>uÅ¼ej przetrwa bez pracy. Ma wiÄ<U+0099>cej  na czarnÄ<U+0085> godzinÄ<U+0099>;2;http://tvn24bis.pl/redirect/kowalski-dluzej-przetrwa-bez-pracy-ma-wiecej-na-czarna-godzine,531698.html
2015-04-09;http://www.tvn24.pl/;Rocznica katastrofy smoleÅ<U+0084>skiej. Gdzie bÄ<U+0099>dÄ<U+0085> kandydaci?;1;http://www.tvn24.pl/kampania-prezydencka-2015,531956,s.html
2015-04-09;http://natemat.pl/;Ukrainski parlament uznal UPA za  bojowników o wolnosc . W dniu wizyty Komorowskiego;4;http://natemat.pl/139171,ukrainski-parlament-uznal-upa-za-bojownikow-o-wolnosc-w-dniu-wizyty-komorowskiego
2015-04-09;http://natemat.pl/;Kampania PALIKOTA;1;http://kampaniapalikota.natemat.pl/
2015-04-09;http://natemat.pl/;Andrzej Duda - czlowiek bez politycznej twarzy. O Smolensku zmienia zdanie co wybory;1;http://natemat.pl/139081,andrzej-duda-czlowiek-bez-politycznej-twarzy-w-sprawie-smolenska-zmienia-zdanie-co-wybory
2015-04-09;http://natemat.pl/;16 twarzy Kukiza, które... szybko zniknely z sieci. Kandydat kpi z burzy wokól swojego wizerunku;1;http://natemat.pl/139055,apollo-banderowiec-i-kolega-rasta-marley-a-kukiz-pokazuje-nowa-twarz-i-szybko-usuwa-zdjecia-z-sieci
2015-04-09;http://natemat.pl/;Bronislaw Komorowski w Kijowie: Polska wzielaby udzial w misji pokojowej ONZ na Ukrainie;1;http://natemat.pl/139087,bronislaw-komorowski-w-kijowie-polska-wzielaby-udzial-w-misji-pokojowej-onz-na-ukrainie
2015-04-09;http://www.gazeta.pl;Niezidentyfikowany głos mógł należeć do gen. Andrzeja Błasika lub innej osoby o podobnym głosie;2;http://wiadomosci.gazeta.pl/wiadomosci/1,114871,17728042,Katastrofa_smolenska__stenogramy__Druga_opinia__Nie.html#BoxNewsImg
2015-04-09;http://www.gazeta.pl;Komorowski w ukraińskim parlamencie. Flagi. Owacja;1;http://wiadomosci.gazeta.pl/wiadomosci/1,114871,17722967,Komorowski_w_ukrainskim_parlamencie__Poslowie_z_polskimi.html#BoxNewsLink
2015-04-09;http://www.dziennik.pl;Kto przyjedzie do Komorowskiego na Westerplatte? Tajemnica!;2;http://wiadomosci.dziennik.pl/wydarzenia/artykuly/487492,kto-przyjedzie-do-polski-8-maja-na-westerplatte.html
2015-04-09;http://www.dziennik.pl;Międzynarodowa komisja w sprawie Smoleńska? Jarubas: Warto się zastanowić;1;http://wiadomosci.dziennik.pl/polityka/artykuly/487455,adam-jarubas-o-katastrofie-smolenskiej-warto-pomyslec-o-miedzynarodowym-gremium.html
2015-04-09;http://wyborcza.pl/0,0.html?piano_d=1;Kto gra Smoleńskiem? A kto na tym straci? Duda? [SONDAŻ];3;http://wyborcza.pl/1,75478,17725127,Duda_straci_na_sprawie_smolenskiej_.html
2015-04-09;http://wyborcza.pl/0,0.html?piano_d=1;Andrzej Duda znów nieobecny na obradach podkomisji ds. SKOK-ów;2;http://wyborcza.biz/biznes/1,100896,17728188,Andrzej_Duda_znow_nieobecny_na_obradach_podkomisji.html
2015-04-09;http://wyborcza.pl/0,0.html?piano_d=1;Medialne echa wizyty Komorowskiego na Ukrainie;2;http://wyborcza.pl/1,75477,17728052,Medialne_echa_wizyty_Komorowskiego_na_Ukrainie.html
2015-04-09;http://wyborcza.pl/0,0.html?piano_d=1;Nieodrobiona smoleńska lekcja kandydata Jarubasa;3;http://wyborcza.pl/1,75968,17723484,Nieodrobiona_lekcja_kandydata_Jarubasa.html
2015-04-09;http://www.tvp.info/;Niespodziewane ladowanie. W drodze z Kijowa prezydent zlozyl kwiaty na grobie Marii i Lecha Kaczynskich;4;http://www.tvp.info.pl/19595285/prezydent-wracajac-z-kijowa-zlozyl-kwiaty-przed-grobowcem-kaczynskich
2015-04-09;http://www.tvp.info/;Ukrainski parlament uznal czlonków UPA za „bojowników za wolnosc”. W dniu wizyty Komorowskiego;2;http://www.tvp.info.pl/19591810/ukrainski-parlament-uznal-czlonkow-upa-za-bojownikow-za-wolnosc-w-dniu-wizyty-komorowskiego
2015-04-09;http://www.wp.pl;Wpadka Bronislawa Komorowskiego na Ukrainie;3;http://wiadomosci.wp.pl/kat,1356,title,Wpadka-Kancelarii-Prezydenta-RP-ws-przemowienia-Bronislawa-Komorowskiego-w-ukrainskim-parlamencie,wid,17436774,wiadomosc.html
2015-04-09;http://www.wp.pl;Mastalerek: pokazaliśmy dowody na fałszowanie wyborów, będziemy mieć mężów zaufania w każdej komisji;1;/kat,140394,title,Mastalerek-pokazalismy-dowody-na-falszowanie-wyborow-bedziemy-miec-mezow-zaufania-w-kazdej-komisji,wid,17436234,wiadomosc.html
2015-04-09;http://www.wp.pl;Marcin Mastalerek o stenogramach ze Smoleńska: pseudoekspertyza, wrzutka do kampanii wyborczej;1;/kat,140394,title,Marcin-Mastalerek-o-stenogramach-ze-Smolenska-pseudoekspertyza-wrzutka-do-kampanii-wyborczej,wid,17435872,wiadomosc.html
2015-04-09;http://www.wprost.pl/;Kukiz: Płacimy 7/10 swoich dochodów władzy;2;http://www.wprost.pl/ar/501820/Kukiz-Placimy-710-swoich-dochodow-wladzy/
2015-04-09;http://www.wprost.pl/;Kłopotek: Związki Komorowskiego z WSI musiały istnieć;1;http://www.wprost.pl/ar/501115/Klopotek-Zwiazki-Komorowskiego-z-WSI-musialy-istniec/
2015-04-09;http://www.onet.pl/;Nowacka i Komorowski: panstwo polskie zawiodlo;2;http://wiadomosci.onet.pl/kraj/barbara-nowacka-i-maciej-komorowski-polskie-panstwo-zawiodlo/hk2x34
2015-04-09;http://www.onet.pl/;"Die Welt" o "przebieglosci polskiego prezydenta";2;http://wiadomosci.onet.pl/swiat/die-welt-pomysl-na-obchody-8-maja-pokazuje-przebieglosc-polskiego-prezydenta/rlb4kg
2015-04-09;http://www.newsweek.pl/;Duda: smolenski blizniak Macierewicza;4;http://opinie.newsweek.pl/andrzej-duda-smolenski-blizniak-macierewicza,artykuly,360704,1.html
2015-04-09;http://www.newsweek.pl/;Bronislaw Komorowski odwiedzil grób prezydenta Kaczynskiego na Wawelu;3;http://polska.newsweek.pl/obchody-rocznicy-katastrofy-smolenskiej,artykuly,360734,1.html
2015-04-09;http://www.newsweek.pl/;Historyczne przemówienie Komorowskiego w Kijowie;2;http://swiat.newsweek.pl/komorowski-na-ukrainie-relacje-polsko-ukrainskie,artykuly,360662,1.html
2015-04-09;http://www.tvn24.pl/;Komorowscy na Wawelu. Oddali hold parze prezydenckiej;3;http://www.tvn24.pl/komorowscy-na-wawelu-oddali-hold-parze-prezydenckiej,532022,s.html
2015-04-09;http://www.tvn24.pl/;Odtwórz: Komorowscy na Wawelu. Oddali hoÅ<U+0082>d parze prezydenckiej;3;http://www.tvn24.pl/komorowscy-na-wawelu-oddali-hold-parze-prezydenckiej,532022,s.html#autoplay
2015-04-09;http://www.tvn24.pl/;Rocznica katastrofy smoleÅ<U+0084>skiej. Gdzie bÄ<U+0099>dÄ<U+0085> kandydaci?;3;http://www.tvn24.pl/kampania-prezydencka-2015,531956,s.html
2015-04-09;http://www.tvn24.pl/;Janusz Lewandowski: euro w Polsce po 2020 roku;3;http://tvn24bis.pl/redirect/lewandowski-euro-w-polsce-po-2020-roku,531998.html
2015-04-09;http://www.tvn24.pl/;Kandydaci z czasÃ³w Imperium. Turcja szykuje siÄ<U+0099> na wybory;3;http://www.tvn24.pl/w-kampanii-wyborczej-w-turcji-odwolano-sie-do-imperium-osmanskiego,531940,s.html
2015-04-09;http://www.tvn24.pl/;Komorowscy na Wawelu. Oddali hoÅ<U+0082>d parze prezydenckiej;2;http://www.tvn24.pl/wiadomosci-z-kraju,3/komorowscy-na-wawelu-oddali-hold-parze-prezydenckiej,532022.html
2015-04-09;http://www.tvn24.pl/;Komorowscy na Wawelu. Oddali hoÅ<U+0082>d parze prezydenckiej;2;http://www.tvn24.pl/komorowscy-na-wawelu-oddali-hold-parze-prezydenckiej,532022,s.html
2015-04-09;http://www.tvn24.pl/;Rocznica katastrofy smoleÅ<U+0084>skiej. Gdzie bÄ<U+0099>dÄ<U+0085> kandydaci?;2;http://www.tvn24.pl/rocznica-katastrofy-smolenskiej-gdzie-beda-kandydaci,531956,s.html
2015-04-09;http://www.tvn24.pl/;Janusz Lewandowski: euro w Polsce po 2020 roku;2;http://tvn24bis.pl/redirect/janusz-lewandowski-euro-w-polsce-po-2020-roku,531998.html
2015-04-09;http://www.tvn24.pl/;Kandydaci z czasÃ³w Imperium. Turcja szykuje siÄ<U+0099> na wybory;2;http://www.tvn24.pl/kandydaci-z-czasow-imperium-turcja-szykuje-sie-na-wybory,531940,s.html
2015-04-09;http://www.tvn24.pl/;Rocznica katastrofy smoleÅ<U+0084>skiej. Gdzie bÄ<U+0099>dÄ<U+0085> kandydaci?;1;http://www.tvn24.pl/kampania-prezydencka-2015,531956,s.html
2015-04-09;http://www.tvn24.pl/;Janusz Lewandowski: euro w Polsce po 2020 roku;1;http://tvn24bis.pl/redirect/lewandowski-euro-w-polsce-po-2020-roku,531998.html
2015-04-09;http://www.tvn24.pl/;Kandydaci z czasÃ³w Imperium. Turcja szykuje siÄ<U+0099> na wybory;1;http://www.tvn24.pl/w-kampanii-wyborczej-w-turcji-odwolano-sie-do-imperium-osmanskiego,531940,s.html
2015-04-09;http://natemat.pl/;Ukrainski parlament uznal UPA za  bojowników o wolnosc . W dniu wizyty Komorowskiego;3;http://natemat.pl/139171,ukrainski-parlament-uznal-upa-za-bojownikow-o-wolnosc-w-dniu-wizyty-komorowskiego
2015-04-09;http://natemat.pl/;Kampania PALIKOTA;1;http://kampaniapalikota.natemat.pl/
2015-04-09;http://natemat.pl/;Andrzej Duda - czlowiek bez politycznej twarzy. O Smolensku zmienia zdanie co wybory;1;http://natemat.pl/139081,andrzej-duda-czlowiek-bez-politycznej-twarzy-w-sprawie-smolenska-zmienia-zdanie-co-wybory
2015-04-09;http://natemat.pl/;16 twarzy Kukiza, które... szybko zniknely z sieci. Kandydat kpi z burzy wokól swojego wizerunku;1;http://natemat.pl/139055,apollo-banderowiec-i-kolega-rasta-marley-a-kukiz-pokazuje-nowa-twarz-i-szybko-usuwa-zdjecia-z-sieci
2015-04-09;http://natemat.pl/;Bronislaw Komorowski w Kijowie: Polska wzielaby udzial w misji pokojowej ONZ na Ukrainie;1;http://natemat.pl/139087,bronislaw-komorowski-w-kijowie-polska-wzielaby-udzial-w-misji-pokojowej-onz-na-ukrainie
2015-04-09;http://www.gazeta.pl;Prezydent Komorowski złożył kwiaty na grobie pary prezydenckiej na Wawelu;2;http://wiadomosci.gazeta.pl/wiadomosci/1,114871,17728742,Prezydent_Komorowski_wracajac_z_Ukrainy_odwiedzil.html#BoxNewsImg
2015-04-09;http://www.dziennik.pl;Tego nie było w planie... Prezydent nieoczekiwanie lądował w Krakowie;2;http://wiadomosci.dziennik.pl/polityka/artykuly/487521,prezydent-bronislaw-komorowski-przy-grobie-marii-i-lecha-kaczynskich-na-wawelu.html
2015-04-09;http://www.dziennik.pl;Kto przyjedzie do Komorowskiego na Westerplatte? Tajemnica!;2;http://wiadomosci.dziennik.pl/wydarzenia/artykuly/487492,kto-przyjedzie-do-polski-8-maja-na-westerplatte.html
2015-04-09;http://www.dziennik.pl;Międzynarodowa komisja w sprawie Smoleńska? Jarubas: Warto się zastanowić;1;http://wiadomosci.dziennik.pl/polityka/artykuly/487455,adam-jarubas-o-katastrofie-smolenskiej-warto-pomyslec-o-miedzynarodowym-gremium.html
2015-04-09;http://wyborcza.pl/0,0.html?piano_d=1;Kto gra Smoleńskiem? A kto na tym straci? Duda? [SONDAŻ];3;http://wyborcza.pl/1,75478,17725127,Duda_straci_na_sprawie_smolenskiej_.html
2015-04-09;http://wyborcza.pl/0,0.html?piano_d=1;Niezapowiedziana wizyta Komorowskiego na Wawelu. Złożył hołd parze prezydenckiej;2;http://wyborcza.pl/1,75478,17728587,Niezapowiedziana_wizyta_Komorowskiego_na_Wawelu__Zlozyl.html
2015-04-09;http://wyborcza.pl/0,0.html?piano_d=1;Andrzej Duda znów nieobecny na obradach podkomisji ds. SKOK-ów;2;http://wyborcza.biz/biznes/1,100896,17728188,Andrzej_Duda_znow_nieobecny_na_obradach_podkomisji.html
2015-04-09;http://wyborcza.pl/0,0.html?piano_d=1;Medialne echa wizyty Komorowskiego na Ukrainie;2;http://wyborcza.pl/1,75477,17728052,Medialne_echa_wizyty_Komorowskiego_na_Ukrainie.html
2015-04-09;http://wyborcza.pl/0,0.html?piano_d=1;Nieodrobiona smoleńska lekcja kandydata Jarubasa;3;http://wyborcza.pl/1,75968,17723484,Nieodrobiona_lekcja_kandydata_Jarubasa.html
