"date";"portal";"title";"position";"link"
2015-05-07;http://www.tvp.info/;Duda zatroskał się losem lasów. W najnowszym spocie uderza w Komorowskiego;3;http://www.tvp.info/19951942/duda-zatroskal-sie-losem-lasow-w-najnowszym-spocie-uderza-w-komorowskiego
2015-05-07;http://www.tvp.info/;Paderewski, Witos i wyciąganie Polski ze zgliszczy. Kampania na finiszu;2;http://www.tvp.info.pl/19953233/paderewski-witos-i-wyciaganie-polski-ze-zgliszczy-kampania-na-finiszu
2015-05-07;http://www.tvp.info/;Tylko u nas    Obietnice, postulaty, żarty. Zobacz całą debatę kandydatów na prezydenta w TVP1;2;http://www.tvp.info.pl/19939169/kukiz-do-korwinmikkego-jezeli-pan-zostanie-krolem-to-ja-sie-z-wyborow-wycofam-zobacz-cala-debate-tvp1
2015-05-07;http://www.wp.pl;Ślicznotka z  Wilka z Wall Street  już tak nie wygląda. Po tej metamorfozie trudno ją poznać;3;http://film.wp.pl/id,150724,title,dziejesiewkulturze-Codzienna-dawka-informacji-popkulturalnych-050515-WIDEO,wiadomosc.html
2015-05-07;http://www.wp.pl;4 godz.Korwin-Mikke opublikował SMS od Kukiza;2;http://wiadomosci.wp.pl/kat,1342,title,Janusz-Korwin-Mikke-opublikowal-SMS-od-Pawla-Kukiza,wid,17516432,wiadomosc.html
2015-05-07;http://www.wprost.pl/;W SLD ostrzą noże na Millera. Ogórek pociągnie go na dno?;4;http://www.wprost.pl/ar/505569/W-SLD-ostrza-noze-na-Millera-Ogorek-pociagnie-go-na-dno/
2015-05-07;http://www.wprost.pl/;Nałęcz: Prezydenta do debaty zniechęcało to, że...;2;http://www.wprost.pl/ar/505606/Nalecz-Prezydenta-do-debaty-zniechecalo-to-ze/
2015-05-07;http://www.wprost.pl/;W SLD ostrzą noże na Millera. Ogórek pociągnie go na dno?;2;http://www.wprost.pl/ar/505569/W-SLD-ostrza-noze-na-Millera-Ogorek-pociagnie-go-na-dno/
2015-05-07;http://www.wprost.pl/;Debata prezydencka.  Korwin-Mikke znokautował Kukiza, sztab Dudy przedobrzył;2;http://www.wprost.pl/ar/505581/Debata-prezydencka-Korwin-Mikke-znokautowal-Kukiza-sztab-Dudy-przedobrzyl/
2015-05-07;http://www.wprost.pl/;W SLD ostrzą noże na Millera. Ogórek pociągnie go na dno?;1;http://www.wprost.pl/ar/505569/W-SLD-ostrza-noze-na-Millera-Ogorek-pociagnie-go-na-dno/
2015-05-07;http://www.wprost.pl/;Debata prezydencka. "Korwin-Mikke znokautował Kukiza, sztab Dudy przedobrzył";1;http://www.wprost.pl/ar/505581/Debata-prezydencka-Korwin-Mikke-znokautowal-Kukiza-sztab-Dudy-przedobrzyl/
2015-05-07;http://www.wprost.pl/;Ogórek: Kaczyński przyszedłby do mnie na Radę Bezpieczeństwa Narodowego;1;http://www.wprost.pl/ar/505560/Ogorek-Kaczynski-przyszedlby-do-mnie-na-Rade-Bezpieczenstwa-Narodowego/
2015-05-07;http://www.wprost.pl/;Kampania na Twitterze. Palikot groził Rydzykowi, Kukiz napisał o plagiacie;1;http://www.wprost.pl/ar/505175/Kampania-na-Twitterze-Palikot-grozil-Rydzykowi-Kukiz-napisal-o-plagiacie/
2015-05-07;http://www.wprost.pl/;Kampania na Facebooku. Korwin-Mikke "rządzi" z Żelaznego Tronu;1;http://www.wprost.pl/ar/505177/Kampania-na-Facebooku-Korwin-Mikke-rzadzi-z-Zelaznego-Tronu/
2015-05-07;http://www.wprost.pl/;Kaleta dla "Wprost": e-Prezydent? Nie tym razem;1;http://www.wprost.pl/ar/505075/Kaleta-dla-Wprost-e-Prezydent-Nie-tym-razem/
2015-05-07;http://www.onet.pl/;Ekspert: rewanż Komorowskiego, PiS w szoku;2;http://polska.newsweek.pl/spot-komorowskiego-o-in-vitro-spot-dudy-o-lesie,artykuly,362651,1.html
2015-05-07;http://www.onet.pl/;Nowy sojusznik Kukiza. "Jemu chodzi o coś więcej";2;http://wiadomosci.onet.pl/warszawa/kukiz-ma-nowego-sojusznika-ciesze-sie-ze-zerwal-z-korwinem-mikke/dweznn
2015-05-07;http://www.onet.pl/;Sondaż: Komorowski traci poparcie;2;http://wiadomosci.onet.pl/swiat/najwazniejsze-informacje-dnia-6-maja-2015-roku/nmcvqj
2015-05-07;http://www.onet.pl/;Rodzinne tajemnice kandydatów na prezydenta;2;http://www.fakt.pl/polityka/rodzinne-tajemnice-kandydatow-na-prezydenta,galeria,543090.html
2015-05-07;http://www.onet.pl/;Kukiz ma nowego sojusznika. "Cieszę się, że zerwał z Korwin-Mikkem";1;http://wiadomosci.onet.pl/warszawa/kukiz-ma-nowego-sojusznika-ciesze-sie-ze-zerwal-z-korwinem-mikke/dweznn
2015-05-07;http://www.newsweek.pl/;Pojedynek na spoty: Komorowski przestał nadstawiać drugi policzek;4;http://polska.newsweek.pl/spot-komorowskiego-o-in-vitro-spot-dudy-o-lesie,artykuly,362651,1.html
2015-05-07;http://www.newsweek.pl/;Komorowski 12 proc. w dół, Duda 19 proc. w górę. Na kogo Polacy postawią w II turze?;3;http://polska.newsweek.pl/sondaz-cbos-glosowanie-wybory,artykuly,362662,1.html
2015-05-07;http://www.newsweek.pl/;Korwin do Kukiza: To Pan zerwał porozumienie;3;http://polska.newsweek.pl/prezydent-2015-janusz-korwin-mikke-odpowiada-palowi-kukizowi,artykuly,362656,1.html
2015-05-07;http://www.newsweek.pl/;Komorowski: Ręka boska mnie chroniła, żeby nie iść na tę debatę;2;http://polska.newsweek.pl/debata-kandydatow-na-prezydenta-bronislaw-komorowski,artykuly,362618,1.html
2015-05-07;http://www.newsweek.pl/;Nie tylko pilnowanie żyrandola. Czym zajmuje się prezydent?;2;http://polska.newsweek.pl/prezydent-obowiazki,film,362648.html
2015-05-07;http://www.newsweek.pl/;Korwin zdradził Kukiza  jak Ruscy 17.09.1939 ? Kandydaci pokłócili się o JOW-y;2;http://polska.newsweek.pl/pawel-kukiz-i-janusz-korwin-mikke-poklocili-sie-o-jow-y,artykuly,362612,1.html
2015-05-07;http://www.newsweek.pl/;Świat,USA,chcą,odsunięcia,Asada,od,władzy,Bez,tego,problem,IS,nie,zostanie,rozwiązany,Problem,jaki,stanowi,dżihadystyczna,organizacja,Państwo,Islamskie,IS,w,Syrii,i,w,innych,częściach,Bliskiego,Wschodu,nie,zostanie,rozwiązany,dopóki,prezydent,Syrii,Baszar;1;http://swiat.newsweek.pl/problem-is-w-syrii-zostanie-rozwiazany-gdy-ustapi-prezydent-asad,artykuly,362608,1.html
2015-05-07;http://www.newsweek.pl/;Polacy,chcą,dodatkowego,podatku,dla,najbogatszych,Większość,Polaków,jest,za,wprowadzeniem,dodatkowej,stawki,podatkowej,dla,najbogatszych,pokazał,sondaż,IQS,dla,Newsweeka;1;http://biznes.newsweek.pl/wysokosc-podatkow-w-polsce-wyzsze-podatki-dla-najbogatszych,artykuly,362455,1.html
2015-05-07;http://www.newsweek.pl/;Nie,obchodzą,Cię,brytyjskie,wybory,Oto,6,powodów,by,zmienić,zdanie,Korespondent,polityczny,BBC,Rob,Watson,tłumaczy,osobom,spoza,Zjednoczonego,Królestwa,dlaczego,brytyjskie,wybory,mogą,wpłynąć,nie,tylko,na,losy,Wielkiej,Brytanii;1;http://swiat.newsweek.pl/wybory-parlamentarne-w-wielkiej-brytanii-co-warto-o-nich-wiedziec-,artykuly,362659,1.html
2015-05-07;http://www.newsweek.pl/;Nocne,Wilki,dostają,od,Kremla,miliony,rubli,Gang,motocyklowy,Nocne,Wilki,oraz,powiązane,z,nim,firmy,i,organizacje,miały,w,ciągu,ostatnich,18,miesięcy,dostać,od,państwa,aż,56,mln,rubli,około,4,mln,złotych,twierdzi;1;http://swiat.newsweek.pl/nocne-wilki-dostaly-od-kremla-56-mln-rubli-donosi-aleksiej-nawalny,artykuly,362621,1.html
2015-05-07;http://www.tvn24.pl/;NaÅÄcz: Debata? Prezydent musiaÅby sÅuchaÄ treÅci antysemickich;3;http://www.tvn24.pl/tomasz-nalecz-i-tadeusz-cymanski-w-kropce-nad-i,540000,s.html
2015-05-07;http://www.tvn24.pl/;odtwÃ³rz: NaÅÄcz: Debata? Prezydent musiaÅby sÅuchaÄ treÅci antysemickich;3;http://www.tvn24.pl/tomasz-nalecz-i-tadeusz-cymanski-w-kropce-nad-i,540000,s.html#autoplay
2015-05-07;http://www.tvn24.pl/;Kukiz: wysÅaÅem smsa w reakcji na Å¼art;3;http://www.tvn24.pl/spor-na-linii-kukiz-korwin-mikke-kukiz-odpowiada-na-oswiadczenie,539898,s.html
2015-05-07;http://www.tvn24.pl/;Odtwórz: Kukiz: wysÅaÅem smsa w reakcji na Å¼art;3;http://www.tvn24.pl/spor-na-linii-kukiz-korwin-mikke-kukiz-odpowiada-na-oswiadczenie,539898,s.html#autoplay
2015-05-07;http://www.tvn24.pl/;Kukiz do Korwin-Mikkego: z  przyczajki    wali Pan w swojego najlojalniejszego sojusznika;3;/wiadomosci-z-kraju,3/kukiz-do-korwin-mikkego-z-przyczajki-wali-pan-w-swojego-najlojalniejszego-sojusznika,539728.html
2015-05-07;http://www.tvn24.pl/;Gospodarka przede wszystkim. Kampania wyborcza w Wielkiej Brytanii i TVN24 BiÅ;3;http://tvn24bis.pl/redirect/gospodarka-przede-wszystkim-czyli-glowne-tematy-kampanii-na-wyspach,540003.html
2015-05-07;http://www.tvn24.pl/;Czwartek, przedostatni dzieÅ kampanii prezydenckiej;2;http://www.tvn24.pl/wiadomosci-z-kraju,3/czwartek-przedostatni-dzien-kampanii-prezydenckiej,539785.html
2015-05-07;http://www.tvn24.pl/;NaÅÄcz: Debata? Prezydent musiaÅby sÅuchaÄ treÅci antysemickich;2;http://www.tvn24.pl/nalecz-debata-prezydent-musialby-sluchac-tresci-antysemickich,540000,s.html
2015-05-07;http://www.tvn24.pl/;Kukiz: wysÅaÅem smsa w reakcji na Å¼art;2;http://www.tvn24.pl/kukiz-wyslalem-smsa-w-reakcji-na-zart,539898,s.html
2015-05-07;http://www.tvn24.pl/;Gospodarka przede wszystkim. Kampania wyborcza w Wielkiej Brytanii i TVN24 BiÅ;2;http://tvn24bis.pl/redirect/gospodarka-przede-wszystkim-kampania-wyborcza-w-wielkiej-brytanii-i-tvn24-bis,540003.html
2015-05-07;http://www.tvn24.pl/;odtwÃ³rz: NaÅÄcz: Debata? Prezydent musiaÅby sÅuchaÄ treÅci antysemickich;1;http://www.tvn24.pl/tomasz-nalecz-i-tadeusz-cymanski-w-kropce-nad-i,540000,s.html#autoplay
2015-05-07;http://www.tvn24.pl/;Kukiz: wysÅaÅem smsa w reakcji na Å¼art;1;http://www.tvn24.pl/spor-na-linii-kukiz-korwin-mikke-kukiz-odpowiada-na-oswiadczenie,539898,s.html
2015-05-07;http://www.tvn24.pl/;Odtwórz: Kukiz: wysÅaÅem smsa w reakcji na Å¼art;1;http://www.tvn24.pl/spor-na-linii-kukiz-korwin-mikke-kukiz-odpowiada-na-oswiadczenie,539898,s.html#autoplay
2015-05-07;http://www.tvn24.pl/;Kukiz do Korwin-Mikkego: z  przyczajki    wali Pan w swojego najlojalniejszego sojusznika;1;http://www.tvn24.pl/wiadomosci-z-kraju,3/kukiz-do-korwin-mikkego-z-przyczajki-wali-pan-w-swojego-najlojalniejszego-sojusznika,539728.html
2015-05-07;http://www.tvn24.pl/;Gospodarka przede wszystkim. Kampania wyborcza w Wielkiej Brytanii i TVN24 BiÅ;1;http://tvn24bis.pl/redirect/gospodarka-przede-wszystkim-czyli-glowne-tematy-kampanii-na-wyspach,540003.html
2015-05-07;http://natemat.pl/;Bliskie spotkania trzeciego stopnia. Dzięki debacie TVP Brauna słuchały miliony;4;http://natemat.pl/141761,bliskie-spotkania-trzeciego-stopnia-dzieki-debacie-tvp-grzegorza-brauna-pierwszy-raz-sluchaly-miliony
2015-05-07;http://natemat.pl/;Kaczyński w TV Trwam: Jeśli Kukiz chce walczyć z systemem, powinien zwrócić się ku PiS;3;http://natemat.pl/141785,jaroslaw-kaczynski-w-tv-trwam-jesli-kukiz-chce-walczyc-z-systemem-powinien-zwrocic-sie-ku-pis
2015-05-07;http://natemat.pl/;Komorowski, Duda, Ogórek dają lekcje, jak występować publicznie;2;http://klaudiapingot.natemat.pl/141709,komorowski-duda-ogorek-daja-lekcje-jak-wystepowac-publicznie-12-dobrych-rad
2015-05-07;http://natemat.pl/;Kłótnia z Korwinem to dla Pawła Kukiza zderzenie z polityczną rzeczywistością;2;http://natemat.pl/141743,klotnia-z-korwinem-to-dla-pawla-kukiza-zderzenie-z-polityczna-rzeczywistoscia-a-bedzie-jeszcze-gorzej
2015-05-07;http://natemat.pl/;Kowalski nie istnieje. Nie zarabiamy po 4 tys. zł;1;http://fundacjamedia30.innpoland.pl/116981,kowalski-nie-istnieje-nie-zarabiamy-po-4-tys-zl
2015-05-07;http://natemat.pl/;Żakowski: Rozumiem Korwina i jestem mu wdzięczny, że poświęcił sojusz z Kukizem;1;http://natemat.pl/141701,jacek-zakowski-rozumiem-korwin-mikkego-i-jestem-mu-wdzieczny-ze-poswiecil-sojusz-z-kukizem
2015-05-07;http://natemat.pl/;Korwin zdradził Kukiza.  Niech Pan przekaże swoje głosy komukolwiek. Ja ich nie chcę;1;http://natemat.pl/141685,korwin-mikke-zdradzil-kukiza-niech-pan-przekaze-swoje-glosy-komukolwiek-ja-ich-nie-chce
2015-05-07;http://natemat.pl/;2 tysiące dzieci z in vitro. Komorowski:  Cieszmy się każdym urodzonym w Polsce dzieckiem;1;http://natemat.pl/141703,2-tysiace-dzieci-z-in-vitro-komorowski-cieszmy-sie-kazdym-urodzonym-w-polsce-dzieckiem
2015-05-07;http://natemat.pl/;Obniżenie wieku emerytalnego to główny postulat  Dudy. Nie potrafi wyjaśnić, jak to zrobi;1;http://natemat.pl/141751,obnizenie-wieku-emerytalnego-to-glowny-postulat-dudy-kandydat-pis-nie-potrafi-wytlumaczyc-skad-wziac-na-to-pieniadze
2015-05-07;http://natemat.pl/;Duda bez paliwa. Świetny start kampanii, ale od kilku tygodni nie istnieje;1;http://natemat.pl/141669,andrzej-duda-bez-paliwa-jego-kampania-od-wielkanocy-nie-istnieje-a-lepsze-spoty-robi-nawet-komorowski
2015-05-07;http://natemat.pl/;Duda coraz mocniej brnie ws. in vitro;1;http://natemat.pl/136367,andrzej-duda-coraz-mocniej-brnie-w-sprawie-in-vitro-to-w-znacznym-stopniu-oszustwo
2015-05-07;http://natemat.pl/;Polityka  oficjalnie poparła Bronisława Komorowskiego.  Najlepszy kandydat;1;http://natemat.pl/141729,polityka-oficjalnie-poparla-bronislawa-komorowskiego-najlepszy-kandydat
2015-05-07;http://natemat.pl/;Armia Pawła Kukiza. Jego zwolennicy są bardziej fanatyczni niż wyznawcy Kaczyńskiego i Korwina;1;http://natemat.pl/141513,armia-pawla-kukiza-jego-zwolennicy-sa-bardziej-fanatyczni-niz-wyznawcy-kaczynskiego-i-korwina
2015-05-07;http://natemat.pl/;List do Andrzeja Dudy;1;http://wojciechsadurski.natemat.pl/141629,list-do-andrzeja-dudy
2015-05-07;http://natemat.pl/;To nie żart. Napój Korwin Energy Drink trafił do sprzedaży;1;http://natemat.pl/141707,to-nie-zart-napoj-energetyzujacy-korwin-energy-drink-trafil-do-sprzedazy
2015-05-07;http://natemat.pl/;Reptilianie zaniepokojeni kłótnią Kukiza z Korwinem w TVP;1;http://aszdziennik.pl/114795,reptilianie-zaniepokojeni-klotnia-kukiza-z-korwinem-w-tvp-zniszczyc-system-mozemy-tylko-razem
2015-05-07;http://www.gazeta.pl;Korwin-Mikke publikuje SMS od Kukiza.  Druga część naszego porozumienia nadal obowiązuje;3;http://wiadomosci.gazeta.pl/wiadomosci/1,143907,17871403,Korwin_Mikke_odpowiada_Kukizowi__Powinnismy_razem.html#Czolka3Img
2015-05-07;http://www.gazeta.pl;Sondaż CBOS: w II turze wybory wygrywa Komorowski;1;http://wiadomosci.gazeta.pl/wiadomosci/1,143907,17869203,Wybory_prezydenckie__CBOS__w_II_turze_wybory_wygrywa.html#BoxNewsLink
2015-05-07;http://www.gazeta.pl;Komorowski o kandydatach: Część bez wiedzy, dorobku;1;http://wiadomosci.gazeta.pl/wiadomosci/1,114871,17872152,Komorowski_o_wspolkandydatach__Ludzie_pozbawieni_doswiadczenia.html#BoxNewsLink
2015-05-07;http://www.gazeta.pl;Wybory na Wyspach: wynik  całkiem nieprzewidywalny;1;http://wiadomosci.gazeta.pl/wiadomosci/1,114871,17873125,Wybory_w_Wielkiej_Brytanii_juz_jutro__Stawka_ogromna_.html#BoxNewsLink
2015-05-07;http://www.dziennik.pl;Kukiz uderza w Korwin-Mikkego: Jest człowiekiem systemu;3;http://wiadomosci.dziennik.pl/wybory-prezydenckie/artykuly/489719,pawel-kukiz-bije-w-korwin-mikkego-to-czlowiek-systemu.html
2015-05-07;http://www.dziennik.pl;Oto, kto wygrałby drugą turę wyborów. Najnowszy SONDAŻ;2;http://wiadomosci.dziennik.pl/wybory-prezydenckie/artykuly/489668,wybory-prezydenckie-2015-kto-wygralby-druga-ture-sondaz-cbos.html
2015-05-07;http://www.dziennik.pl;Duda u sadowników cytuje Witosa i mówi o rolniczej biedzie. ZDJĘCIA;2;http://wiadomosci.dziennik.pl/wybory-prezydenckie/galeria/489709,kampania-prezydencka-duda-cytuje-witosa-u-sadownikow.html
2015-05-07;http://www.dziennik.pl;Na bogato: Magdalena Ogórek w chuście za 2 tysiące złotych!;2;http://kobieta.dziennik.pl/moda-na-topie/galeria/489714,magdalena-ogorek-debata-prezydencka.html
2015-05-07;http://www.dziennik.pl;Komorowski nie zjawił się na debacie.  Ręka boska mnie broniła;2;http://wiadomosci.dziennik.pl/wybory-prezydenckie/artykuly/489675,dlaczego-nie-byl-na-debacie-komorowski-reka-boska-mnie-bronila.html
2015-05-07;http://www.dziennik.pl;Komorowski powołał Borysa Budkę na ministra sprawiedliwości;1;http://wiadomosci.dziennik.pl/polityka/artykuly/489512,komorowski-powolal-borysa-budke-na-ministra-sprawiedliwosci.html
2015-05-07;http://wyborcza.pl/0,0.html?piano_d=1;Kukiz zrywa z Korwinem.  Pan jest nieobliczalny, Panie Januszu;3;http://wyborcza.pl/1,143644,17873497,Wybory_prezydenckie_2015__Kukiz_zrywa_z_Korwinem_.html
2015-05-07;http://wyborcza.pl/0,0.html?piano_d=1;Co wybory przyniosą Polakom żyjącym w Wielkiej Brytanii;2;http://wyborcza.pl/1,75477,17873737,Co_wybory_przyniosa_Polakom_zyjacym_w_Wielkiej_Brytanii.html
2015-05-07;http://wyborcza.pl/0,0.html?piano_d=1;Wybory prezydenckie 2015. Kukiz zrywa z Korwinem.  Pan jest nieobliczalny, Panie Januszu, a Polska jedyna;2;http://wyborcza.pl/1,75478,17873497,Wybory_prezydenckie_2015__Kukiz_zrywa_z_Korwinem_.html
2015-05-07;http://wyborcza.pl/0,0.html?piano_d=1;Brytyjskie wybory: łeb w łeb;2;http://wyborcza.pl/1,75477,17873730,Brytyjskie_wybory__leb_w_leb.html
2015-05-07;http://wyborcza.pl/0,0.html?piano_d=1;Wybory prezydenckie 2015. Postępowcy, nauczcie się mówić!;3;http://wyborcza.pl/1,143644,17872983,Wybory_prezydenckie_2015__Postepowcy__nauczcie_sie.html
2015-05-07;http://wyborcza.pl/0,0.html?piano_d=1;PiS wzywa, by na wybory iść z własnym długopisem. O co tu chodzi?;3;http://wyborcza.pl/politykaekstra/1,145208,17866649,Wybory_prezydenckie_2015__Akcja_dlugopisowa__czyli.html
2015-05-07;http://wyborcza.pl/0,0.html?piano_d=1;Po debacie prezydenckiej: kandydaci widzom zgotowali ten los;3;http://wyborcza.pl/1,75968,17868797,Debata_prezydencka__kandydaci_widzom_zgotowali_ten.html
2015-05-07;http://www.tvp.info/;06:50                                                 Dziś Marian Kowalski w „Polityce przy kawie”. Oglądaj o godz. 8.15 w TVP1;3;http://www.tvp.info/19956566/dzis-marian-kowalski-w-polityce-przy-kawie-ogladaj-o-godz-815-w-tvp1
2015-05-07;http://www.tvp.info/;Paderewski, Witos i wyciąganie Polski ze zgliszczy. Kampania na finiszu;2;http://www.tvp.info.pl/19953233/paderewski-witos-i-wyciaganie-polski-ze-zgliszczy-kampania-na-finiszu
2015-05-07;http://www.tvp.info/;Tylko u nas    Obietnice, postulaty, żarty. Zobacz całą debatę kandydatów na prezydenta w TVP1;2;http://www.tvp.info.pl/19939169/kukiz-do-korwinmikkego-jezeli-pan-zostanie-krolem-to-ja-sie-z-wyborow-wycofam-zobacz-cala-debate-tvp1
2015-05-07;http://www.wp.pl;4 min.Sensacyjny sondaż;2;http://wiadomosci.wp.pl/kat,1329,title,Sensacyjny-sondaz-Ekspert-wyborcy-glosuja-na-osobowosci-nie-na-partie,wid,17516197,wiadomosc.html
2015-05-07;http://www.wp.pl;ważneKorwin-Mikke opublikował SMS od Kukiza;2;http://wiadomosci.wp.pl/kat,1342,title,Janusz-Korwin-Mikke-opublikowal-SMS-od-Pawla-Kukiza,wid,17516432,wiadomosc.html
2015-05-07;http://www.wprost.pl/;W SLD ostrzą noże na Millera. Ogórek pociągnie go na dno?;4;http://www.wprost.pl/ar/505569/W-SLD-ostrza-noze-na-Millera-Ogorek-pociagnie-go-na-dno/
2015-05-07;http://www.wprost.pl/;Nałęcz: Prezydenta do debaty zniechęcało to, że...;2;http://www.wprost.pl/ar/505606/Nalecz-Prezydenta-do-debaty-zniechecalo-to-ze/
2015-05-07;http://www.wprost.pl/;W SLD ostrzą noże na Millera. Ogórek pociągnie go na dno?;2;http://www.wprost.pl/ar/505569/W-SLD-ostrza-noze-na-Millera-Ogorek-pociagnie-go-na-dno/
2015-05-07;http://www.wprost.pl/;Debata prezydencka.  Korwin-Mikke znokautował Kukiza, sztab Dudy przedobrzył;2;http://www.wprost.pl/ar/505581/Debata-prezydencka-Korwin-Mikke-znokautowal-Kukiza-sztab-Dudy-przedobrzyl/
2015-05-07;http://www.wprost.pl/;W SLD ostrzą noże na Millera. Ogórek pociągnie go na dno?;1;http://www.wprost.pl/ar/505569/W-SLD-ostrza-noze-na-Millera-Ogorek-pociagnie-go-na-dno/
2015-05-07;http://www.wprost.pl/;Debata prezydencka. "Korwin-Mikke znokautował Kukiza, sztab Dudy przedobrzył";1;http://www.wprost.pl/ar/505581/Debata-prezydencka-Korwin-Mikke-znokautowal-Kukiza-sztab-Dudy-przedobrzyl/
2015-05-07;http://www.wprost.pl/;Ogórek: Kaczyński przyszedłby do mnie na Radę Bezpieczeństwa Narodowego;1;http://www.wprost.pl/ar/505560/Ogorek-Kaczynski-przyszedlby-do-mnie-na-Rade-Bezpieczenstwa-Narodowego/
2015-05-07;http://www.wprost.pl/;Kampania na Twitterze. Palikot groził Rydzykowi, Kukiz napisał o plagiacie;1;http://www.wprost.pl/ar/505175/Kampania-na-Twitterze-Palikot-grozil-Rydzykowi-Kukiz-napisal-o-plagiacie/
2015-05-07;http://www.wprost.pl/;Kampania na Facebooku. Korwin-Mikke "rządzi" z Żelaznego Tronu;1;http://www.wprost.pl/ar/505177/Kampania-na-Facebooku-Korwin-Mikke-rzadzi-z-Zelaznego-Tronu/
2015-05-07;http://www.wprost.pl/;Kaleta dla "Wprost": e-Prezydent? Nie tym razem;1;http://www.wprost.pl/ar/505075/Kaleta-dla-Wprost-e-Prezydent-Nie-tym-razem/
2015-05-07;http://www.onet.pl/;  Wyzwiska, rzucanie kamieniami i obraźliwe napisy - ataki na polskiego kandydata do brytyjskiego parlamentu ;3;http://wiadomosci.onet.pl/wielka-brytania-i-irlandia/wyzwiska-rzucanie-kamieniami-i-obrazliwe-napisy-ataki-na-polskiego-kandydata-do/xw223l
2015-05-07;http://www.onet.pl/;Paweł Kukiz stracił w końcówce kampanii wyborczej?;2;http://wiadomosci.onet.pl/kraj/na-koncowce-kampanii-stracil-pawel-kukiz/ck4hwb
2015-05-07;http://www.onet.pl/;Nowy sojusznik Kukiza. "Jemu chodzi o coś więcej";2;http://wiadomosci.onet.pl/warszawa/kukiz-ma-nowego-sojusznika-ciesze-sie-ze-zerwal-z-korwinem-mikke/dweznn
2015-05-07;http://www.onet.pl/;"Nikt nie spodziewał się takiej kampanii Dudy";2;http://biznes.pl/gawkowski-nikt-nie-spodziewal-sie-takiej-kampanii-andrzeja-dudy/g2k9q4
2015-05-07;http://www.onet.pl/;Rodzinne tajemnice kandydatów na prezydenta;2;http://www.fakt.pl/polityka/rodzinne-tajemnice-kandydatow-na-prezydenta,galeria,543090.html
2015-05-07;http://www.onet.pl/;Kukiz ma nowego sojusznika. "Cieszę się, że zerwał z Korwin-Mikkem";1;http://wiadomosci.onet.pl/warszawa/kukiz-ma-nowego-sojusznika-ciesze-sie-ze-zerwal-z-korwinem-mikke/dweznn
2015-05-07;http://www.newsweek.pl/;Pojedynek na spoty: Komorowski przestał nadstawiać drugi policzek;4;http://polska.newsweek.pl/spot-komorowskiego-o-in-vitro-spot-dudy-o-lesie,artykuly,362651,1.html
2015-05-07;http://www.newsweek.pl/;Komorowski 12 proc. w dół, Duda 19 proc. w górę. Na kogo Polacy postawią w II turze?;3;http://polska.newsweek.pl/sondaz-cbos-glosowanie-wybory,artykuly,362662,1.html
2015-05-07;http://www.newsweek.pl/;Korwin do Kukiza: To Pan zerwał porozumienie;3;http://polska.newsweek.pl/prezydent-2015-janusz-korwin-mikke-odpowiada-palowi-kukizowi,artykuly,362656,1.html
2015-05-07;http://www.newsweek.pl/;Komorowski: Ręka boska mnie chroniła, żeby nie iść na tę debatę;2;http://polska.newsweek.pl/debata-kandydatow-na-prezydenta-bronislaw-komorowski,artykuly,362618,1.html
2015-05-07;http://www.newsweek.pl/;Nie tylko pilnowanie żyrandola. Czym zajmuje się prezydent?;2;http://polska.newsweek.pl/prezydent-obowiazki,film,362648.html
2015-05-07;http://www.newsweek.pl/;Korwin zdradził Kukiza  jak Ruscy 17.09.1939 ? Kandydaci pokłócili się o JOW-y;2;http://polska.newsweek.pl/pawel-kukiz-i-janusz-korwin-mikke-poklocili-sie-o-jow-y,artykuly,362612,1.html
2015-05-07;http://www.newsweek.pl/;Świat,USA,chcą,odsunięcia,Asada,od,władzy,Bez,tego,problem,IS,nie,zostanie,rozwiązany,Problem,jaki,stanowi,dżihadystyczna,organizacja,Państwo,Islamskie,IS,w,Syrii,i,w,innych,częściach,Bliskiego,Wschodu,nie,zostanie,rozwiązany,dopóki,prezydent,Syrii,Baszar;1;http://swiat.newsweek.pl/problem-is-w-syrii-zostanie-rozwiazany-gdy-ustapi-prezydent-asad,artykuly,362608,1.html
2015-05-07;http://www.newsweek.pl/;Polacy,chcą,dodatkowego,podatku,dla,najbogatszych,Większość,Polaków,jest,za,wprowadzeniem,dodatkowej,stawki,podatkowej,dla,najbogatszych,pokazał,sondaż,IQS,dla,Newsweeka;1;http://biznes.newsweek.pl/wysokosc-podatkow-w-polsce-wyzsze-podatki-dla-najbogatszych,artykuly,362455,1.html
2015-05-07;http://www.newsweek.pl/;Nie,obchodzą,Cię,brytyjskie,wybory,Oto,6,powodów,by,zmienić,zdanie,Korespondent,polityczny,BBC,Rob,Watson,tłumaczy,osobom,spoza,Zjednoczonego,Królestwa,dlaczego,brytyjskie,wybory,mogą,wpłynąć,nie,tylko,na,losy,Wielkiej,Brytanii;1;http://swiat.newsweek.pl/wybory-parlamentarne-w-wielkiej-brytanii-co-warto-o-nich-wiedziec-,artykuly,362659,1.html
2015-05-07;http://www.newsweek.pl/;Nocne,Wilki,dostają,od,Kremla,miliony,rubli,Gang,motocyklowy,Nocne,Wilki,oraz,powiązane,z,nim,firmy,i,organizacje,miały,w,ciągu,ostatnich,18,miesięcy,dostać,od,państwa,aż,56,mln,rubli,około,4,mln,złotych,twierdzi;1;http://swiat.newsweek.pl/nocne-wilki-dostaly-od-kremla-56-mln-rubli-donosi-aleksiej-nawalny,artykuly,362621,1.html
2015-05-07;http://www.newsweek.pl/;Więcej;1;
2015-05-07;http://www.tvn24.pl/;Co czeka polskich imigrantówpo wyborach na Wyspach?;4;http://www.tvn24.pl/wielka-brytania-sprawy-polskie-w-wyborach-parlamentarnych,539913,s.html
2015-05-07;http://www.tvn24.pl/;Czwartek, piÄtek, potem cisza. Kampania zmierza do mety;3;http://www.tvn24.pl/wybory-prezydenckie-2015-kampania-zmierza-do-mety,540036,s.html
2015-05-07;http://www.tvn24.pl/;Korwin-Mikke i Kukiz chcieli razem. Co teraz?;3;http://www.tvn24.pl/quo-vadis,540009,s.html
2015-05-07;http://www.tvn24.pl/;odtwÃ³rz: Korwin-Mikke i Kukiz chcieli razem. Co teraz?;3;http://www.tvn24.pl/quo-vadis,540009,s.html#autoplay
2015-05-07;http://www.tvn24.pl/;LeÅny argument w kampanii;3;http://www.tvn24.pl/lesne-legendy,540025,s.html
2015-05-07;http://www.tvn24.pl/;Odtwórz: LeÅny argument w kampanii;3;http://www.tvn24.pl/lesne-legendy,540025,s.html#autoplay
2015-05-07;http://www.tvn24.pl/;NaÅÄcz: Debata? Prezydent musiaÅby sÅuchaÄ treÅci antysemickich;3;http://www.tvn24.pl/tomasz-nalecz-i-tadeusz-cymanski-w-kropce-nad-i,540000,s.html
2015-05-07;http://www.tvn24.pl/;odtwÃ³rz: NaÅÄcz: Debata? Prezydent musiaÅby sÅuchaÄ treÅci antysemickich;3;http://www.tvn24.pl/tomasz-nalecz-i-tadeusz-cymanski-w-kropce-nad-i,540000,s.html#autoplay
2015-05-07;http://www.tvn24.pl/;Brytyjczycy wybierajÄ parlament.   Co czeka polskich imigrantÃ³w po wyborach?;2;http://www.tvn24.pl/wiadomosci-ze-swiata,2/brytyjczycy-wybieraja-parlament-co-czeka-polskich-imigrantow-po-wyborach,539913.html
2015-05-07;http://www.tvn24.pl/;Brytyjczycy wybierajÄ parlament.   Co czeka polskich imigrantÃ³w po wyborach?;2;http://www.tvn24.pl/wielka-brytania-sprawy-polskie-w-wyborach-parlamentarnych,539913,s.html
2015-05-07;http://www.tvn24.pl/;Czwartek, piÄtek, potem cisza. Kampania zmierza do mety;2;http://www.tvn24.pl/czwartek-piatek-potem-cisza-kampania-zmierza-do-mety,540036,s.html
2015-05-07;http://www.tvn24.pl/;Korwin-Mikke i Kukiz chcieli razem. Co teraz?;2;http://www.tvn24.pl/korwin-mikke-i-kukiz-chcieli-razem-co-teraz,540009,s.html
2015-05-07;http://www.tvn24.pl/;LeÅny argument w kampanii;2;http://www.tvn24.pl/lesny-argument-w-kampanii,540025,s.html
2015-05-07;http://www.tvn24.pl/;NaÅÄcz: Debata? Prezydent musiaÅby sÅuchaÄ treÅci antysemickich;2;http://www.tvn24.pl/nalecz-debata-prezydent-musialby-sluchac-tresci-antysemickich,540000,s.html
2015-05-07;http://www.tvn24.pl/;Korwin-Mikke i Kukiz chcieli razem. Co teraz?;1;http://www.tvn24.pl/quo-vadis,540009,s.html
2015-05-07;http://www.tvn24.pl/;odtwÃ³rz: Korwin-Mikke i Kukiz chcieli razem. Co teraz?;1;http://www.tvn24.pl/quo-vadis,540009,s.html#autoplay
2015-05-07;http://www.tvn24.pl/;LeÅny argument w kampanii;1;http://www.tvn24.pl/lesne-legendy,540025,s.html
2015-05-07;http://www.tvn24.pl/;Odtwórz: LeÅny argument w kampanii;1;http://www.tvn24.pl/lesne-legendy,540025,s.html#autoplay
2015-05-07;http://www.tvn24.pl/;NaÅÄcz: Debata? Prezydent musiaÅby sÅuchaÄ treÅci antysemickich;1;http://www.tvn24.pl/tomasz-nalecz-i-tadeusz-cymanski-w-kropce-nad-i,540000,s.html
2015-05-07;http://www.tvn24.pl/;odtwÃ³rz: NaÅÄcz: Debata? Prezydent musiaÅby sÅuchaÄ treÅci antysemickich;1;http://www.tvn24.pl/tomasz-nalecz-i-tadeusz-cymanski-w-kropce-nad-i,540000,s.html#autoplay
2015-05-07;http://natemat.pl/;Bliskie spotkania trzeciego stopnia. Dzięki debacie TVP Brauna słuchały miliony;4;http://natemat.pl/141761,bliskie-spotkania-trzeciego-stopnia-dzieki-debacie-tvp-grzegorza-brauna-pierwszy-raz-sluchaly-miliony
2015-05-07;http://natemat.pl/;Kaczyński w TV Trwam: Jeśli Kukiz chce walczyć z systemem, powinien zwrócić się ku PiS;3;http://natemat.pl/141785,jaroslaw-kaczynski-w-tv-trwam-jesli-kukiz-chce-walczyc-z-systemem-powinien-zwrocic-sie-ku-pis
2015-05-07;http://natemat.pl/;Komorowski, Duda, Ogórek dają lekcje, jak występować publicznie;2;http://klaudiapingot.natemat.pl/141709,komorowski-duda-ogorek-daja-lekcje-jak-wystepowac-publicznie-12-dobrych-rad
2015-05-07;http://natemat.pl/;Kłótnia z Korwinem to dla Kukiza zderzenie z polityczną rzeczywistością;2;http://natemat.pl/141743,klotnia-z-korwinem-to-dla-pawla-kukiza-zderzenie-z-polityczna-rzeczywistoscia-a-bedzie-jeszcze-gorzej
2015-05-07;http://natemat.pl/;To nie żart. Napój Korwin Energy Drink trafił do sprzedaży;2;http://natemat.pl/141707,to-nie-zart-napoj-energetyzujacy-korwin-energy-drink-trafil-do-sprzedazy
2015-05-07;http://natemat.pl/;Z Korwina powstałeś, do Korwina powrócisz;2;http://natemat.pl/93927,z-korwina-powstales-do-korwina-powrocisz-oni-tak-jak-wipler-maja-w-sobie-gen-upr-u
2015-05-07;http://natemat.pl/;Kowalski nie istnieje. Nie zarabiamy po 4 tys. zł;1;http://fundacjamedia30.innpoland.pl/116981,kowalski-nie-istnieje-nie-zarabiamy-po-4-tys-zl
2015-05-07;http://natemat.pl/;Żakowski: Rozumiem Korwina i jestem mu wdzięczny, że poświęcił sojusz z Kukizem;1;http://natemat.pl/141701,jacek-zakowski-rozumiem-korwin-mikkego-i-jestem-mu-wdzieczny-ze-poswiecil-sojusz-z-kukizem
2015-05-07;http://natemat.pl/;Korwin zdradził Kukiza.  Niech Pan przekaże swoje głosy komukolwiek. Ja ich nie chcę;1;http://natemat.pl/141685,korwin-mikke-zdradzil-kukiza-niech-pan-przekaze-swoje-glosy-komukolwiek-ja-ich-nie-chce
2015-05-07;http://natemat.pl/;2 tysiące dzieci z in vitro. Komorowski:  Cieszmy się każdym urodzonym w Polsce dzieckiem;1;http://natemat.pl/141703,2-tysiace-dzieci-z-in-vitro-komorowski-cieszmy-sie-kazdym-urodzonym-w-polsce-dzieckiem
2015-05-07;http://natemat.pl/;Obniżenie wieku emerytalnego to główny postulat  Dudy. Nie potrafi wyjaśnić, jak to zrobi;1;http://natemat.pl/141751,obnizenie-wieku-emerytalnego-to-glowny-postulat-dudy-kandydat-pis-nie-potrafi-wytlumaczyc-skad-wziac-na-to-pieniadze
2015-05-07;http://natemat.pl/;Duda bez paliwa. Świetny start kampanii, ale od kilku tygodni nie istnieje;1;http://natemat.pl/141669,andrzej-duda-bez-paliwa-jego-kampania-od-wielkanocy-nie-istnieje-a-lepsze-spoty-robi-nawet-komorowski
2015-05-07;http://natemat.pl/;Duda coraz mocniej brnie ws. in vitro;1;http://natemat.pl/136367,andrzej-duda-coraz-mocniej-brnie-w-sprawie-in-vitro-to-w-znacznym-stopniu-oszustwo
2015-05-07;http://natemat.pl/;Polityka  oficjalnie poparła Bronisława Komorowskiego.  Najlepszy kandydat;1;http://natemat.pl/141729,polityka-oficjalnie-poparla-bronislawa-komorowskiego-najlepszy-kandydat
2015-05-07;http://natemat.pl/;Reptilianie zaniepokojeni kłótnią Kukiza z Korwinem w TVP;1;http://aszdziennik.pl/114795,reptilianie-zaniepokojeni-klotnia-kukiza-z-korwinem-w-tvp-zniszczyc-system-mozemy-tylko-razem
2015-05-07;http://natemat.pl/;Armia Pawła Kukiza. Jego zwolennicy są bardziej fanatyczni niż wyznawcy Kaczyńskiego i Korwina;1;http://natemat.pl/141513,armia-pawla-kukiza-jego-zwolennicy-sa-bardziej-fanatyczni-niz-wyznawcy-kaczynskiego-i-korwina
2015-05-07;http://natemat.pl/;List do Andrzeja Dudy;1;http://wojciechsadurski.natemat.pl/141629,list-do-andrzeja-dudy
2015-05-07;http://www.gazeta.pl;Korwin-Mikke publikuje SMS od Kukiza.  Druga część naszego porozumienia nadal obowiązuje;3;http://wiadomosci.gazeta.pl/wiadomosci/1,143907,17871403,Korwin_Mikke_odpowiada_Kukizowi__Powinnismy_razem.html#Czolka3Img
2015-05-07;http://www.gazeta.pl;Sondaż CBOS: w II turze wybory wygrywa Komorowski;1;http://wiadomosci.gazeta.pl/wiadomosci/1,143907,17869203,Wybory_prezydenckie__CBOS__w_II_turze_wybory_wygrywa.html#BoxNewsLink
2015-05-07;http://www.gazeta.pl;Komorowski o kandydatach: Część bez wiedzy, dorobku;1;http://wiadomosci.gazeta.pl/wiadomosci/1,114871,17872152,Komorowski_o_wspolkandydatach__Ludzie_pozbawieni_doswiadczenia.html#BoxNewsLink
2015-05-07;http://www.gazeta.pl;Wybory na Wyspach: wynik  całkiem nieprzewidywalny;1;http://wiadomosci.gazeta.pl/wiadomosci/1,114871,17873125,Wybory_w_Wielkiej_Brytanii_juz_jutro__Stawka_ogromna_.html#BoxNewsLink
2015-05-07;http://www.dziennik.pl;Kukiz uderza w Korwin-Mikkego: Jest człowiekiem systemu;3;http://wiadomosci.dziennik.pl/wybory-prezydenckie/artykuly/489719,pawel-kukiz-bije-w-korwin-mikkego-to-czlowiek-systemu.html
2015-05-07;http://www.dziennik.pl;Oto, kto wygrałby drugą turę wyborów. Najnowszy SONDAŻ;2;http://wiadomosci.dziennik.pl/wybory-prezydenckie/artykuly/489668,wybory-prezydenckie-2015-kto-wygralby-druga-ture-sondaz-cbos.html
2015-05-07;http://www.dziennik.pl;Duda u sadowników cytuje Witosa i mówi o rolniczej biedzie. ZDJĘCIA;2;http://wiadomosci.dziennik.pl/wybory-prezydenckie/galeria/489709,kampania-prezydencka-duda-cytuje-witosa-u-sadownikow.html
2015-05-07;http://www.dziennik.pl;Komorowski powołał Borysa Budkę na ministra sprawiedliwości;1;http://wiadomosci.dziennik.pl/polityka/artykuly/489512,komorowski-powolal-borysa-budke-na-ministra-sprawiedliwosci.html
2015-05-07;http://wyborcza.pl/0,0.html?piano_d=1;Kukiz zrywa z Korwinem.  Pan jest nieobliczalny, Panie Januszu;3;http://wyborcza.pl/1,143644,17873497,Wybory_prezydenckie_2015__Kukiz_zrywa_z_Korwinem_.html
2015-05-07;http://wyborcza.pl/0,0.html?piano_d=1;Co wybory przyniosą Polakom żyjącym w Wielkiej Brytanii;2;http://wyborcza.pl/1,75477,17873737,Co_wybory_przyniosa_Polakom_zyjacym_w_Wielkiej_Brytanii.html
2015-05-07;http://wyborcza.pl/0,0.html?piano_d=1;Brytyjskie wybory: łeb w łeb;2;http://wyborcza.pl/1,75477,17873730,Brytyjskie_wybory__leb_w_leb.html
2015-05-07;http://wyborcza.pl/0,0.html?piano_d=1;Wybory prezydenckie 2015. Kukiz zrywa z Korwinem.  Pan jest nieobliczalny, Panie Januszu, a Polska jedyna;2;http://wyborcza.pl/1,75478,17873497,Wybory_prezydenckie_2015__Kukiz_zrywa_z_Korwinem_.html
2015-05-07;http://wyborcza.pl/0,0.html?piano_d=1;Wybory prezydenckie 2015. Postępowcy, nauczcie się mówić!;3;http://wyborcza.pl/1,143644,17872983,Wybory_prezydenckie_2015__Postepowcy__nauczcie_sie.html
2015-05-07;http://wyborcza.pl/0,0.html?piano_d=1;PiS wzywa, by na wybory iść z własnym długopisem. O co tu chodzi?;3;http://wyborcza.pl/politykaekstra/1,145208,17866649,Wybory_prezydenckie_2015__Akcja_dlugopisowa__czyli.html
2015-05-07;http://wyborcza.pl/0,0.html?piano_d=1;Po debacie prezydenckiej: kandydaci widzom zgotowali ten los;3;http://wyborcza.pl/1,75968,17868797,Debata_prezydencka__kandydaci_widzom_zgotowali_ten.html
2015-05-07;http://www.tvp.info/;Dziś Marian Kowalski w „Polityce przy kawie”. Oglądaj o godz. 8.15 w TVP1;3;http://www.tvp.info/19956566/dzis-marian-kowalski-w-polityce-przy-kawie-ogladaj-o-godz-815-w-tvp1
2015-05-07;http://www.tvp.info/;Paderewski, Witos i wyciąganie Polski ze zgliszczy. Kampania na finiszu;2;http://www.tvp.info.pl/19953233/paderewski-witos-i-wyciaganie-polski-ze-zgliszczy-kampania-na-finiszu
2015-05-07;http://www.wp.pl;1 godz.Sensacyjny sondaż. Na kogo głosują?;2;http://wiadomosci.wp.pl/kat,1329,title,Sensacyjny-sondaz-Ekspert-wyborcy-glosuja-na-osobowosci-nie-na-partie,wid,17516197,wiadomosc.html
2015-05-07;http://www.wp.pl;ważneKorwin-Mikke opublikował SMS od Kukiza;2;http://wiadomosci.wp.pl/kat,1342,title,Janusz-Korwin-Mikke-opublikowal-SMS-od-Pawla-Kukiza,wid,17516432,wiadomosc.html
2015-05-07;http://www.wprost.pl/;W SLD ostrzą noże na Millera. Ogórek pociągnie go na dno?;4;http://www.wprost.pl/ar/505569/W-SLD-ostrza-noze-na-Millera-Ogorek-pociagnie-go-na-dno/
2015-05-07;http://www.wprost.pl/;Nałęcz: Prezydenta do debaty zniechęcało to, że...;2;http://www.wprost.pl/ar/505606/Nalecz-Prezydenta-do-debaty-zniechecalo-to-ze/
2015-05-07;http://www.wprost.pl/;W SLD ostrzą noże na Millera. Ogórek pociągnie go na dno?;2;http://www.wprost.pl/ar/505569/W-SLD-ostrza-noze-na-Millera-Ogorek-pociagnie-go-na-dno/
2015-05-07;http://www.wprost.pl/;Debata prezydencka.  Korwin-Mikke znokautował Kukiza, sztab Dudy przedobrzył;2;http://www.wprost.pl/ar/505581/Debata-prezydencka-Korwin-Mikke-znokautowal-Kukiza-sztab-Dudy-przedobrzyl/
2015-05-07;http://www.wprost.pl/;W SLD ostrzą noże na Millera. Ogórek pociągnie go na dno?;1;http://www.wprost.pl/ar/505569/W-SLD-ostrza-noze-na-Millera-Ogorek-pociagnie-go-na-dno/
2015-05-07;http://www.wprost.pl/;Debata prezydencka. "Korwin-Mikke znokautował Kukiza, sztab Dudy przedobrzył";1;http://www.wprost.pl/ar/505581/Debata-prezydencka-Korwin-Mikke-znokautowal-Kukiza-sztab-Dudy-przedobrzyl/
2015-05-07;http://www.wprost.pl/;Ogórek: Kaczyński przyszedłby do mnie na Radę Bezpieczeństwa Narodowego;1;http://www.wprost.pl/ar/505560/Ogorek-Kaczynski-przyszedlby-do-mnie-na-Rade-Bezpieczenstwa-Narodowego/
2015-05-07;http://www.wprost.pl/;Kampania na Twitterze. Palikot groził Rydzykowi, Kukiz napisał o plagiacie;1;http://www.wprost.pl/ar/505175/Kampania-na-Twitterze-Palikot-grozil-Rydzykowi-Kukiz-napisal-o-plagiacie/
2015-05-07;http://www.wprost.pl/;Kampania na Facebooku. Korwin-Mikke "rządzi" z Żelaznego Tronu;1;http://www.wprost.pl/ar/505177/Kampania-na-Facebooku-Korwin-Mikke-rzadzi-z-Zelaznego-Tronu/
2015-05-07;http://www.wprost.pl/;Kaleta dla "Wprost": e-Prezydent? Nie tym razem;1;http://www.wprost.pl/ar/505075/Kaleta-dla-Wprost-e-Prezydent-Nie-tym-razem/
2015-05-07;http://www.onet.pl/;  "F**k Polish!". Rzucają w niego kamieniami, obrażają. Polski kandydat atakowany na Wyspach ;3;http://wiadomosci.onet.pl/wielka-brytania-i-irlandia/wyzwiska-rzucanie-kamieniami-i-obrazliwe-napisy-ataki-na-polskiego-kandydata-do/xw223l
2015-05-07;http://www.onet.pl/;Paweł Kukiz stracił w końcówce kampanii wyborczej?;2;http://wiadomosci.onet.pl/kraj/na-koncowce-kampanii-stracil-pawel-kukiz/ck4hwb
2015-05-07;http://www.onet.pl/;"Nikt nie spodziewał się takiej kampanii Dudy";2;http://biznes.pl/gawkowski-nikt-nie-spodziewal-sie-takiej-kampanii-andrzeja-dudy/g2k9q4
2015-05-07;http://www.onet.pl/;Rodzinne tajemnice kandydatów na prezydenta;2;http://www.fakt.pl/polityka/rodzinne-tajemnice-kandydatow-na-prezydenta,galeria,543090.html
2015-05-07;http://www.onet.pl/;Ważna deklaracja prezydent Warszawy;1;http://biznes.pl/kraj/gronkiewicz-waltz-most-lazienkowski-do-konca-pazdziernika/4bs5k0
2015-05-07;http://www.onet.pl/;Kukiz ma nowego sojusznika. "Cieszę się, że zerwał z Korwin-Mikkem";1;http://wiadomosci.onet.pl/warszawa/kukiz-ma-nowego-sojusznika-ciesze-sie-ze-zerwal-z-korwinem-mikke/dweznn
2015-05-07;http://www.newsweek.pl/;Pojedynek na spoty: Komorowski przestał nadstawiać drugi policzek;4;http://polska.newsweek.pl/spot-komorowskiego-o-in-vitro-spot-dudy-o-lesie,artykuly,362651,1.html
2015-05-07;http://www.newsweek.pl/;Nie obchodzą Cię brytyjskie wybory? Oto 6 powodów, by zmienić zdanie;4;http://swiat.newsweek.pl/wybory-parlamentarne-w-wielkiej-brytanii-co-warto-o-nich-wiedziec-,artykuly,362659,1.html
2015-05-07;http://www.newsweek.pl/;Komorowski 12 proc. w dół, Duda 19 proc. w górę. Na kogo Polacy postawią w II turze?;3;http://polska.newsweek.pl/sondaz-cbos-glosowanie-wybory,artykuly,362662,1.html
2015-05-07;http://www.newsweek.pl/;Korwin do Kukiza: To Pan zerwał porozumienie;3;http://polska.newsweek.pl/prezydent-2015-janusz-korwin-mikke-odpowiada-palowi-kukizowi,artykuly,362656,1.html
2015-05-07;http://www.newsweek.pl/;Komorowski: Ręka boska mnie chroniła, żeby nie iść na tę debatę;2;http://polska.newsweek.pl/debata-kandydatow-na-prezydenta-bronislaw-komorowski,artykuly,362618,1.html
2015-05-07;http://www.newsweek.pl/;Nie tylko pilnowanie żyrandola. Czym zajmuje się prezydent?;2;http://polska.newsweek.pl/prezydent-obowiazki,film,362648.html
2015-05-07;http://www.newsweek.pl/;Korwin zdradził Kukiza  jak Ruscy 17.09.1939 ? Kandydaci pokłócili się o JOW-y;2;http://polska.newsweek.pl/pawel-kukiz-i-janusz-korwin-mikke-poklocili-sie-o-jow-y,artykuly,362612,1.html
2015-05-07;http://www.newsweek.pl/;Świat,USA,chcą,odsunięcia,Asada,od,władzy,Bez,tego,problem,IS,nie,zostanie,rozwiązany,Problem,jaki,stanowi,dżihadystyczna,organizacja,Państwo,Islamskie,IS,w,Syrii,i,w,innych,częściach,Bliskiego,Wschodu,nie,zostanie,rozwiązany,dopóki,prezydent,Syrii,Baszar;1;http://swiat.newsweek.pl/problem-is-w-syrii-zostanie-rozwiazany-gdy-ustapi-prezydent-asad,artykuly,362608,1.html
2015-05-07;http://www.newsweek.pl/;Polacy,chcą,dodatkowego,podatku,dla,najbogatszych,Większość,Polaków,jest,za,wprowadzeniem,dodatkowej,stawki,podatkowej,dla,najbogatszych,pokazał,sondaż,IQS,dla,Newsweeka;1;http://biznes.newsweek.pl/wysokosc-podatkow-w-polsce-wyzsze-podatki-dla-najbogatszych,artykuly,362455,1.html
2015-05-07;http://www.newsweek.pl/;10,trików,dzięki,którym,przetrwasz,poza,Facebookiem,Kontakt,wzrokowy,opanowanie,mowy,ciała,szacunek,i,pozytywny,stosunek,do,rozmówcy,Banały,speców,od,PR,Nie,do,końca,Jeśli,chcesz,odnieść,prawdziwy,sukces,bądź,towarzyski;1;http://stylzycia.newsweek.pl/jak-przetrwac-bez-social-media-zycie-bez-facebooka,artykuly,362668,1.html
2015-05-07;http://www.newsweek.pl/;Nocne,Wilki,dostają,od,Kremla,miliony,rubli,Gang,motocyklowy,Nocne,Wilki,oraz,powiązane,z,nim,firmy,i,organizacje,miały,w,ciągu,ostatnich,18,miesięcy,dostać,od,państwa,aż,56,mln,rubli,około,4,mln,złotych,twierdzi;1;http://swiat.newsweek.pl/nocne-wilki-dostaly-od-kremla-56-mln-rubli-donosi-aleksiej-nawalny,artykuly,362621,1.html
2015-05-07;http://www.tvn24.pl/;Co czeka polskich imigrantówpo wyborach na Wyspach?;4;http://www.tvn24.pl/wielka-brytania-sprawy-polskie-w-wyborach-parlamentarnych,539913,s.html
2015-05-07;http://www.tvn24.pl/;Dlaczego Lotos? Oto miejsce, w ktÃ³rym Kukiz i Korwin-Mikke wykuwali porozumienie;3;http://fakty.tvn24.pl/ogladaj-online,60/korwin-mikke-i-kukiz-spotkali-sie-w-kultowej-warszawskiej-restauracji,539956.html
2015-05-07;http://www.tvn24.pl/;OdtwÃ³rz: Dlaczego Lotos? Oto miejsce, w ktÃ³rym Kukiz i Korwin-Mikke wykuwali porozumienie;3;http://fakty.tvn24.pl/ogladaj-online,60/korwin-mikke-i-kukiz-spotkali-sie-w-kultowej-warszawskiej-restauracji,539956.html
2015-05-07;http://www.tvn24.pl/;Korwin-Mikke i Kukiz chcieli razem. Co teraz?;3;http://www.tvn24.pl/quo-vadis,540009,s.html
2015-05-07;http://www.tvn24.pl/;odtwÃ³rz: Korwin-Mikke i Kukiz chcieli razem. Co teraz?;3;http://www.tvn24.pl/quo-vadis,540009,s.html#autoplay
2015-05-07;http://www.tvn24.pl/;Czwartek, piÄtek, potem cisza. Kampania zmierza do mety;3;http://www.tvn24.pl/wybory-prezydenckie-2015-kampania-zmierza-do-mety,540036,s.html
2015-05-07;http://www.tvn24.pl/;LeÅny argument w kampanii;3;http://www.tvn24.pl/lesne-legendy,540025,s.html
2015-05-07;http://www.tvn24.pl/;Odtwórz: LeÅny argument w kampanii;3;http://www.tvn24.pl/lesne-legendy,540025,s.html#autoplay
2015-05-07;http://www.tvn24.pl/;NaÅÄcz: Debata? Prezydent musiaÅby sÅuchaÄ treÅci antysemickich;3;http://www.tvn24.pl/tomasz-nalecz-i-tadeusz-cymanski-w-kropce-nad-i,540000,s.html
2015-05-07;http://www.tvn24.pl/;odtwÃ³rz: NaÅÄcz: Debata? Prezydent musiaÅby sÅuchaÄ treÅci antysemickich;3;http://www.tvn24.pl/tomasz-nalecz-i-tadeusz-cymanski-w-kropce-nad-i,540000,s.html#autoplay
2015-05-07;http://www.tvn24.pl/;Brytyjczycy wybierajÄ parlament.   Co czeka polskich imigrantÃ³w po wyborach?;2;http://www.tvn24.pl/wielka-brytania-sprawy-polskie-w-wyborach-parlamentarnych,539913,s.html
2015-05-07;http://www.tvn24.pl/;Korwin-Mikke i Kukiz chcieli razem. Co teraz?;2;http://www.tvn24.pl/korwin-mikke-i-kukiz-chcieli-razem-co-teraz,540009,s.html
2015-05-07;http://www.tvn24.pl/;Czwartek, piÄtek, potem cisza. Kampania zmierza do mety;2;http://www.tvn24.pl/czwartek-piatek-potem-cisza-kampania-zmierza-do-mety,540036,s.html
2015-05-07;http://www.tvn24.pl/;LeÅny argument w kampanii;2;http://www.tvn24.pl/lesny-argument-w-kampanii,540025,s.html
2015-05-07;http://www.tvn24.pl/;NaÅÄcz: Debata? Prezydent musiaÅby sÅuchaÄ treÅci antysemickich;2;http://www.tvn24.pl/nalecz-debata-prezydent-musialby-sluchac-tresci-antysemickich,540000,s.html
2015-05-07;http://www.tvn24.pl/;Korwin-Mikke i Kukiz chcieli razem. Co teraz?;1;http://www.tvn24.pl/quo-vadis,540009,s.html
2015-05-07;http://www.tvn24.pl/;odtwÃ³rz: Korwin-Mikke i Kukiz chcieli razem. Co teraz?;1;http://www.tvn24.pl/quo-vadis,540009,s.html#autoplay
2015-05-07;http://www.tvn24.pl/;Czwartek, piÄtek, potem cisza. Kampania zmierza do mety;1;http://www.tvn24.pl/wybory-prezydenckie-2015-kampania-zmierza-do-mety,540036,s.html
2015-05-07;http://www.tvn24.pl/;LeÅny argument w kampanii;1;http://www.tvn24.pl/lesne-legendy,540025,s.html
2015-05-07;http://www.tvn24.pl/;Odtwórz: LeÅny argument w kampanii;1;http://www.tvn24.pl/lesne-legendy,540025,s.html#autoplay
2015-05-07;http://www.tvn24.pl/;NaÅÄcz: Debata? Prezydent musiaÅby sÅuchaÄ treÅci antysemickich;1;http://www.tvn24.pl/tomasz-nalecz-i-tadeusz-cymanski-w-kropce-nad-i,540000,s.html
2015-05-07;http://www.tvn24.pl/;odtwÃ³rz: NaÅÄcz: Debata? Prezydent musiaÅby sÅuchaÄ treÅci antysemickich;1;http://www.tvn24.pl/tomasz-nalecz-i-tadeusz-cymanski-w-kropce-nad-i,540000,s.html#autoplay
2015-05-07;http://natemat.pl/;Bliskie spotkania trzeciego stopnia. Dzięki debacie TVP Brauna słuchały miliony;4;http://natemat.pl/141761,bliskie-spotkania-trzeciego-stopnia-dzieki-debacie-tvp-grzegorza-brauna-pierwszy-raz-sluchaly-miliony
2015-05-07;http://natemat.pl/;Kukiz o debacie prezydenckiej w TVP: ustawiona po to, by zrobić z kandydatów idiotów;3;http://natemat.pl/141801,kukiz-o-debacie-prezydenckiej-w-tvp-to-bylo-ustawione-po-to-by-zrobic-z-kandydatow-idiotow
2015-05-07;http://natemat.pl/;Kaczyński o Dudzie podczas debaty:  mógł pokazać więcej, gdyby mu na to pozwolono;3;http://natemat.pl/141785,jaroslaw-kaczynski-w-tv-trwam-jesli-kukiz-chce-walczyc-z-systemem-powinien-zwrocic-sie-ku-pis
2015-05-07;http://natemat.pl/;Komorowski, Duda, Ogórek dają lekcje, jak występować publicznie;2;http://klaudiapingot.natemat.pl/141709,komorowski-duda-ogorek-daja-lekcje-jak-wystepowac-publicznie-12-dobrych-rad
2015-05-07;http://natemat.pl/;Kowalski nie istnieje. Nie zarabiamy po 4 tys. zł;1;http://fundacjamedia30.innpoland.pl/116981,kowalski-nie-istnieje-nie-zarabiamy-po-4-tys-zl
2015-05-07;http://natemat.pl/;2 tysiące dzieci z in vitro. Komorowski:  Cieszmy się każdym urodzonym w Polsce dzieckiem;1;http://natemat.pl/141703,2-tysiace-dzieci-z-in-vitro-komorowski-cieszmy-sie-kazdym-urodzonym-w-polsce-dzieckiem
2015-05-07;http://natemat.pl/;Kłótnia z Korwinem to dla Kukiza zderzenie z polityczną rzeczywistością;1;http://natemat.pl/141743,klotnia-z-korwinem-to-dla-pawla-kukiza-zderzenie-z-polityczna-rzeczywistoscia-a-bedzie-jeszcze-gorzej
2015-05-07;http://natemat.pl/;To nie żart. Napój Korwin Energy Drink trafił do sprzedaży;1;http://natemat.pl/141707,to-nie-zart-napoj-energetyzujacy-korwin-energy-drink-trafil-do-sprzedazy
2015-05-07;http://natemat.pl/;Żakowski: Rozumiem Korwina i jestem mu wdzięczny, że poświęcił sojusz z Kukizem;1;http://natemat.pl/141701,jacek-zakowski-rozumiem-korwin-mikkego-i-jestem-mu-wdzieczny-ze-poswiecil-sojusz-z-kukizem
2015-05-07;http://natemat.pl/;Korwin zdradził Kukiza.  Niech Pan przekaże swoje głosy komukolwiek. Ja ich nie chcę;1;http://natemat.pl/141685,korwin-mikke-zdradzil-kukiza-niech-pan-przekaze-swoje-glosy-komukolwiek-ja-ich-nie-chce
2015-05-07;http://natemat.pl/;Obniżenie wieku emerytalnego to główny postulat  Dudy. Nie potrafi wyjaśnić, jak to zrobi;1;http://natemat.pl/141751,obnizenie-wieku-emerytalnego-to-glowny-postulat-dudy-kandydat-pis-nie-potrafi-wytlumaczyc-skad-wziac-na-to-pieniadze
2015-05-07;http://natemat.pl/;Reptilianie zaniepokojeni kłótnią Kukiza z Korwinem w TVP;1;http://aszdziennik.pl/114795,reptilianie-zaniepokojeni-klotnia-kukiza-z-korwinem-w-tvp-zniszczyc-system-mozemy-tylko-razem
2015-05-07;http://www.gazeta.pl;Młody przedsiębiorca płaci 1100 zł. Chyba że - jak Korwin - oszukuje i jest w KRUS-ie;3;http://wiadomosci.gazeta.pl/wiadomosci/1,114871,17870003,I_Ty_mozesz_zadac_pytanie_Januszowi_Palikotowi__Przewodniczacy.html#Czolka3Img
2015-05-07;http://www.gazeta.pl;Prezydent Litwy: Odradzająca się rosyjska agresja i postsowiecki imperializm największym zagrożeniem dla dzisiejszej Europy;2;http://wiadomosci.gazeta.pl/wiadomosci/1,114871,17874422,Prezydent_Litwy__Europa_nie_moze_poddac_sie_szantazowi.html#BoxNewsImg
2015-05-07;http://www.gazeta.pl;Sondaż: w II turze wygrywa Komorowski, Duda wysoko;1;http://wiadomosci.gazeta.pl/wiadomosci/1,143907,17869203,Wybory_prezydenckie__CBOS__w_II_turze_wybory_wygrywa.html#BoxNewsLink
2015-05-07;http://www.gazeta.pl;Wybory na Wyspach: wynik  całkiem nieprzewidywalny;1;http://wiadomosci.gazeta.pl/wiadomosci/1,114871,17873125,Wybory_w_Wielkiej_Brytanii_juz_jutro__Stawka_ogromna_.html#BoxNewsLink
2015-05-07;http://www.dziennik.pl;Oto, kto wygrałby drugą turę wyborów. Najnowszy SONDAŻ;2;http://wiadomosci.dziennik.pl/wybory-prezydenckie/artykuly/489668,wybory-prezydenckie-2015-kto-wygralby-druga-ture-sondaz-cbos.html
2015-05-07;http://www.dziennik.pl;Duda u sadowników cytuje Witosa i mówi o rolniczej biedzie. ZDJĘCIA;2;http://wiadomosci.dziennik.pl/wybory-prezydenckie/galeria/489709,kampania-prezydencka-duda-cytuje-witosa-u-sadownikow.html
2015-05-07;http://www.dziennik.pl;Kukiz uderza w Korwin-Mikkego: Jest człowiekiem systemu;2;http://wiadomosci.dziennik.pl/wybory-prezydenckie/artykuly/489719,pawel-kukiz-bije-w-korwin-mikkego-to-czlowiek-systemu.html
2015-05-07;http://www.dziennik.pl;Komorowski powołał Borysa Budkę na ministra sprawiedliwości;1;http://wiadomosci.dziennik.pl/polityka/artykuly/489512,komorowski-powolal-borysa-budke-na-ministra-sprawiedliwosci.html
2015-05-07;http://wyborcza.pl/0,0.html?piano_d=1;Kukiz zrywa z Korwinem.  Pan jest nieobliczalny, Panie Januszu;3;http://wyborcza.pl/1,143644,17873497,Wybory_prezydenckie_2015__Kukiz_zrywa_z_Korwinem_.html
2015-05-07;http://wyborcza.pl/0,0.html?piano_d=1;Wybory prezydenckie 2015. Postępowcy, nauczcie się mówić!;3;http://wyborcza.pl/1,143644,17872983,Wybory_prezydenckie_2015__Postepowcy__nauczcie_sie.html
2015-05-07;http://wyborcza.pl/0,0.html?piano_d=1;PiS wzywa, by na wybory iść z własnym długopisem. O co tu chodzi?;3;http://wyborcza.pl/politykaekstra/1,145208,17866649,Wybory_prezydenckie_2015__Akcja_dlugopisowa__czyli.html
2015-05-07;http://wyborcza.pl/0,0.html?piano_d=1;Po debacie prezydenckiej: kandydaci widzom zgotowali ten los;3;http://wyborcza.pl/1,75968,17868797,Debata_prezydencka__kandydaci_widzom_zgotowali_ten.html
2015-05-07;http://www.tvp.info/;Tylko u nas    Kowalski: nie mamy czego świętować, Polska przegrała II wojnę światową;2;http://www.tvp.info.pl/19963024/kowalski-polacy-nie-maja-czego-swietowac-polska-przegrala-ii-wojne-swiatowa
2015-05-07;http://www.tvp.info/;Kukiz przerywa kampanię z powodu choroby ojca. Odwołane spotkanie w Olsztynie;2;http://www.tvp.info.pl/19963100/kukiz-przerywa-kampanie-z-powodu-choroby-ojca-odwolane-spotkanie-w-olsztynie
2015-05-07;http://www.wp.pl;Paweł Kukiz przerywa kampanię wyborczą;4;http://wiadomosci.wp.pl/kat,1342,title,Pawel-Kukiz-przerywa-kampanie-wyborcza,wid,17517144,wiadomosc.html
2015-05-07;http://www.wp.pl;Wybory prezydenckie. Wielki finał kampanii Andrzeja Dudy;4;http://wiadomosci.wp.pl/kat,1342,title,,wid,17517371,wiadomosc.html
2015-05-07;http://www.wp.pl;Ślicznotka z  Wilka z Wall Street  już tak nie wygląda. Po tej metamorfozie trudno ją poznać;3;http://film.wp.pl/id,150724,title,dziejesiewkulturze-Codzienna-dawka-informacji-popkulturalnych-050515-WIDEO,wiadomosc.html
2015-05-07;http://www.wp.pl;2 godz.Eksperci: Paweł Kukiz wygrywa w tej konkurencji;2;http://wiadomosci.wp.pl/kat,1342,title,Eksperci-Pawel-Kukiz-wygrywa-w-konkurencji-kandydatow-antysystemowych,wid,17517330,wiadomosc.html
2015-05-07;http://www.wp.pl;ważneSensacyjny sondaż. Na kogo głosują?;2;http://wiadomosci.wp.pl/kat,1329,title,Sensacyjny-sondaz-Ekspert-wyborcy-glosuja-na-osobowosci-nie-na-partie,wid,17516197,wiadomosc.html
2015-05-07;http://www.wp.pl;ważneKorwin-Mikke opublikował SMS od Kukiza;2;http://wiadomosci.wp.pl/kat,1342,title,Janusz-Korwin-Mikke-opublikowal-SMS-od-Pawla-Kukiza,wid,17516432,wiadomosc.html
2015-05-07;http://www.wp.pl;Paweł Kukiz przerywa kampanię wyborczą;1;/kat,140394,title,Pawel-Kukiz-przerywa-kampanie-wyborcza,wid,17517144,wiadomosc.html
2015-05-07;http://www.wp.pl;Wybory prezydenckie 2015. Praktyczny poradnik dla głosujących;1;/kat,140394,title,Wybory-prezydenckie-2015-Praktyczny-poradnik-dla-glosujacych,wid,17516862,wiadomosc.html
2015-05-07;http://www.wprost.pl/;Kukiz przerywa kampanię;3;http://www.wprost.pl/ar/505702/Kukiz-przerywa-kampanie/
2015-05-07;http://www.wprost.pl/;Wicemarszałek Sejmu: Chciałbym, by wynik Ogórek był lepszy niż dobry;2;http://www.wprost.pl/ar/505709/Wicemarszalek-Sejmu-Chcialbym-by-wynik-Ogorek-byl-lepszy-niz-dobry/
2015-05-07;http://www.wprost.pl/;Rostowski: Pomysł Dudy zmniejszyłby budżet o 20 mld zł;2;http://www.wprost.pl/ar/505705/Rostowski-Pomysl-Dudy-zmniejszylby-budzet-o-20-mld-zl/
2015-05-07;http://www.wprost.pl/;Kukiz przerywa kampanię;2;http://www.wprost.pl/ar/505702/Kukiz-przerywa-kampanie/
2015-05-07;http://www.wprost.pl/;Nałęcz: Prezydenta do debaty zniechęcało to, że...;2;http://www.wprost.pl/ar/505606/Nalecz-Prezydenta-do-debaty-zniechecalo-to-ze/
2015-05-07;http://www.wprost.pl/;W SLD ostrzą noże na Millera. Ogórek pociągnie go na dno?;2;http://www.wprost.pl/ar/505569/W-SLD-ostrza-noze-na-Millera-Ogorek-pociagnie-go-na-dno/
2015-05-07;http://www.wprost.pl/;W SLD ostrzą noże na Millera. Ogórek pociągnie go na dno?;1;http://www.wprost.pl/ar/505569/W-SLD-ostrza-noze-na-Millera-Ogorek-pociagnie-go-na-dno/
2015-05-07;http://www.wprost.pl/;Debata prezydencka. "Korwin-Mikke znokautował Kukiza, sztab Dudy przedobrzył";1;http://www.wprost.pl/ar/505581/Debata-prezydencka-Korwin-Mikke-znokautowal-Kukiza-sztab-Dudy-przedobrzyl/
2015-05-07;http://www.wprost.pl/;Ogórek: Kaczyński przyszedłby do mnie na Radę Bezpieczeństwa Narodowego;1;http://www.wprost.pl/ar/505560/Ogorek-Kaczynski-przyszedlby-do-mnie-na-Rade-Bezpieczenstwa-Narodowego/
2015-05-07;http://www.wprost.pl/;Kampania na Twitterze. Palikot groził Rydzykowi, Kukiz napisał o plagiacie;1;http://www.wprost.pl/ar/505175/Kampania-na-Twitterze-Palikot-grozil-Rydzykowi-Kukiz-napisal-o-plagiacie/
2015-05-07;http://www.wprost.pl/;Kampania na Facebooku. Korwin-Mikke "rządzi" z Żelaznego Tronu;1;http://www.wprost.pl/ar/505177/Kampania-na-Facebooku-Korwin-Mikke-rzadzi-z-Zelaznego-Tronu/
2015-05-07;http://www.wprost.pl/;Kaleta dla "Wprost": e-Prezydent? Nie tym razem;1;http://www.wprost.pl/ar/505075/Kaleta-dla-Wprost-e-Prezydent-Nie-tym-razem/
2015-05-07;http://www.onet.pl/;Aktor, wnuk pirata i bezrobotny. 12 ciekawostek o kandydatach na prezydenta;4;http://wiadomosci.onet.pl/tylko-w-onecie/aktor-wnuk-pirata-i-bezrobotny-12-ciekawostek-o-kandydatach-na-prezydenta/8ezcdg
2015-05-07;http://www.onet.pl/;Prof. Andrzej Nowak: niefortunna decyzja Komorowskiego;2;http://wiadomosci.onet.pl/tylko-w-onecie/prof-andrzej-nowak-polska-przeszkadza-putinowi-w-imperialnym-planie-wywiad/e5sxx9
2015-05-07;http://www.onet.pl/;Kukiz przerywa kampanię. Powodem zdrowie ojca;2;http://wiadomosci.onet.pl/kraj/pawel-kukiz-przerywa-kampanie-ze-wzgledu-na-stan-zdrowia-ojca/y2j30n
2015-05-07;http://www.onet.pl/;Nie obchodzą cię wybory w Wielkiej Brytanii? Oto sześć powodów, dzięki którym zmienisz zdanie;2;http://swiat.newsweek.pl/wybory-parlamentarne-w-wielkiej-brytanii-co-warto-o-nich-wiedziec-,artykuly,362659,1.html
2015-05-07;http://www.onet.pl/;"Gazeta Wyborcza": popieramy Komorowskiego;2;http://wiadomosci.onet.pl/kraj/gazeta-wyborcza-komorowskiego-popieramy-ale-nie-wspieramy/7dkm56
2015-05-07;http://www.onet.pl/;"Nikt nie spodziewał się takiej kampanii Dudy";2;http://biznes.pl/gawkowski-nikt-nie-spodziewal-sie-takiej-kampanii-andrzeja-dudy/g2k9q4
2015-05-07;http://www.onet.pl/;Sondaż: słaba lecz zaskakująca kampania;2;http://wiadomosci.onet.pl/kraj/na-koncowce-kampanii-stracil-pawel-kukiz/ck4hwb
2015-05-07;http://www.onet.pl/;Ważna deklaracja prezydent Warszawy;1;http://biznes.pl/kraj/gronkiewicz-waltz-most-lazienkowski-do-konca-pazdziernika/4bs5k0
2015-05-07;http://www.newsweek.pl/;Nie obchodzą Cię brytyjskie wybory? Oto 6 powodów, by zmienić zdanie;4;http://swiat.newsweek.pl/wybory-parlamentarne-w-wielkiej-brytanii-co-warto-o-nich-wiedziec-,artykuly,362659,1.html
2015-05-07;http://www.newsweek.pl/;Pojedynek na spoty: Komorowski przestał nadstawiać drugi policzek;3;http://polska.newsweek.pl/spot-komorowskiego-o-in-vitro-spot-dudy-o-lesie,artykuly,362651,1.html
2015-05-07;http://www.newsweek.pl/;Korwin do Kukiza: To Pan zerwał porozumienie;2;http://polska.newsweek.pl/debata-kandydatow-na-prezydenta-bronislaw-komorowski,artykuly,362618,1.html
2015-05-07;http://www.newsweek.pl/;Komorowski: Ręka boska mnie chroniła, żeby nie iść na tę debatę;2;http://polska.newsweek.pl/prezydent-obowiazki,film,362648.html
2015-05-07;http://www.newsweek.pl/;Wybory,w,Wielkiej,Brytanii,Za,selfie,w,lokalu,wyborczym,nawet,rok,więzienia,Brytyjska,komisja,wyborcza,ponowiła,apel,aby,głosujący,w,wyborach,parlamentarnych,nie,publikowali,w,internecie,zdjęć,robionych,sobie,przy,urnach;1;http://swiat.newsweek.pl/wielka-brytania-za-selfie-w-lokalu-wyborczym-rok-wiezienia,artykuly,362686,1.html
2015-05-07;http://www.newsweek.pl/;Świat,USA,chcą,odsunięcia,Asada,od,władzy,Bez,tego,problem,IS,nie,zostanie,rozwiązany,Problem,jaki,stanowi,dżihadystyczna,organizacja,Państwo,Islamskie,IS,w,Syrii,i,w,innych,częściach,Bliskiego,Wschodu,nie,zostanie,rozwiązany,dopóki,prezydent,Syrii,Baszar;1;http://swiat.newsweek.pl/problem-is-w-syrii-zostanie-rozwiazany-gdy-ustapi-prezydent-asad,artykuly,362608,1.html
2015-05-07;http://www.newsweek.pl/;Ekonomiści,Realizacja,obietnic,Dudy,kosztowałaby,krocie,Realizacja,Umowy,programowej,zawartej,między,Andrzejem,Dudą,a,Komisją,Krajową,NSZZ,S,kosztowałaby,miliardy,złotych,wyliczają,ekonomiści;1;http://biznes.newsweek.pl/ile-kosztowalaby-realizacja-obietnic-andrzeja-dudy,artykuly,362600,1.html
2015-05-07;http://www.newsweek.pl/;Komorowski,12,proc,w,dół,Duda,19,proc,w,górę,Na,kogo,Polacy,postawią,w,II,turze,CBOS,zbadał,na,kogo,Polacy,zagłosują,jeśli,dojdzie,do,drugiej,tury,i,zgodnie,z,prognozami,przejdą,do,niej,Bronisław,Komorowski,i,Andrzej,Duda;1;http://polska.newsweek.pl/sondaz-cbos-glosowanie-wybory,artykuly,362662,1.html
2015-05-07;http://www.newsweek.pl/;Przedostatni,dzień,kampanii,Konwencje,PiS,i,PO,w,tym,samym,czasie,Kandydaci,na,prezydenta,nie,marnują,czasu,Przedostatni,dzień,prezydenckiej,kampanii,wyborczej,poświęcą,na,konwencje,W,Sopocie,Bronisław,Komorowski,wraz,z,premier,Ewą,Kopacz;1;http://polska.newsweek.pl/konwencja-po-konwencja-pis-ostatnie-dni-kampanii,artykuly,362683,1.html
2015-05-07;http://www.newsweek.pl/;Jan,Bury,nie,pamięta,spotkań,z,szefem,policji,MSW,żąda,wyjaśnień,Nieformalne,kontakty,lidera,Polskiego,Stronnictwa,Ludowego,z,wiceszefem,policji,Czy,Jan,Bury,wydawał,polecenia,generałowi,Mirosławowi,Schosslerowi,RMF,FM,ujawnia,tajny;1;http://polska.newsweek.pl/afera-podkarpacka-psl-jan-bury-wykorzystywal-policje-,artykuly,362635,1.html
2015-05-07;http://www.tvn24.pl/;Wójt został skazany i jest zawieszony, ale w wyborach startuje. Jak wygra, zaczną się kłopoty;3;/lodz,69/wojt-zostal-skazany-i-jest-zawieszony-ale-w-wyborach-startuje-jak-wygra-zaczna-sie-klopoty,487619.html
2015-05-07;http://www.tvn24.pl/;Zgadzasz się z argumentami Andrzeja Dudy? Ściągnij aplikację mobilną i weź udział w sondzie!;3;http://www.tvn24.pl/czas-decyzji-zgadzasz-sie-z-argumentami-andrzeja-dudy,540155,s.html
2015-05-07;http://www.tvn24.pl/;Kukiz zawiesza kampaniÄ, Palikot nie chce Å¼yÄ w  podatkowym obozie koncentracyjnym;3;http://www.tvn24.pl/wybory-prezydenckie-2015-kampania-zmierza-do-mety,540036,s.html
2015-05-07;http://www.tvn24.pl/;Dlaczego Lotos? Oto miejsce, w ktÃ³rym Kukiz i Korwin-Mikke wykuwali porozumienie;3;http://fakty.tvn24.pl/ogladaj-online,60/korwin-mikke-i-kukiz-spotkali-sie-w-kultowej-warszawskiej-restauracji,539956.html
2015-05-07;http://www.tvn24.pl/;OdtwÃ³rz: Dlaczego Lotos? Oto miejsce, w ktÃ³rym Kukiz i Korwin-Mikke wykuwali porozumienie;3;http://fakty.tvn24.pl/ogladaj-online,60/korwin-mikke-i-kukiz-spotkali-sie-w-kultowej-warszawskiej-restauracji,539956.html
2015-05-07;http://www.tvn24.pl/;Korwin-Mikke i Kukiz chcieli razem. Co teraz?;3;http://www.tvn24.pl/quo-vadis,540009,s.html
2015-05-07;http://www.tvn24.pl/;odtwÃ³rz: Korwin-Mikke i Kukiz chcieli razem. Co teraz?;3;http://www.tvn24.pl/quo-vadis,540009,s.html#autoplay
2015-05-07;http://www.tvn24.pl/;Brytyjczycy wybierajÄ parlament. Co czeka polskich imigrantÃ³w po wyborach?;3;http://www.tvn24.pl/wielka-brytania-sprawy-polskie-w-wyborach-parlamentarnych,539913,s.html
2015-05-07;http://www.tvn24.pl/;Odtwórz: Brytyjczycy wybierajÄ parlament. Co czeka polskich imigrantÃ³w po wyborach?;3;http://www.tvn24.pl/wielka-brytania-sprawy-polskie-w-wyborach-parlamentarnych,539913,s.html#autoplay
2015-05-07;http://www.tvn24.pl/;Wybory w Wielkiej Brytanii;3;/raporty/wybory-parlamentarne-w-wielkiej-brytanii,938
2015-05-07;http://www.tvn24.pl/;Wybory prezydenckie.  Kandydaci myÅlÄ, Å¼e ciemny lud wszystko kupi;2;http://tvn24bis.pl/redirect/wybory-prezydenckie-kandydaci-mysla-ze-ciemny-lud-wszystko-kupi,540152.html
2015-05-07;http://www.tvn24.pl/;Zgadzasz siÄ z argumentami Andrzeja Dudy? ÅciÄgnij aplikacjÄ mobilnÄ i weÅº udziaÅ w sondzie!;2;http://www.tvn24.pl/wiadomosci-z-kraju,3/zgadzasz-sie-z-argumentami-andrzeja-dudy-sciagnij-aplikacje-mobilna-i-wez-udzial-w-sondzie,540155.html
2015-05-07;http://www.tvn24.pl/;Zgadzasz siÄ z argumentami Andrzeja Dudy? ÅciÄgnij aplikacjÄ mobilnÄ i weÅº udziaÅ w sondzie!;2;http://www.tvn24.pl/zgadzasz-sie-z-argumentami-andrzeja-dudy-sciagnij-aplikacje-mobilna-i-wez-udzial-w-sondzie,540155,s.html
2015-05-07;http://www.tvn24.pl/;Kukiz zawiesza kampaniÄ, Palikot nie chce Å¼yÄ w  podatkowym obozie koncentracyjnym;2;http://www.tvn24.pl/kukiz-zawiesza-kampanie-palikot-nie-chce-zyc-w-podatkowym-obozie-koncentracyjnym,540036,s.html
2015-05-07;http://www.tvn24.pl/;Korwin-Mikke i Kukiz chcieli razem. Co teraz?;2;http://www.tvn24.pl/korwin-mikke-i-kukiz-chcieli-razem-co-teraz,540009,s.html
2015-05-07;http://www.tvn24.pl/;Brytyjczycy wybierajÄ parlament. Co czeka polskich imigrantÃ³w po wyborach?;2;http://www.tvn24.pl/brytyjczycy-wybieraja-parlament-co-czeka-polskich-imigrantow-po-wyborach,539913,s.html
2015-05-07;http://www.tvn24.pl/;Zgadzasz się z argumentami Andrzeja Dudy? Ściągnij aplikację mobilną i weź udział w sondzie!;1;http://www.tvn24.pl/czas-decyzji-zgadzasz-sie-z-argumentami-andrzeja-dudy,540155,s.html
2015-05-07;http://www.tvn24.pl/;Kukiz zawiesza kampaniÄ, Palikot nie chce Å¼yÄ w  podatkowym obozie koncentracyjnym;1;http://www.tvn24.pl/wybory-prezydenckie-2015-kampania-zmierza-do-mety,540036,s.html
2015-05-07;http://www.tvn24.pl/;Dlaczego Lotos? Oto miejsce, w ktÃ³rym Kukiz i Korwin-Mikke wykuwali porozumienie;1;http://fakty.tvn24.pl/ogladaj-online,60/korwin-mikke-i-kukiz-spotkali-sie-w-kultowej-warszawskiej-restauracji,539956.html
2015-05-07;http://www.tvn24.pl/;OdtwÃ³rz: Dlaczego Lotos? Oto miejsce, w ktÃ³rym Kukiz i Korwin-Mikke wykuwali porozumienie;1;http://fakty.tvn24.pl/ogladaj-online,60/korwin-mikke-i-kukiz-spotkali-sie-w-kultowej-warszawskiej-restauracji,539956.html
2015-05-07;http://www.tvn24.pl/;Korwin-Mikke i Kukiz chcieli razem. Co teraz?;1;http://www.tvn24.pl/quo-vadis,540009,s.html
2015-05-07;http://www.tvn24.pl/;odtwÃ³rz: Korwin-Mikke i Kukiz chcieli razem. Co teraz?;1;http://www.tvn24.pl/quo-vadis,540009,s.html#autoplay
2015-05-07;http://www.tvn24.pl/;Brytyjczycy wybierajÄ parlament. Co czeka polskich imigrantÃ³w po wyborach?;1;http://www.tvn24.pl/wielka-brytania-sprawy-polskie-w-wyborach-parlamentarnych,539913,s.html
2015-05-07;http://www.tvn24.pl/;Odtwórz: Brytyjczycy wybierajÄ parlament. Co czeka polskich imigrantÃ³w po wyborach?;1;http://www.tvn24.pl/wielka-brytania-sprawy-polskie-w-wyborach-parlamentarnych,539913,s.html#autoplay
2015-05-07;http://www.tvn24.pl/;Wybory w Wielkiej Brytanii;1;http://www.tvn24.pl/raporty/wybory-parlamentarne-w-wielkiej-brytanii,938
2015-05-07;http://natemat.pl/;Dziś wybory na Wyspach. Czy będzie Brexit?;3;http://fundacjaschumana.natemat.pl/141775,byc-albo-nie-byc
2015-05-07;http://natemat.pl/;Kto doradził Korwinowi atak na Kukiza?  Przemysław Wipler: W takim razie kończymy wywiad;3;http://natemat.pl/141811,kto-podpowiedzial-korwinowi-zostanie-brutusem-i-atak-na-kukiza-wipler-takim-stawianiem-sprawy-konczymy-wywiad
2015-05-07;http://natemat.pl/;Korwin-Mikke zdradził Kukiza;3;http://natemat.pl/141685,korwin-mikke-zdradzil-kukiza-niech-pan-przekaze-swoje-glosy-komukolwiek-ja-ich-nie-chce
2015-05-07;http://natemat.pl/;Bliskie spotkania trzeciego stopnia. Dzięki debacie TVP Brauna słuchały miliony;1;http://natemat.pl/141761,bliskie-spotkania-trzeciego-stopnia-dzieki-debacie-tvp-grzegorza-brauna-pierwszy-raz-sluchaly-miliony
2015-05-07;http://natemat.pl/;Kukiz o debacie prezydenckiej w TVP: ustawiona po to, by zrobić z kandydatów idiotów;1;http://natemat.pl/141801,kukiz-o-debacie-prezydenckiej-w-tvp-to-bylo-ustawione-po-to-by-zrobic-z-kandydatow-idiotow
2015-05-07;http://natemat.pl/;Kaczyński o Dudzie podczas debaty:  mógł pokazać więcej, gdyby mu na to pozwolono;1;http://natemat.pl/141785,jaroslaw-kaczynski-w-tv-trwam-jesli-kukiz-chce-walczyc-z-systemem-powinien-zwrocic-sie-ku-pis
2015-05-07;http://natemat.pl/;Obniżenie wieku emerytalnego to główny postulat  Dudy. Nie potrafi wyjaśnić, jak to zrobi;1;http://natemat.pl/141751,obnizenie-wieku-emerytalnego-to-glowny-postulat-dudy-kandydat-pis-nie-potrafi-wytlumaczyc-skad-wziac-na-to-pieniadze
2015-05-07;http://natemat.pl/;Kowalski nie istnieje. Nie zarabiamy po 4 tys. zł;1;http://fundacjamedia30.innpoland.pl/116981,kowalski-nie-istnieje-nie-zarabiamy-po-4-tys-zl
2015-05-07;http://natemat.pl/;2 tysiące dzieci z in vitro. Komorowski:  Cieszmy się każdym urodzonym dzieckiem;1;http://natemat.pl/141703,2-tysiace-dzieci-z-in-vitro-komorowski-cieszmy-sie-kazdym-urodzonym-w-polsce-dzieckiem
2015-05-07;http://natemat.pl/;To nie żart. Napój Korwin Energy Drink trafił do sprzedaży;1;http://natemat.pl/141707,to-nie-zart-napoj-energetyzujacy-korwin-energy-drink-trafil-do-sprzedazy
2015-05-07;http://www.gazeta.pl;Paweł Kukiz przerywa kampanię. Do wyborów wszystkie spotkania odwołane;3;http://wiadomosci.gazeta.pl/wiadomosci/1,143907,17874786,Wybory_prezydenckie_2015__Pawel_Kukiz_przerywa_kampanie.html#Czolka3Img
2015-05-07;http://www.gazeta.pl;Komorowski był antysystemowcem w czasach, kiedy oznaczało to represje prawdziwe. A nie tatara w Lotosie;2;http://wiadomosci.gazeta.pl/wiadomosci/1,114871,17874597,_Komorowski_byl_antysystemowcem_w_czasach__kiedy_oznaczalo.html#BoxNewsImg
2015-05-07;http://www.gazeta.pl;Warunki prezesa Kaczyńskiego: Zgodzimy się na debatę, ale nasz kandydat i jego dziennikarz...;1;http://wiadomosci.gazeta.pl/wiadomosci/1,143907,17874466,Wybory_prezydenckie_2015__Kaczynski_w_TV_Trwam__Debata_.html#BoxNewsLink
2015-05-07;http://www.gazeta.pl;Mocne słowa prezydent Litwy: Nie możemy poddać...;1;http://wiadomosci.gazeta.pl/wiadomosci/1,114871,17874422,Prezydent_Litwy__Europa_nie_moze_poddac_sie_szantazowi.html#BoxNewsLink
2015-05-07;http://www.dziennik.pl;Oto, kto wygrałby drugą turę wyborów. Najnowszy SONDAŻ;2;http://wiadomosci.dziennik.pl/wybory-prezydenckie/artykuly/489668,wybory-prezydenckie-2015-kto-wygralby-druga-ture-sondaz-cbos.html
2015-05-07;http://www.dziennik.pl;Komorowski wytyka Dudzie  polityczne i ideowe fikołki;2;http://wiadomosci.dziennik.pl/wybory-prezydenckie/artykuly/489748,bronislaw-komorowski-kandyduje-w-imie-zgody-i-bezpieczenstwa.html
2015-05-07;http://wyborcza.pl/0,0.html?piano_d=1;Kaczyński w Radiu Maryja stawia warunki debaty Dudy z Komorowskim;3;http://wyborcza.pl/1,143644,17873440,Kaczynski_w_Radiu_Maryja__Jezeli_Kukiz_jest_przeciw.html
2015-05-07;http://wyborcza.pl/0,0.html?piano_d=1;Jak głosować w wyborach prezydenckich;2;http://wyborcza.pl/1,75478,17876112,Jak_glosowac_w_wyborach_prezydenckich.html
2015-05-07;http://wyborcza.pl/0,0.html?piano_d=1;Zagraniczne media o wyborach w Polsce. Najwięcej miejsca poświęcają Kukizowi;2;http://wyborcza.pl/1,75478,17875372,Zagraniczne_media_o_wyborach_w_Polsce__Najwiecej_miejsca.html
2015-05-07;http://wyborcza.pl/0,0.html?piano_d=1;Kukiz miał być czarnym koniem, w debacie okazał się szkapą;3;http://wyborcza.pl/1,75968,17873421,Wybory_prezydenckie_2015__Wodospad_populizmu.html
2015-05-07;http://wyborcza.pl/0,0.html?piano_d=1;PiS wzywa, by na wybory iść z własnym długopisem. O co tu chodzi?;3;http://wyborcza.pl/politykaekstra/1,145208,17866649,Wybory_prezydenckie_2015__Akcja_dlugopisowa__czyli.html
2015-05-07;http://www.tvp.info/;„Andrzej musisz!”, „Andrzej czekamy. Bądź jak Janosik!”. Duda dziękuje za poparcie na finiszu kampanii;4;http://www.tvp.info.pl/19964504/andrzej-musisz-andrzej-czekamy-badz-jak-janosik-duda-dziekuje-za-poparcie-na-finiszu-kampanii
2015-05-07;http://www.tvp.info/;Tylko u nas    Kowalski: nie mamy czego świętować, Polska przegrała II wojnę światową;2;http://www.tvp.info.pl/19963024/kowalski-polacy-nie-maja-czego-swietowac-polska-przegrala-ii-wojne-swiatowa
2015-05-07;http://www.tvp.info/;13:12   Konflikt rosyjsko-ukraiński tematem rozmów Komorowskiego z Ban Ki Munem i Poroszenką;2;http://www.tvp.info.plhttp://www.tvpparlament.pl/aktualnosci/konflikt-rosyjskoukrainski-tematem-rozmow-komorowskiego-z-ban-ki-munem-i-poroszenka/19964287
2015-05-07;http://www.tvp.info/;Kukiz przerywa kampanię z powodu choroby ojca. Odwołane spotkanie w Olsztynie;2;http://www.tvp.info.pl/19963100/kukiz-przerywa-kampanie-z-powodu-choroby-ojca-odwolane-spotkanie-w-olsztynie
2015-05-07;http://www.wp.pl;Paweł Kukiz przerywa kampanię wyborczą;4;http://wiadomosci.wp.pl/kat,1342,title,Pawel-Kukiz-przerywa-kampanie-wyborcza,wid,17517144,wiadomosc.html
2015-05-07;http://www.wp.pl;Wawrzyk dla WP o Dudzie: przełamał stereotyp polityka PiS-u;3;http://wiadomosci.wp.pl/kat,1329,title,Final-kampanii-Andrzeja-Dudy-Ekspert-dla-WP-wejscie-smoka-a-potem-brak-nowych-pomyslow,wid,17518659,wiadomosc.html
2015-05-07;http://www.wp.pl;Druga część  Resortowych dzieci . Ta książka ma zaszkodzić Komorowskiemu?;3;http://wiadomosci.wp.pl/gid,17511522,kat,355,title,Resortowe-dzieci-w-sluzbach,galeria.html
2015-05-07;http://www.wp.pl;Niepokojące wieści na temat zdrowia Andrzeja Kopiczyńskiego;3;http://aleseriale.pl/gid,16122,img,424784,fototemat.html
2015-05-07;http://www.wp.pl;Ślicznotka z  Wilka z Wall Street  już tak nie wygląda. Po tej metamorfozie trudno ją poznać;3;http://film.wp.pl/id,150724,title,dziejesiewkulturze-Codzienna-dawka-informacji-popkulturalnych-050515-WIDEO,wiadomosc.html
2015-05-07;http://www.wp.pl;3 godz.Eksperci: Paweł Kukiz wygrywa w tej konkurencji;2;http://wiadomosci.wp.pl/kat,1342,title,Eksperci-Pawel-Kukiz-wygrywa-w-konkurencji-kandydatow-antysystemowych,wid,17517330,wiadomosc.html
2015-05-07;http://www.wp.pl;ważneSensacyjny sondaż. Na kogo głosują?;2;http://wiadomosci.wp.pl/kat,1329,title,Sensacyjny-sondaz-Ekspert-wyborcy-glosuja-na-osobowosci-nie-na-partie,wid,17516197,wiadomosc.html
2015-05-07;http://www.wp.pl;ważneKorwin-Mikke opublikował SMS od Kukiza;2;http://wiadomosci.wp.pl/kat,1342,title,Janusz-Korwin-Mikke-opublikowal-SMS-od-Pawla-Kukiza,wid,17516432,wiadomosc.html
2015-05-07;http://www.wp.pl;Niepokojące wieści na temat zdrowia Andrzeja Kopiczyńskiego;2;http://aleseriale.pl/gid,16122,img,424784,fototemat.html
2015-05-07;http://www.wp.pl;Finał kampanii Andrzeja Dudy. Ekspert dla WP: wejście smoka, a potem brak nowych pomysłów;1;/kat,140394,title,Final-kampanii-Andrzeja-Dudy-Ekspert-dla-WP-wejscie-smoka-a-potem-brak-nowych-pomyslow,wid,17518659,wiadomosc.html
2015-05-07;http://www.wp.pl;PiS liczy na poparcie wyborców Pawła Kukiza i Janusza Korwin-Mikkego;1;/kat,140394,title,PiS-liczy-na-poparcie-wyborcow-Pawla-Kukiza-i-Janusza-Korwin-Mikkego,wid,17518294,wiadomosc.html
2015-05-07;http://www.wp.pl;Janusz Palikot: Ministerstwo Finansów proponuje nam życie w podatkowym obozie koncentracyjnym;1;/kat,140394,title,Janusz-Palikot-Ministerstwo-Finansow-proponuje-nam-zycie-w-podatkowym-obozie-koncentracyjnym,wid,17518415,wiadomosc.html
2015-05-07;http://www.wp.pl;Paweł Kukiz przerywa kampanię wyborczą;1;/kat,140394,title,Pawel-Kukiz-przerywa-kampanie-wyborcza,wid,17517144,wiadomosc.html
2015-05-07;http://www.wp.pl;Wybory prezydenckie 2015. Praktyczny poradnik dla głosujących;1;/kat,140394,title,Wybory-prezydenckie-2015-Praktyczny-poradnik-dla-glosujacych,wid,17516862,wiadomosc.html
2015-05-07;http://www.wprost.pl/;Najnowszy sondaż: Będzie druga tura. 14,3 proc. dla Kukiza;3;http://www.wprost.pl/ar/505714/Najnowszy-sondaz-Bedzie-druga-tura-143-proc-dla-Kukiza/
2015-05-07;http://www.wprost.pl/;Finał kampanii Andrzeja Dudy. „Jesteśmy bliscy zwycięstwa i...;2;http://www.wprost.pl/ar/505718/Final-kampanii-Andrzeja-Dudy-Jestesmy-bliscy-zwyciestwa-i-zwyciezymy/
2015-05-07;http://www.wprost.pl/;Tusk nie pojawi się na konwencji Komorowskiego;2;http://www.wprost.pl/ar/505716/Tusk-nie-pojawi-sie-na-konwencji-Komorowskiego/
2015-05-07;http://www.wprost.pl/;Najnowszy sondaż: Będzie druga tura. 14,3 proc. dla Kukiza;2;http://www.wprost.pl/ar/505714/Najnowszy-sondaz-Bedzie-druga-tura-143-proc-dla-Kukiza/
2015-05-07;http://www.wprost.pl/;Wicemarszałek Sejmu: Chciałbym, by wynik Ogórek był lepszy niż dobry;2;http://www.wprost.pl/ar/505709/Wicemarszalek-Sejmu-Chcialbym-by-wynik-Ogorek-byl-lepszy-niz-dobry/
2015-05-07;http://www.wprost.pl/;Rostowski: Pomysł Dudy zmniejszyłby budżet o 20 mld zł;2;http://www.wprost.pl/ar/505705/Rostowski-Pomysl-Dudy-zmniejszylby-budzet-o-20-mld-zl/
2015-05-07;http://www.wprost.pl/;Kukiz przerywa kampanię;2;http://www.wprost.pl/ar/505702/Kukiz-przerywa-kampanie/
2015-05-07;http://www.wprost.pl/;W SLD ostrzą noże na Millera. Ogórek pociągnie go na dno?;1;http://www.wprost.pl/ar/505569/W-SLD-ostrza-noze-na-Millera-Ogorek-pociagnie-go-na-dno/
2015-05-07;http://www.wprost.pl/;Debata prezydencka. "Korwin-Mikke znokautował Kukiza, sztab Dudy przedobrzył";1;http://www.wprost.pl/ar/505581/Debata-prezydencka-Korwin-Mikke-znokautowal-Kukiza-sztab-Dudy-przedobrzyl/
2015-05-07;http://www.wprost.pl/;Ogórek: Kaczyński przyszedłby do mnie na Radę Bezpieczeństwa Narodowego;1;http://www.wprost.pl/ar/505560/Ogorek-Kaczynski-przyszedlby-do-mnie-na-Rade-Bezpieczenstwa-Narodowego/
2015-05-07;http://www.wprost.pl/;Kampania na Twitterze. Palikot groził Rydzykowi, Kukiz napisał o plagiacie;1;http://www.wprost.pl/ar/505175/Kampania-na-Twitterze-Palikot-grozil-Rydzykowi-Kukiz-napisal-o-plagiacie/
2015-05-07;http://www.wprost.pl/;Kampania na Facebooku. Korwin-Mikke "rządzi" z Żelaznego Tronu;1;http://www.wprost.pl/ar/505177/Kampania-na-Facebooku-Korwin-Mikke-rzadzi-z-Zelaznego-Tronu/
2015-05-07;http://www.wprost.pl/;Kaleta dla "Wprost": e-Prezydent? Nie tym razem;1;http://www.wprost.pl/ar/505075/Kaleta-dla-Wprost-e-Prezydent-Nie-tym-razem/
2015-05-07;http://www.onet.pl/; TYLKO W ONECIE Zaskakujące wsparcie dla Kukiza. "Po prostu krew mnie zalewa" ;3;http://eurosport.onet.pl/mma/ksw/mocne-wsparcie-dla-kukiza-tuz-przed-wyborami-pudzianowski-poglady-pawla-zgadzaja-sie/q1nz8n
2015-05-07;http://www.onet.pl/;Prof. Andrzej Nowak: niefortunna decyzja Komorowskiego;2;http://wiadomosci.onet.pl/tylko-w-onecie/prof-andrzej-nowak-polska-przeszkadza-putinowi-w-imperialnym-planie-wywiad/e5sxx9
2015-05-07;http://www.onet.pl/;A. Duda: od początku wierzyłem w zwycięstwo;2;http://wiadomosci.onet.pl/andrzej-duda-podsumowal-swoja-kampanie-od-poczatku-wierzylem-w-zwyciestwo/h5z3p1
2015-05-07;http://www.onet.pl/;"Jarubas jest największym przegranym kampanii";2;http://wiadomosci.onet.pl/kolorowy-ptak-paw-z-powyrywanym-ogonem-lanserka/tcd9ge
2015-05-07;http://www.onet.pl/;"Nikt nie spodziewał się takiej kampanii Dudy";2;http://biznes.pl/gawkowski-nikt-nie-spodziewal-sie-takiej-kampanii-andrzeja-dudy/g2k9q4
2015-05-07;http://www.onet.pl/;Sondaż: słaba lecz zaskakująca kampania;2;http://wiadomosci.onet.pl/kraj/na-koncowce-kampanii-stracil-pawel-kukiz/ck4hwb
2015-05-07;http://www.onet.pl/;Ważna deklaracja prezydent Warszawy;1;http://biznes.pl/kraj/gronkiewicz-waltz-most-lazienkowski-do-konca-pazdziernika/4bs5k0
2015-05-07;http://www.newsweek.pl/;Andrzej musisz ,  Bądź jak Janosik : Tłumnie na konwencji Dudy. Kandydat przemawia;4;http://polska.newsweek.pl/konwencja-po-konwencja-pis-ostatnie-dni-kampanii,artykuly,362683,1.html
2015-05-07;http://www.newsweek.pl/;Nie obchodzą Cię brytyjskie wybory? Oto 6 powodów, by zmienić zdanie;4;http://swiat.newsweek.pl/wybory-parlamentarne-w-wielkiej-brytanii-co-warto-o-nich-wiedziec-,artykuly,362659,1.html
2015-05-07;http://www.newsweek.pl/;Pojedynek na spoty: Komorowski przestał nadstawiać drugi policzek;3;http://polska.newsweek.pl/spot-komorowskiego-o-in-vitro-spot-dudy-o-lesie,artykuly,362651,1.html
2015-05-07;http://www.newsweek.pl/;Kukiz przerywa kampanię ze względu na stan zdrowia ojca;2;http://polska.newsweek.pl/debata-kandydatow-na-prezydenta-bronislaw-komorowski,artykuly,362618,1.html
2015-05-07;http://www.newsweek.pl/;Wybory,w,Wielkiej,Brytanii,Za,selfie,w,lokalu,wyborczym,nawet,rok,więzienia,Brytyjska,komisja,wyborcza,ponowiła,apel,aby,głosujący,w,wyborach,parlamentarnych,nie,publikowali,w,internecie,zdjęć,robionych,sobie,przy,urnach;1;http://swiat.newsweek.pl/wielka-brytania-za-selfie-w-lokalu-wyborczym-rok-wiezienia,artykuly,362686,1.html
2015-05-07;http://www.newsweek.pl/;Świat,USA,chcą,odsunięcia,Asada,od,władzy,Bez,tego,problem,IS,nie,zostanie,rozwiązany,Problem,jaki,stanowi,dżihadystyczna,organizacja,Państwo,Islamskie,IS,w,Syrii,i,w,innych,częściach,Bliskiego,Wschodu,nie,zostanie,rozwiązany,dopóki,prezydent,Syrii,Baszar;1;http://swiat.newsweek.pl/problem-is-w-syrii-zostanie-rozwiazany-gdy-ustapi-prezydent-asad,artykuly,362608,1.html
2015-05-07;http://www.newsweek.pl/;Ekonomiści,Realizacja,obietnic,Dudy,kosztowałaby,krocie,Realizacja,Umowy,programowej,zawartej,między,Andrzejem,Dudą,a,Komisją,Krajową,NSZZ,S,kosztowałaby,miliardy,złotych,wyliczają,ekonomiści;1;http://biznes.newsweek.pl/ile-kosztowalaby-realizacja-obietnic-andrzeja-dudy,artykuly,362600,1.html
2015-05-07;http://www.newsweek.pl/;Komorowski,12,proc,w,dół,Duda,19,proc,w,górę,Na,kogo,Polacy,postawią,w,II,turze,CBOS,zbadał,na,kogo,Polacy,zagłosują,jeśli,dojdzie,do,drugiej,tury,i,zgodnie,z,prognozami,przejdą,do,niej,Bronisław,Komorowski,i,Andrzej,Duda;1;http://polska.newsweek.pl/sondaz-cbos-glosowanie-wybory,artykuly,362662,1.html
2015-05-07;http://www.newsweek.pl/;Ofiara,przemocy,domowej,uratowana,dzięki,aplikacji,do,zamawiania,pizzy,Cheryl,Treadway,w,zamówieniu,internetowym,zamieściła,rozpaczliwą,prośbę,o,pomoc;1;http://swiat.newsweek.pl/przemoc-domowa-wezwanie-pomocy,artykuly,362653,1.html
2015-05-07;http://www.newsweek.pl/;Lubitz,przed,katastrofą,ćwiczył,zniżanie,samolotu,Andreas,Lubitz,podejrzany,o,celowe,rozbicie,airbusa,Germanwings,podczas,porannego,lotu,tego,samego,dnia,testował,szybkie,zniżanie,samolotu;1;http://swiat.newsweek.pl/katastrofa-germanwings-pilot-andreas-lubitz-cwiczyl-znizanie-samolotu,artykuly,362647,1.html
2015-05-07;http://www.tvn24.pl/;Wójt został skazany i jest zawieszony, ale w wyborach startuje. Jak wygra, zaczną się kłopoty;3;/lodz,69/wojt-zostal-skazany-i-jest-zawieszony-ale-w-wyborach-startuje-jak-wygra-zaczna-sie-klopoty,487619.html
2015-05-07;http://www.tvn24.pl/;Duda na finiszu kampanii:zwyciężymy, naprawimy Polskę;3;http://www.tvn24.pl/duda-na-konwencji-wyborczej-w-warszawie,540196,s.html
2015-05-07;http://www.tvn24.pl/;Odtwórz: Duda na finiszu kampanii:   zwyciÄÅ¼ymy, naprawimy PolskÄ;3;http://www.tvn24.pl/duda-na-konwencji-wyborczej-w-warszawie,540196,s.html#autoplay
2015-05-07;http://www.tvn24.pl/;OgÃ³rek we WrocÅawiu, Korwin-Mikkena ÅlÄsku, Kukiz... zawiesza udziaÅ w kampanii;3;http://www.tvn24.pl/wybory-prezydenckie-2015-kampania-zmierza-do-mety,540036,s.html
2015-05-07;http://www.tvn24.pl/;Zgadzasz siÄ z argumentami Andrzeja Dudy? ÅciÄgnij aplikacjÄ mobilnÄ i weÅº udziaÅ w sondzie!;3;http://www.tvn24.pl/czas-decyzji-zgadzasz-sie-z-argumentami-andrzeja-dudy,540155,s.html
2015-05-07;http://www.tvn24.pl/;Brytyjczycy wybierajÄ parlament. Co czeka polskich imigrantÃ³w po wyborach?;3;http://www.tvn24.pl/wielka-brytania-sprawy-polskie-w-wyborach-parlamentarnych,539913,s.html
2015-05-07;http://www.tvn24.pl/;Odtwórz: Brytyjczycy wybierajÄ parlament. Co czeka polskich imigrantÃ³w po wyborach?;3;http://www.tvn24.pl/wielka-brytania-sprawy-polskie-w-wyborach-parlamentarnych,539913,s.html#autoplay
2015-05-07;http://www.tvn24.pl/;Wybory w Wielkiej Brytanii;3;/raporty/wybory-parlamentarne-w-wielkiej-brytanii,938
2015-05-07;http://www.tvn24.pl/;Duda na finiszu kampanii: zwyciÄÅ¼ymy, naprawimy PolskÄ;2;http://www.tvn24.pl/wiadomosci-z-kraju,3/duda-na-finiszu-kampanii-zwyciezymy-naprawimy-polske,540196.html
2015-05-07;http://www.tvn24.pl/;Duda na finiszu kampanii:   zwyciÄÅ¼ymy, naprawimy PolskÄ;2;http://www.tvn24.pl/duda-na-finiszu-kampanii-zwyciezymy-naprawimy-polske,540196,s.html
2015-05-07;http://www.tvn24.pl/;OgÃ³rek we WrocÅawiu, Korwin-Mikke   na ÅlÄsku, Kukiz... zawiesza udziaÅ w kampanii;2;http://www.tvn24.pl/ogorek-we-wroclawiu-korwin-mikke-na-slasku-kukiz-zawiesza-udzial-w-kampanii,540036,s.html
2015-05-07;http://www.tvn24.pl/;Zgadzasz siÄ z argumentami Andrzeja Dudy? ÅciÄgnij aplikacjÄ mobilnÄ i weÅº udziaÅ w sondzie!;2;http://www.tvn24.pl/zgadzasz-sie-z-argumentami-andrzeja-dudy-sciagnij-aplikacje-mobilna-i-wez-udzial-w-sondzie,540155,s.html
2015-05-07;http://www.tvn24.pl/;Brytyjczycy wybierajÄ parlament. Co czeka polskich imigrantÃ³w po wyborach?;2;http://www.tvn24.pl/brytyjczycy-wybieraja-parlament-co-czeka-polskich-imigrantow-po-wyborach,539913,s.html
2015-05-07;http://www.tvn24.pl/;Odtwórz: Duda na finiszu kampanii:   zwyciÄÅ¼ymy, naprawimy PolskÄ;1;http://www.tvn24.pl/duda-na-konwencji-wyborczej-w-warszawie,540196,s.html#autoplay
2015-05-07;http://www.tvn24.pl/;OgÃ³rek we WrocÅawiu, Korwin-Mikkena ÅlÄsku, Kukiz... zawiesza udziaÅ w kampanii;1;http://www.tvn24.pl/wybory-prezydenckie-2015-kampania-zmierza-do-mety,540036,s.html
2015-05-07;http://www.tvn24.pl/;Zgadzasz siÄ z argumentami Andrzeja Dudy? ÅciÄgnij aplikacjÄ mobilnÄ i weÅº udziaÅ w sondzie!;1;http://www.tvn24.pl/czas-decyzji-zgadzasz-sie-z-argumentami-andrzeja-dudy,540155,s.html
2015-05-07;http://www.tvn24.pl/;Brytyjczycy wybierajÄ parlament. Co czeka polskich imigrantÃ³w po wyborach?;1;http://www.tvn24.pl/wielka-brytania-sprawy-polskie-w-wyborach-parlamentarnych,539913,s.html
2015-05-07;http://www.tvn24.pl/;Odtwórz: Brytyjczycy wybierajÄ parlament. Co czeka polskich imigrantÃ³w po wyborach?;1;http://www.tvn24.pl/wielka-brytania-sprawy-polskie-w-wyborach-parlamentarnych,539913,s.html#autoplay
2015-05-07;http://www.tvn24.pl/;Wybory w Wielkiej Brytanii;1;http://www.tvn24.pl/raporty/wybory-parlamentarne-w-wielkiej-brytanii,938
2015-05-07;http://natemat.pl/;Duda podsumowuje kampanię. Opowiada historie ludzi i woła  czas na zmiany;3;http://natemat.pl/141839,andrzej-duda-podsumowuje-kampanie-opowiada-historie-ludzi-spotkanych-w-kampanii-i-wola-czas-na-zmiany
2015-05-07;http://natemat.pl/;Polska przegrała wojnę, po co obchody? . Marian Kowalski uważa, że nie mamy czego świętować;3;http://natemat.pl/141833,polska-przegrala-ii-wojne-swiatowa-po-co-te-obchody-marian-kowalski-uwaza-ze-nie-mamy-czego-swietowac
2015-05-07;http://natemat.pl/;Kto doradził Korwinowi atak na Kukiza?  Przemysław Wipler: W takim razie kończymy wywiad;2;http://natemat.pl/141811,kto-podpowiedzial-korwinowi-zostanie-brutusem-i-atak-na-kukiza-wipler-takim-stawianiem-sprawy-konczymy-wywiad
2015-05-07;http://natemat.pl/;Korwin-Mikke zdradził Kukiza;2;http://natemat.pl/141685,korwin-mikke-zdradzil-kukiza-niech-pan-przekaze-swoje-glosy-komukolwiek-ja-ich-nie-chce
2015-05-07;http://natemat.pl/;Dziś wybory na Wyspach. Czy będzie Brexit?;1;http://fundacjaschumana.natemat.pl/141775,byc-albo-nie-byc
2015-05-07;http://natemat.pl/;Bliskie spotkania trzeciego stopnia. Dzięki debacie TVP Brauna słuchały miliony;1;http://natemat.pl/141761,bliskie-spotkania-trzeciego-stopnia-dzieki-debacie-tvp-grzegorza-brauna-pierwszy-raz-sluchaly-miliony
2015-05-07;http://natemat.pl/;Kukiz o debacie prezydenckiej w TVP: ustawiona po to, by zrobić z kandydatów idiotów;1;http://natemat.pl/141801,kukiz-o-debacie-prezydenckiej-w-tvp-to-bylo-ustawione-po-to-by-zrobic-z-kandydatow-idiotow
2015-05-07;http://natemat.pl/;Kaczyński o Dudzie podczas debaty:  mógł pokazać więcej, gdyby mu na to pozwolono;1;http://natemat.pl/141785,jaroslaw-kaczynski-w-tv-trwam-jesli-kukiz-chce-walczyc-z-systemem-powinien-zwrocic-sie-ku-pis
2015-05-07;http://natemat.pl/;Obniżenie wieku emerytalnego to główny postulat  Dudy. Nie potrafi wyjaśnić, jak to zrobi;1;http://natemat.pl/141751,obnizenie-wieku-emerytalnego-to-glowny-postulat-dudy-kandydat-pis-nie-potrafi-wytlumaczyc-skad-wziac-na-to-pieniadze
2015-05-07;http://natemat.pl/;Kowalski nie istnieje. Nie zarabiamy po 4 tys. zł;1;http://fundacjamedia30.innpoland.pl/116981,kowalski-nie-istnieje-nie-zarabiamy-po-4-tys-zl
2015-05-07;http://natemat.pl/;2 tysiące dzieci z in vitro. Komorowski:  Cieszmy się każdym urodzonym dzieckiem;1;http://natemat.pl/141703,2-tysiace-dzieci-z-in-vitro-komorowski-cieszmy-sie-kazdym-urodzonym-w-polsce-dzieckiem
2015-05-07;http://natemat.pl/;To nie żart. Napój Korwin Energy Drink trafił do sprzedaży;1;http://natemat.pl/141707,to-nie-zart-napoj-energetyzujacy-korwin-energy-drink-trafil-do-sprzedazy
2015-05-07;http://www.gazeta.pl;Kandydat PiS Andrzej Duda podsumowuje kampanię.  Andrzej, musisz!;2;http://wiadomosci.gazeta.pl/wiadomosci/1,114871,17876808,Wybory_prezydenckie_2015__Duda_podsumowuje_kampanie_.html#BoxNewsImg
2015-05-07;http://www.gazeta.pl;Warunki prezesa Kaczyńskiego: Zgodzimy się na debatę, ale nasz kandydat i jego dziennikarz...;1;http://wiadomosci.gazeta.pl/wiadomosci/1,143907,17874466,Wybory_prezydenckie_2015__Kaczynski_w_TV_Trwam__Debata_.html#BoxNewsLink
2015-05-07;http://www.gazeta.pl;Mocne słowa prezydent Litwy: Nie możemy poddać...;1;http://wiadomosci.gazeta.pl/wiadomosci/1,114871,17874422,Prezydent_Litwy__Europa_nie_moze_poddac_sie_szantazowi.html#BoxNewsLink
2015-05-07;http://www.dziennik.pl;Komorowski wytyka Dudzie  polityczne i ideowe fikołki;2;http://wiadomosci.dziennik.pl/wybory-prezydenckie/artykuly/489748,bronislaw-komorowski-kandyduje-w-imie-zgody-i-bezpieczenstwa.html
2015-05-07;http://www.dziennik.pl;Paweł Kukiz przerywa kampanię!  Muszę jechać do mojego ojca;2;http://wiadomosci.dziennik.pl/wybory-prezydenckie/artykuly/489758,wybory-prezydenckie-2015-pawel-kukiz-przerywa-kampanie-choroba-ojca.html
2015-05-07;http://wyborcza.pl/0,0.html?piano_d=1;Paweł Kukiz przerywa kampanię, ze względu na zdrowie ojca;3;http://wyborcza.pl/1,143644,17874937,Kukiz_przerywa_kampanie_ze_wzgledu_na_stan_zdrowia.html
2015-05-07;http://wyborcza.pl/0,0.html?piano_d=1;Kobiety na wojnie z Facebookiem o  cycki Magdaleny Ogórek;2;http://wyborcza.pl/1,75478,17877127,Kobiety_na_wojnie_z_Facebookiem_o__cycki_Magdaleny.html
2015-05-07;http://wyborcza.pl/0,0.html?piano_d=1;Finał kampanii Andrzeja Dudy.  Dlaczego finał? Bo wygramy w pierwszej turze!;2;http://wyborcza.pl/1,75478,17876845,Final_kampanii_Andrzeja_Dudy___Dlaczego_final__Bo.html
2015-05-07;http://wyborcza.pl/0,0.html?piano_d=1;Jak głosować w wyborach prezydenckich;2;http://wyborcza.pl/1,75478,17876112,Jak_glosowac_w_wyborach_prezydenckich.html
2015-05-07;http://wyborcza.pl/0,0.html?piano_d=1;Kukiz miał być czarnym koniem, w debacie okazał się szkapą;3;http://wyborcza.pl/1,75968,17873421,Wybory_prezydenckie_2015__Wodospad_populizmu.html
2015-05-07;http://wyborcza.pl/0,0.html?piano_d=1;PiS wzywa, by na wybory iść z własnym długopisem. O co tu chodzi?;3;http://wyborcza.pl/politykaekstra/1,145208,17866649,Wybory_prezydenckie_2015__Akcja_dlugopisowa__czyli.html
