"date";"portal";"title";"position";"link"
2015-04-23;http://www.wp.pl;wazneKorwin-Mikke: zagonie pania Kopacz do roboty;2;http://wiadomosci.wp.pl/kat,1342,title,Janusz-Korwin-Mikke-zagonie-Ewe-Kopacz-do-roboty,wid,17472341,wiadomosc.html
2015-04-23;http://www.wprost.pl/;Duda o przetargu na śmigłowce: Kontrakt wędruje za granicę. Nie popieram takiej polityki;2;http://www.wprost.pl/ar/503694/Duda-o-przetargu-na-smiglowce-Kontrakt-wedruje-za-granice-Nie-popieram-takiej-polityki/
2015-04-23;http://www.wprost.pl/;Przedszkola publiczne tylko dla szczepionych dzieci . Prezydent przychylny;2;http://www.wprost.pl/ar/503689/Przedszkola-publiczne-tylko-dla-szczepionych-dzieci-Prezydent-przychylny/
2015-04-23;http://www.wprost.pl/;Duda chce obniżyć wiek emerytalny. Prof. Bugaj: Trend jest odwrotny, ale zmiany w Polsce były zbyt radykalne;1;http://www.wprost.pl/ar/502689/Duda-chce-obnizyc-wiek-emerytalny-Prof-Bugaj-Trend-jest-odwrotny-ale-zmiany-w-Polsce-byly-zbyt-radykalne/
2015-04-23;http://www.onet.pl/;  Wizyta Komorowskiego jak z filmów Barei ;3;http://polska.newsweek.pl/bronislaw-komorowski-z-wizyta-na-budowie-obwodnicy-inowroclawia,artykuly,361555,1.html
2015-04-23;http://www.onet.pl/;Komorowski komentuje incydent na wiecu. "To akcja siania nienawisci";2;http://wiadomosci.onet.pl/kraj/bronislaw-komorowski-oskarza-pis-zorganizowana-akcja-siania-nienawisci/wgcj58
2015-04-23;http://www.onet.pl/;Oburzajace slowa szefa FBI. Duda: pozwalbym go;2;http://wiadomosci.onet.pl/kraj/duda-nalezy-rozwazyc-dalsze-kroki-w-sprawie-slow-dyrektora-fbi/ex5lts
2015-04-23;http://www.onet.pl/;Sprawdzamy, kim sa kandydaci na prezydenta;2;http://wiadomosci.onet.pl/sprawdzamy-kim-sa-kandydaci-na-prezydenta/zf98sv
2015-04-23;http://www.onet.pl/;Wpadka Andrzeja Dudy w kosciele;2;http://wiadomosci.onet.pl/kiedy-polityka-staje-sie-religia/b2t07s
2015-04-23;http://www.onet.pl/;"Korwin-Mikke jest pozytecznym idiota";2;http://wiadomosci.onet.pl/tylko-w-onecie/prof-antoni-dudek-janusz-korwin-mikke-jest-pozytecznym-idiota-kremla/q5267p
2015-04-23;http://www.newsweek.pl/;Który kandydat na prezydenta jest ci najblizszy?;3;http://polska.newsweek.pl/rozwiaz-test-latarnika-wyborczego,artykuly,361585,1.html
2015-04-23;http://www.newsweek.pl/;Budowa obwodnicy specjalnie na przyjazd prezydenta;2;http://polska.newsweek.pl/bronislaw-komorowski-z-wizyta-na-budowie-obwodnicy-inowroclawia,artykuly,361555,1.html
2015-04-23;http://www.newsweek.pl/;Wchodzisz do sklepu i slyszysz szept: To twój syn zabil w Smolensku prezydenta;2;http://polska.newsweek.pl/katastrofa-smolenska-rodzice-kapitana-protasiuka-ktory-lecial-tu-154,artykuly,361472,1.html
2015-04-23;http://www.tvn24.pl/;Prezydent w  Kropce nad i : byloby nieodpowiedzialne rozwiazywac sprawe szefa FBI wojna z USA;4;http://www.tvn24.pl/bronislaw-komorowski-gosciem-kropki-nad-i,535828,s.html
2015-04-23;http://www.tvn24.pl/;Wybuchy na pokÅ<U+0082>adzie tupolewa? Duda:   to nie jest kwestia wiary, ale dowodÃ³w;3;http://www.tvn24.pl/wybuchy-na-pokladzie-tupolewa-duda-to-nie-kwestia-wiary-ale-dowodow,535821,s.html
2015-04-23;http://www.tvn24.pl/;Odtwórz: Wybuchy na pokÅ<U+0082>adzie tupolewa? Duda:   to nie jest kwestia wiary, ale dowodÃ³w;3;http://www.tvn24.pl/wybuchy-na-pokladzie-tupolewa-duda-to-nie-kwestia-wiary-ale-dowodow,535821,s.html#autoplay
2015-04-23;http://www.tvn24.pl/;Prezydent w  Kropce nad i : byÅ<U+0082>oby nieodpowiedzialne rozwiÄ<U+0085>zywaÄ<U+0087> sprawÄ<U+0099> szefa FBI wojnÄ<U+0085> z USA;2;http://www.tvn24.pl/bronislaw-komorowski-gosciem-kropki-nad-i,535828,s.html
2015-04-23;http://www.tvn24.pl/;Wybuchy na pokÅ<U+0082>adzie tupolewa? Duda:   to nie jest kwestia wiary, ale dowodÃ³w;2;http://www.tvn24.pl/wybuchy-na-pokladzie-tupolewa-duda-to-nie-jest-kwestia-wiary-ale-dowodow,535821,s.html
2015-04-23;http://natemat.pl/;Siemoniak i Kopacz wygrywaja Komorowskiemu kampanie sprawami obronnosci;4;http://natemat.pl/140399,powtorka-z-wyborow-europejskich-siemoniak-i-kopacz-wygrywaja-komorowskiemu-kampanie-sprawami-obronnosci
2015-04-23;http://natemat.pl/;Duda: Sa publikacje, ze wygrana Francuzów w przetargu na smiglowce mogla byc cena za posade Donalda Tuska;3;http://natemat.pl/140429,duda-sa-publikacje-ze-wygrana-francuzow-w-przetargu-na-smiglowce-mogla-byc-cena-za-posade-donalda-tuska
2015-04-23;http://natemat.pl/;Bronislaw Komorowski: Opozycja stajac po stronie firm, które przegraly przetarg na smiglowce, staje sie lobbystami;3;http://natemat.pl/140435,bronislaw-komorowski-opozycja-stajac-po-stronie-firm-ktore-przegraly-przetarg-na-smiglowce-staje-sie-lobbystami
2015-04-23;http://natemat.pl/;Prezydent kontra Grupa naTemat. Dyskusja z Komorowskim, jakiej jeszcze nie bylo;3;http://nietylko.natemat.pl/140303,bronislaw-komorowski-kontra-grupa-natemat-dyskusja-z-prezydentem-jakiej-jeszcze-nie-bylo
2015-04-23;http://natemat.pl/;Kandydaci na prezydenta, obudzcie sie! To, co robicie, to atrapa kampanii wyborczej;1;http://natemat.pl/140281,kandydaci-chcecie-nasze-glosy-to-o-nie-zawalczcie-komorowski-i-ogorek-w-ukryciu-duda-w-autobusie
2015-04-23;http://natemat.pl/;PiS mógl wygrac te kampanie, ale przepuscil kilka okazji. 5 straconych szans Andrzeja Dudy;1;http://natemat.pl/140313,pis-mogl-wygrac-te-kampanie-ale-nie-skorzystal-z-wystawionych-mu-pilek-piec-straconych-szans-andrzeja-dudy
2015-04-23;http://natemat.pl/;Ogórek jedzie do Moskwy spotkac sie z Putinem . Szef sztabu: Nie wiem, skad te wymysly;1;http://natemat.pl/140355,superak-wysyla-ogorek-do-moskwy-pisze-ze-spotka-sie-z-putinem-szef-sztabu-nie-wiem-skad-te-wymysly
2015-04-23;http://natemat.pl/;Scenariusz jak u Barei i  ustawka  na placu budowy? Komorowski wyjechal, prace ustaly;1;http://natemat.pl/140361,ustawka-na-placu-budowy-komorowski-wyjechal-prace-ustaly
2015-04-23;http://natemat.pl/;PKW obnizyla stawki za prace w komisjach. Efekt? Chetnych przybylo;1;http://natemat.pl/140343,pkw-obnizyla-stawki-za-prace-w-komisjach-wyborczych-efekt-chetnych-wciaz-przybywa
2015-04-23;http://natemat.pl/;Kandydaci na prezydenta;1;http://MamPrawoWiedziec.natemat.pl/140321,sprawdzamy-kim-sa-kandydaci-na-prezydenta
2015-04-23;http://www.gazeta.pl;Palikot w małej parafii, w której proboszcz zażądał m.in. aż 3 tys. zł za pogrzeb. Jest oświadczenie kurii;2;http://wiadomosci.gazeta.pl/wiadomosci/1,143907,17798573,Kampania_prezydencka_2015__Palikot_w_parafii__w_ktorej.html#BoxNewsImg
2015-04-23;http://www.gazeta.pl;Duda:  Ideologia lewacka niszczy tradycyjną rodzinę;1;http://wiadomosci.gazeta.pl/wiadomosci/1,114871,17788154,Przenosimy_debate_prezydencka_do_sieci__Juz_dzis_o.html#BoxNewsLink
2015-04-23;http://www.gazeta.pl;Kaczyński wyrzuci prezydenta z PiS? Związki ze SKOK;1;http://wiadomosci.gazeta.pl/wiadomosci/1,138764,17792960,Prezes_Kaczynski_wyrzuci_prezydenta_z_PiS__Chyba_tak.html#BoxNewsLink
2015-04-23;http://www.dziennik.pl;Komorowski do Olejnik: Pani powtarza te bzdury i kalumnie;3;http://wiadomosci.dziennik.pl/wybory-prezydenckie/artykuly/488600,komorowski-do-olejnik-pani-powtarza-te-bzdury-i-kalumnie.html
2015-04-23;http://www.dziennik.pl;BOR ujawnił, jak chroni prezydenta.  To idiotyzm!  ZDJĘCIA;2;http://auto.dziennik.pl/aktualnosci/galeria/488395,pancerny-range-rover-samochod-bor-czym-jezdzi-prezydent-komorowski.html
2015-04-23;http://www.dziennik.pl;Bareja by się uśmiał! Prezydent odwiedził budowę, której nie było?;2;http://wiadomosci.dziennik.pl/wybory-prezydenckie/galeria/488566,bareja-by-sie-usmial-prezydent-komorowski-na-udawanej-budowie-obwodnicy-inowroclawia-zdjecia.html
2015-04-23;http://www.dziennik.pl;Wpadka kandydata na prezydenta?  Kogo mordowano? Polaków!;2;http://wiadomosci.dziennik.pl/wybory-prezydenckie/artykuly/488559,adam-jarubas-zaliczyl-wpadke-monika-olejnik-zapytala-o-pogrom-kielecki-kogo-mordowano-polakow.html
2015-04-23;http://www.dziennik.pl;NOWY SONDAŻ. Kukiz zabiera Komorowskiemu wyborców PO?;2;http://wiadomosci.dziennik.pl/wybory-prezydenckie/artykuly/488545,wybory-prezydenckie-2015-sondaz-komorowski-traci-juz-nawet-wyborcow-po.html
2015-04-23;http://www.dziennik.pl;Andrzej Duda o śmigłowcach: Francuska oferta nie do przyjęcia;1;http://wiadomosci.dziennik.pl/polityka/artykuly/488513,andrzej-duda-z-pis-o-smiglowcach-francuska-oferta-nie-do-przyjecia.html
2015-04-23;http://www.dziennik.pl;Komornik w muzeum prezydenta RP. Nie płacili czynszu;1;http://wiadomosci.dziennik.pl/polityka/artykuly/488481,komornik-w-muzeum-prezydenta-kaczorowskiego.html
2015-04-23;http://wyborcza.pl/0,0.html?piano_d=1;Salta i wolty kandydata Kukiza;3;http://wyborcza.pl/1,143644,17792222,Salta_Kukiza.html
2015-04-23;http://wyborcza.pl/0,0.html?piano_d=1;Duda do internautów: Polska zaczyna przypominać państwo totalitarne;3;http://wyborcza.pl/1,75478,17795137,Andrzej_Duda_odpowiada_na_pytania_internautow__Panstwo.html
2015-04-23;http://wyborcza.pl/0,0.html?piano_d=1;Andrzej Duda w TVN 24: Pozwałbym szefa FBI za słowa o Holocauście;2;http://wyborcza.pl/1,75478,17798508,Andrzej_Duda_w_TVN_24__Pozwalbym_szefa_FBI_za_slowa.html
2015-04-23;http://wyborcza.pl/0,0.html?piano_d=1;Wyrok na Mursiego ciosem w serce Egipcjan. Były egipski prezydent skazany na 20 lat;3;http://wyborcza.pl/1,75968,17792552,Wyrok_na_Mursiego_ciosem_w_serce_Egipcjan__Byly_egipski.html
2015-04-23;http://www.wp.pl;Hity polskiej zbrojeni�wki. Janusz Piechocinski: mamy czym konkurowac ze swiatem;4;http://www.money.pl/gospodarka/wiadomosci/artykul/polska-zbrojeniowka-ma-sie-czym-chwalic-na,0,0,1770240.html
2015-04-23;http://www.wprost.pl/;Duda o przetargu na śmigłowce: Kontrakt wędruje za granicę. Nie popieram takiej polityki;2;http://www.wprost.pl/ar/503694/Duda-o-przetargu-na-smiglowce-Kontrakt-wedruje-za-granice-Nie-popieram-takiej-polityki/
2015-04-23;http://www.wprost.pl/;Przedszkola publiczne tylko dla szczepionych dzieci . Prezydent przychylny;2;http://www.wprost.pl/ar/503689/Przedszkola-publiczne-tylko-dla-szczepionych-dzieci-Prezydent-przychylny/
2015-04-23;http://www.wprost.pl/;Duda chce obniżyć wiek emerytalny. Prof. Bugaj: Trend jest odwrotny, ale zmiany w Polsce były zbyt radykalne;1;http://www.wprost.pl/ar/502689/Duda-chce-obnizyc-wiek-emerytalny-Prof-Bugaj-Trend-jest-odwrotny-ale-zmiany-w-Polsce-byly-zbyt-radykalne/
2015-04-23;http://www.onet.pl/;  Wizyta Komorowskiego jak z filmów Barei ;3;http://polska.newsweek.pl/bronislaw-komorowski-z-wizyta-na-budowie-obwodnicy-inowroclawia,artykuly,361555,1.html
2015-04-23;http://www.onet.pl/;Sprawdz, na którego z kandydatów powinienes glosowac w wyborach prezydenckich;2;http://polska.newsweek.pl/rozwiaz-test-latarnika-wyborczego,artykuly,361585,1.html
2015-04-23;http://www.onet.pl/;Wpadka Andrzeja Dudy w kosciele;2;http://wiadomosci.onet.pl/kiedy-polityka-staje-sie-religia/b2t07s
2015-04-23;http://www.onet.pl/;"Korwin-Mikke jest pozytecznym idiota";2;http://wiadomosci.onet.pl/tylko-w-onecie/prof-antoni-dudek-janusz-korwin-mikke-jest-pozytecznym-idiota-kremla/q5267p
2015-04-23;http://www.newsweek.pl/;Który kandydat na prezydenta jest ci najblizszy?;3;http://polska.newsweek.pl/rozwiaz-test-latarnika-wyborczego,artykuly,361585,1.html
2015-04-23;http://www.newsweek.pl/;Budowa obwodnicy specjalnie na przyjazd prezydenta;2;http://polska.newsweek.pl/bronislaw-komorowski-z-wizyta-na-budowie-obwodnicy-inowroclawia,artykuly,361555,1.html
2015-04-23;http://www.newsweek.pl/;Wchodzisz do sklepu i slyszysz szept: To twój syn zabil w Smolensku prezydenta;2;http://polska.newsweek.pl/katastrofa-smolenska-rodzice-kapitana-protasiuka-ktory-lecial-tu-154,artykuly,361472,1.html
2015-04-23;http://www.tvn24.pl/;Prezydent: byÅ<U+0082>oby nieodpowiedzialne rozwiÄ<U+0085>zywaÄ<U+0087> sprawÄ<U+0099> szefa FBI wojnÄ<U+0085> z USA;3;http://www.tvn24.pl/bronislaw-komorowski-gosciem-kropki-nad-i,535828,s.html
2015-04-23;http://www.tvn24.pl/;Odtwórz: Prezydent: byÅ<U+0082>oby nieodpowiedzialne rozwiÄ<U+0085>zywaÄ<U+0087> sprawÄ<U+0099> szefa FBI wojnÄ<U+0085> z USA;3;http://www.tvn24.pl/bronislaw-komorowski-gosciem-kropki-nad-i,535828,s.html#autoplay
2015-04-23;http://www.tvn24.pl/;Wybuchy na pokÅ<U+0082>adzie tupolewa? Duda:   to nie jest kwestia wiary, ale dowodÃ³w;3;http://www.tvn24.pl/wybuchy-na-pokladzie-tupolewa-duda-to-nie-kwestia-wiary-ale-dowodow,535821,s.html
2015-04-23;http://www.tvn24.pl/;Odtwórz: Wybuchy na pokÅ<U+0082>adzie tupolewa? Duda:   to nie jest kwestia wiary, ale dowodÃ³w;3;http://www.tvn24.pl/wybuchy-na-pokladzie-tupolewa-duda-to-nie-kwestia-wiary-ale-dowodow,535821,s.html#autoplay
2015-04-23;http://www.tvn24.pl/;Prezydent: byÅ<U+0082>oby nieodpowiedzialne rozwiÄ<U+0085>zywaÄ<U+0087> sprawÄ<U+0099> szefa FBI wojnÄ<U+0085> z USA;2;http://www.tvn24.pl/prezydent-byloby-nieodpowiedzialne-rozwiazywac-sprawe-szefa-fbi-wojna-z-usa,535828,s.html
2015-04-23;http://www.tvn24.pl/;Wybuchy na pokÅ<U+0082>adzie tupolewa? Duda:   to nie jest kwestia wiary, ale dowodÃ³w;2;http://www.tvn24.pl/wybuchy-na-pokladzie-tupolewa-duda-to-nie-jest-kwestia-wiary-ale-dowodow,535821,s.html
2015-04-23;http://www.tvn24.pl/;Prezydent: byÅ<U+0082>oby nieodpowiedzialne rozwiÄ<U+0085>zywaÄ<U+0087> sprawÄ<U+0099> szefa FBI wojnÄ<U+0085> z USA;1;http://www.tvn24.pl/bronislaw-komorowski-gosciem-kropki-nad-i,535828,s.html
2015-04-23;http://www.tvn24.pl/;Odtwórz: Prezydent: byÅ<U+0082>oby nieodpowiedzialne rozwiÄ<U+0085>zywaÄ<U+0087> sprawÄ<U+0099> szefa FBI wojnÄ<U+0085> z USA;1;http://www.tvn24.pl/bronislaw-komorowski-gosciem-kropki-nad-i,535828,s.html#autoplay
2015-04-23;http://www.tvn24.pl/;Wybuchy na pokÅ<U+0082>adzie tupolewa? Duda:   to nie jest kwestia wiary, ale dowodÃ³w;1;http://www.tvn24.pl/wybuchy-na-pokladzie-tupolewa-duda-to-nie-kwestia-wiary-ale-dowodow,535821,s.html
2015-04-23;http://www.tvn24.pl/;Odtwórz: Wybuchy na pokÅ<U+0082>adzie tupolewa? Duda:   to nie jest kwestia wiary, ale dowodÃ³w;1;http://www.tvn24.pl/wybuchy-na-pokladzie-tupolewa-duda-to-nie-kwestia-wiary-ale-dowodow,535821,s.html#autoplay
2015-04-23;http://natemat.pl/;Najgorsza kampania w historii;2;http://bartlomiejciazynski.natemat.pl/140443,najgorsza-kampania-w-historii
2015-04-23;http://natemat.pl/;Prezydent kontra Grupa naTemat. Dyskusja z Komorowskim, jakiej jeszcze nie bylo;2;http://nietylko.natemat.pl/140303,bronislaw-komorowski-kontra-grupa-natemat-dyskusja-z-prezydentem-jakiej-jeszcze-nie-bylo
2015-04-23;http://natemat.pl/;Siemoniak i Kopacz wygrywaja Komorowskiemu kampanie sprawami obronnosci;2;http://natemat.pl/140399,powtorka-z-wyborow-europejskich-siemoniak-i-kopacz-wygrywaja-komorowskiemu-kampanie-sprawami-obronnosci
2015-04-23;http://natemat.pl/;Duda: Sa publikacje, ze wygrana Francuzów w przetargu na smiglowce mogla byc cena za posade Donalda Tuska;2;http://natemat.pl/140429,duda-sa-publikacje-ze-wygrana-francuzow-w-przetargu-na-smiglowce-mogla-byc-cena-za-posade-donalda-tuska
2015-04-23;http://natemat.pl/;Bronislaw Komorowski: Opozycja stajac po stronie firm, które przegraly przetarg na smiglowce, staje sie lobbystami;2;http://natemat.pl/140435,bronislaw-komorowski-opozycja-stajac-po-stronie-firm-ktore-przegraly-przetarg-na-smiglowce-staje-sie-lobbystami
2015-04-23;http://natemat.pl/;Kandydaci na prezydenta, obudzcie sie! To, co robicie, to atrapa kampanii wyborczej;1;http://natemat.pl/140281,kandydaci-chcecie-nasze-glosy-to-o-nie-zawalczcie-komorowski-i-ogorek-w-ukryciu-duda-w-autobusie
2015-04-23;http://natemat.pl/;PiS mógl wygrac te kampanie, ale przepuscil kilka okazji. 5 straconych szans Andrzeja Dudy;1;http://natemat.pl/140313,pis-mogl-wygrac-te-kampanie-ale-nie-skorzystal-z-wystawionych-mu-pilek-piec-straconych-szans-andrzeja-dudy
2015-04-23;http://natemat.pl/;Ogórek jedzie do Moskwy spotkac sie z Putinem . Szef sztabu: Nie wiem, skad te wymysly;1;http://natemat.pl/140355,superak-wysyla-ogorek-do-moskwy-pisze-ze-spotka-sie-z-putinem-szef-sztabu-nie-wiem-skad-te-wymysly
2015-04-23;http://natemat.pl/;Scenariusz jak u Barei i  ustawka  na placu budowy? Komorowski wyjechal, prace ustaly;1;http://natemat.pl/140361,ustawka-na-placu-budowy-komorowski-wyjechal-prace-ustaly
2015-04-23;http://natemat.pl/;PKW obnizyla stawki za prace w komisjach. Efekt? Chetnych przybylo;1;http://natemat.pl/140343,pkw-obnizyla-stawki-za-prace-w-komisjach-wyborczych-efekt-chetnych-wciaz-przybywa
2015-04-23;http://natemat.pl/;Kandydaci na prezydenta;1;http://MamPrawoWiedziec.natemat.pl/140321,sprawdzamy-kim-sa-kandydaci-na-prezydenta
2015-04-23;http://www.gazeta.pl;Palikot w małej parafii, w której proboszcz zażądał m.in. aż 3 tys. zł za pogrzeb. Jest oświadczenie kurii;2;http://wiadomosci.gazeta.pl/wiadomosci/1,143907,17798573,Kampania_prezydencka_2015__Palikot_w_parafii__w_ktorej.html#BoxNewsImg
2015-04-23;http://www.gazeta.pl;Kaczyński wyrzuci prezydenta z PiS? Związki ze SKOK;1;http://wiadomosci.gazeta.pl/wiadomosci/1,138764,17792960,Prezes_Kaczynski_wyrzuci_prezydenta_z_PiS__Chyba_tak.html#BoxNewsLink
2015-04-23;http://www.dziennik.pl;Komorowski do Olejnik: Pani powtarza te bzdury i kalumnie;3;http://wiadomosci.dziennik.pl/wybory-prezydenckie/artykuly/488600,komorowski-do-olejnik-pani-powtarza-te-bzdury-i-kalumnie.html
2015-04-23;http://www.dziennik.pl;BOR ujawnił, jak chroni prezydenta.  To idiotyzm!  ZDJĘCIA;2;http://auto.dziennik.pl/aktualnosci/galeria/488395,pancerny-range-rover-samochod-bor-czym-jezdzi-prezydent-komorowski.html
2015-04-23;http://www.dziennik.pl;NOWY SONDAŻ. Kukiz zabiera Komorowskiemu wyborców PO?;2;http://wiadomosci.dziennik.pl/wybory-prezydenckie/artykuly/488545,wybory-prezydenckie-2015-sondaz-komorowski-traci-juz-nawet-wyborcow-po.html
2015-04-23;http://www.dziennik.pl;Bareja by się uśmiał! Prezydent odwiedził budowę, której nie było?;2;http://wiadomosci.dziennik.pl/wybory-prezydenckie/galeria/488566,bareja-by-sie-usmial-prezydent-komorowski-na-udawanej-budowie-obwodnicy-inowroclawia-zdjecia.html
2015-04-23;http://www.dziennik.pl;Andrzej Duda o śmigłowcach: Francuska oferta nie do przyjęcia;1;http://wiadomosci.dziennik.pl/polityka/artykuly/488513,andrzej-duda-z-pis-o-smiglowcach-francuska-oferta-nie-do-przyjecia.html
2015-04-23;http://www.dziennik.pl;Komornik w muzeum prezydenta RP. Nie płacili czynszu;1;http://wiadomosci.dziennik.pl/polityka/artykuly/488481,komornik-w-muzeum-prezydenta-kaczorowskiego.html
2015-04-23;http://wyborcza.pl/0,0.html?piano_d=1;Andrzej Duda w TVN 24: Pozwałbym szefa FBI za słowa o Holocauście;3;http://wyborcza.pl/1,75478,17798508,Andrzej_Duda_w_TVN_24__Pozwalbym_szefa_FBI_za_slowa.html
2015-04-23;http://wyborcza.pl/0,0.html?piano_d=1;Kościół i Bóg Andrzeja Dudy. Jak kandydat PiS podpiera się wiarą i przywiązaniem do Kościoła;2;http://wyborcza.pl/1,75478,17798263,Kosciol_i_Bog_Andrzeja_Dudy__Jak_kandydat_PiS_podpiera.html
2015-04-23;http://www.tvp.info/;Tylko u nas                     „Prezydent spoza ukladu PO-PiS jest jedyna szansa naprawy wszelkich patologii”;3;http://www.tvp.info/19774969/prezydent-spoza-ukladu-popis-jest-jedyna-szansa-naprawy-wszelkich-patologii-w-tym-panstwie
2015-04-23;http://www.tvp.info/;Czy przekona do JOW-ów? Pawel Kukiz gosciem programu „Dzis wieczorem”;3;http://www.tvp.info/19774871/czy-przekona-do-jowow-pawel-kukiz-gosciem-programu-dzis-wieczorem
2015-04-23;http://www.wp.pl;4 godz.Budowa ruszyla, bo przyjechal Komorowski?;2;http://wiadomosci.wp.pl/kat,130496,title,Budowa-obwodnicy-ruszyla-bo-przyjechal-Komorowski-Internauci-oburzeni,wid,17474510,wiadomosc.html
2015-04-23;http://www.wprost.pl/;Palikot: Trybunał dla odpowiedzialnych za wybór śmigłowców;2;http://www.wprost.pl/ar/503816/Palikot-Trybunal-dla-odpowiedzialnych-za-wybor-smiglowcow/
2015-04-23;http://www.wprost.pl/;Wybory prezydenckie obsłuży nowy system informatyczny. Częściowo;2;http://www.wprost.pl/ar/503812/Wybory-prezydenckie-obsluzy-nowy-system-informatyczny-Czesciowo/
2015-04-23;http://www.wprost.pl/;Duda chce obniżyć wiek emerytalny. Prof. Bugaj: Trend jest odwrotny, ale zmiany w Polsce były zbyt radykalne;1;http://www.wprost.pl/ar/502689/Duda-chce-obnizyc-wiek-emerytalny-Prof-Bugaj-Trend-jest-odwrotny-ale-zmiany-w-Polsce-byly-zbyt-radykalne/
2015-04-23;http://www.onet.pl/;  Kandydaci na urzad prezydenta RP ze swoimi rodzinami ;3;http://wiadomosci.onet.pl/kraj/rodziny-kandydatow-na-urzad-prezydenta-rp/dxn44c
2015-04-23;http://www.onet.pl/;Zbigniew Ziobro "uderza" w prezydenta. Monika Olejnik: to sie w glowie nie miesci;2;http://wiadomosci.onet.pl/kraj/zbigniew-ziobro-uderza-w-prezydenta-monika-olejnik-to-sie-w-glowie-nie-miesci/hjc9jc
2015-04-23;http://www.onet.pl/;Wpadka Andrzeja Dudy w kosciele;2;http://wiadomosci.onet.pl/kiedy-polityka-staje-sie-religia/b2t07s
2015-04-23;http://www.onet.pl/;Janusz Palikot: wprowadze zakaz pobierania oplat za pogrzeby i sluby;1;http://wiadomosci.onet.pl/warszawa/janusz-palikot-wprowadze-zakaz-pobierania-oplat-za-pogrzeby-i-sluby/v412e9
2015-04-23;http://www.newsweek.pl/;Jacewo i inne. Najwieksze wpadki wyborczych kampanii;4;http://polska.newsweek.pl/najwieksze-wpadki-kampanii-wyborczych-w-iii-rp-przyklady-,artykuly,361636,1.html
2015-04-23;http://www.newsweek.pl/;Który kandydat na prezydenta jest ci najblizszy?;2;http://polska.newsweek.pl/rozwiaz-test-latarnika-wyborczego,artykuly,361585,1.html
2015-04-23;http://www.newsweek.pl/;Budowa obwodnicy specjalnie na przyjazd prezydenta;2;http://polska.newsweek.pl/bronislaw-komorowski-z-wizyta-na-budowie-obwodnicy-inowroclawia,artykuly,361555,1.html
2015-04-23;http://www.tvn24.pl/;SLD wojuje z OgÃ³rek. KÅ<U+0082>opoty   z finansowaniem kampanii?;3;http://www.tvn24.pl/sld-wojuje-z-ogorek-klopoty-z-finansowaniem-kampanii,535987,s.html
2015-04-23;http://www.tvn24.pl/;SLD wojuje z OgÃ³rek. KÅ<U+0082>opoty   z finansowaniem kampanii?;2;http://www.tvn24.pl/sld-wojuje-z-ogorek-klopoty-z-finansowaniem-kampanii,535987,s.html
2015-04-23;http://natemat.pl/;Wybory na prezydenta przestaly miec sens.  Prezydenta powinien wybierac Parlament;3;http://natemat.pl/140413,po-co-nam-te-wybory-prezydenckie-kuriozalna-kampania-przypomina-ze-czas-oddac-wybor-glowy-panstwa-w-rece-parlamentu
2015-04-23;http://natemat.pl/;Bareja nasz powszedni. Smieja sie z prezydenta, ale Kaczynski i reszta robili dokladnie to samo;3;http://natemat.pl/140417,bareja-nasz-powszedni-dla-komorowskiego-specjalnie-zaczeto-budowe-obwodnicy-kaczynski-otwieral-nieskonczony-most
2015-04-23;http://natemat.pl/;Zarty z Ogórek na salonach. Juz nawet Paradowska i Olejnik smieja sie z kandydatki SLD;2;http://natemat.pl/140461,beka-z-magdaleny-ogorek-wchodzi-na-salony-z-kandydatki-zartuja-juz-nie-tylko-internauci-ale-paradowska-i-olejnik
2015-04-23;http://natemat.pl/;SLD nie zaplacil za spoty Ogórek . Sztab dementuje i grozi  Rzepie  pozwem;2;http://natemat.pl/140455,sld-nie-zaplacil-za-spoty-ogorek-sztab-dementuje-i-grozi-rzeczpospolitej-pozwem
2015-04-23;http://natemat.pl/;Prezydent kontra Grupa naTemat. Dyskusja z Komorowskim, jakiej jeszcze nie bylo;2;http://nietylko.natemat.pl/140303,bronislaw-komorowski-kontra-grupa-natemat-dyskusja-z-prezydentem-jakiej-jeszcze-nie-bylo
2015-04-23;http://natemat.pl/;Siemoniak i Kopacz wygrywaja Komorowskiemu kampanie sprawami obronnosci;1;http://natemat.pl/140399,powtorka-z-wyborow-europejskich-siemoniak-i-kopacz-wygrywaja-komorowskiemu-kampanie-sprawami-obronnosci
2015-04-23;http://natemat.pl/;Duda: Sa publikacje, ze wygrana Francuzów w przetargu na smiglowce mogla byc cena za posade Donalda Tuska;1;http://natemat.pl/140429,duda-sa-publikacje-ze-wygrana-francuzow-w-przetargu-na-smiglowce-mogla-byc-cena-za-posade-donalda-tuska
2015-04-23;http://natemat.pl/;Bronislaw Komorowski: Opozycja stajac po stronie firm, które przegraly przetarg na smiglowce, staje sie lobbystami;1;http://natemat.pl/140435,bronislaw-komorowski-opozycja-stajac-po-stronie-firm-ktore-przegraly-przetarg-na-smiglowce-staje-sie-lobbystami
2015-04-23;http://www.gazeta.pl;Palikot w małej parafii, w której proboszcz zażądał m.in. aż 3 tys. zł za pogrzeb. Jest oświadczenie kurii;2;http://wiadomosci.gazeta.pl/wiadomosci/1,143907,17798573,Kampania_prezydencka_2015__Palikot_w_parafii__w_ktorej.html#BoxNewsImg
2015-04-23;http://www.dziennik.pl;Komorowski do Olejnik: Pani powtarza te bzdury i kalumnie;2;http://wiadomosci.dziennik.pl/wybory-prezydenckie/artykuly/488600,komorowski-do-olejnik-pani-powtarza-te-bzdury-i-kalumnie.html
2015-04-23;http://www.dziennik.pl;Palikot bije w rząd: Skandal, wietrzę gigantyczną łapówkę;2;http://wiadomosci.dziennik.pl/polityka/artykuly/488643,janusz-palikot-tk-dla-odpowiedzialnych-za-wybor-smiglowcow.html
2015-04-23;http://www.dziennik.pl;Awantura w studiu Radia ZET.  Komorowski też mówił, że Polacy są narodem sprawców;1;http://wiadomosci.dziennik.pl/polityka/artykuly/488645,awantura-w-studiu-radia-zet-komorowski-tez-mowil-ze-polacy-sa-narodem-sprawcow.html
2015-04-23;http://www.dziennik.pl;Palikot chce Trybunału Stanu dla tych, którzy wybrali armii śmigłowiec;1;http://wiadomosci.dziennik.pl/polityka/artykuly/488643,janusz-palikot-tk-dla-odpowiedzialnych-za-wybor-smiglowcow.html
2015-04-23;http://www.dziennik.pl;Andrzej Duda o śmigłowcach: Francuska oferta nie do przyjęcia;1;http://wiadomosci.dziennik.pl/polityka/artykuly/488513,andrzej-duda-z-pis-o-smiglowcach-francuska-oferta-nie-do-przyjecia.html
2015-04-23;http://wyborcza.pl/0,0.html?piano_d=1;Andrzej Duda w TVN 24: Pozwałbym szefa FBI za słowa o Holocauście;3;http://wyborcza.pl/1,75478,17798508,Andrzej_Duda_w_TVN_24__Pozwalbym_szefa_FBI_za_slowa.html
2015-04-23;http://wyborcza.pl/0,0.html?piano_d=1;Od rasistów, bandytów i terrorystów prezydent Wenezueli zwyzywał premiera Hiszpanii;2;http://wyborcza.pl/1,75477,17800511,Od_rasistow__bandytow_i_terrorystow_prezydent_Wenezueli.html
2015-04-23;http://www.tvp.info/;Czy przekona do JOW-ów? Pawel Kukiz gosciem programu „Dzis wieczorem”;3;http://www.tvp.info/19774871/czy-przekona-do-jowow-pawel-kukiz-gosciem-programu-dzis-wieczorem
2015-04-23;http://www.tvp.info/;Duda chcialby Polski w pozycji „nic o nas bez nas”. „Smiano sie, gdy mówilem o czlonkostwie w RB ONZ”;2;http://www.tvp.info.pl/19777496/duda-o-wystapieniu-schetyny-smiano-sie-gdy-mowilem-o-czlonkostwie-polski-w-radzie-bezpieczenstwa-onz
2015-04-23;http://www.tvp.info/;Adam Hofman w partii Korwin-Mikkego? „Sejm to dla niego cel numer jeden”;2;http://www.tvp.info.pl/19776656/adam-hofman-w-partii-korwinmikkego-sejm-to-dla-niego-cel-numer-jeden
2015-04-23;http://www.wp.pl;1 godz.Korwin-Mikke: jesli oni wygraja, mamy III wojne;2;http://wiadomosci.wp.pl/kat,140394,title,Korwin-Mikke-po-wystapieniu-Schetyny-krytykuje-min-polityke-wschodnia,wid,17478355,wiadomosc.html
2015-04-23;http://www.wp.pl;Korwin-Mikke po wystąpieniu Schetyny krytykuje m.in. politykę wschodnią;1;/kat,140394,title,Korwin-Mikke-po-wystapieniu-Schetyny-krytykuje-min-polityke-wschodnia,wid,17478355,wiadomosc.html
2015-04-23;http://www.wp.pl;Jarosław Kaczyński mobilizował swoich posłów do cięższej pracy w kampanii Andrzeja Dudy;1;/kat,140394,title,Jaroslaw-Kaczynski-mobilizowal-swoich-poslow-do-ciezszej-pracy-w-kampanii-Andrzeja-Dudy,wid,17478018,wiadomosc.html
2015-04-23;http://www.wp.pl;Komorowski: list szefa FBI nie zamyka sprawy, ale jest ważny;1;/kat,140394,title,Komorowski-list-szefa-FBI-nie-zamyka-sprawy-ale-jest-wazny,wid,17477797,wiadomosc.html
2015-04-23;http://www.wprost.pl/;Palikot: Trybunał dla odpowiedzialnych za wybór śmigłowców;3;http://www.wprost.pl/ar/503816/Palikot-Trybunal-dla-odpowiedzialnych-za-wybor-smiglowcow/
2015-04-23;http://www.wprost.pl/;Prezydent o expose Schetyny: Położyłbym większy nacisk na bezpieczeństwo;2;http://www.wprost.pl/ar/503835/Prezydent-o-expose-Schetyny-Polozylbym-wiekszy-nacisk-na-bezpieczenstwo/
2015-04-23;http://www.onet.pl/;Kandydaci na urzad prezydenta RP ze swoimi rodzinami;4;http://wiadomosci.onet.pl/kraj/rodziny-kandydatow-na-urzad-prezydenta-rp/dxn44c
2015-04-23;http://www.onet.pl/;Górale mówia "nie" Bronislawowi Komorowskiemu;2;http://wiadomosci.onet.pl/podhale/gorale-nie-chca-byc-tlem-prezydenckiej-kampanii/8fer06
2015-04-23;http://www.onet.pl/;"Fakt": Andrzej Duda ukrywa swój nalóg;2;http://wiadomosci.onet.pl/kraj/andrzej-duda-pali-papierosy/0zbcz7
2015-04-23;http://www.newsweek.pl/;Jacewo i inne. Najwieksze wpadki wyborczych kampanii;2;http://polska.newsweek.pl/najwieksze-wpadki-kampanii-wyborczych-w-iii-rp-przyklady-,artykuly,361636,1.html
2015-04-23;http://www.newsweek.pl/;Który kandydat na prezydenta jest ci najblizszy?;2;http://polska.newsweek.pl/rozwiaz-test-latarnika-wyborczego,artykuly,361585,1.html
2015-04-23;http://www.tvn24.pl/;SLD wojuje z OgÃ³rek. KÅ<U+0082>opoty   z finansowaniem kampanii?;3;http://www.tvn24.pl/sld-wojuje-z-ogorek-klopoty-z-finansowaniem-kampanii,535987,s.html
2015-04-23;http://www.tvn24.pl/;Wielkie Spotkanie PrzyjaciÃ³Å<U+0082> Lasu.   Piknik i podziÄ<U+0099>kowania od prezydenta;3;http://www.tvn24.pl/wielkie-spotkanie-przyjaciol-lasu-piknik-i-podziekowania-od-prezydenta,536088,s.html
2015-04-23;http://www.tvn24.pl/;SLD wojuje z OgÃ³rek. KÅ<U+0082>opoty   z finansowaniem kampanii?;2;http://www.tvn24.pl/sld-wojuje-z-ogorek-klopoty-z-finansowaniem-kampanii,535987,s.html
2015-04-23;http://www.tvn24.pl/;Wielkie Spotkanie PrzyjaciÃ³Å<U+0082> Lasu.   Piknik i podziÄ<U+0099>kowania od prezydenta;2;http://www.tvnmeteo.pl/informacje/polska,28/wielkie-spotkanie-przyjaciol-lasu-br-piknik-i-podziekowania-od-prezydenta,165862,1,0.html
2015-04-23;http://www.tvn24.pl/;SLD wojuje z OgÃ³rek. KÅ<U+0082>opoty   z finansowaniem kampanii?;1;http://www.tvn24.pl/sld-wojuje-z-ogorek-klopoty-z-finansowaniem-kampanii,535987,s.html
2015-04-23;http://www.tvn24.pl/;Wielkie Spotkanie PrzyjaciÃ³Å<U+0082> Lasu.   Piknik i podziÄ<U+0099>kowania od prezydenta;1;http://www.tvn24.pl/wielkie-spotkanie-przyjaciol-lasu-piknik-i-podziekowania-od-prezydenta,536088,s.html
2015-04-23;http://natemat.pl/;Zobacz, co dokladnie mówil Duda;3;http://natemat.pl/140429,duda-sa-publikacje-ze-wygrana-francuzow-w-przetargu-na-smiglowce-mogla-byc-cena-za-posade-donalda-tuska
2015-04-23;http://natemat.pl/;Bareja nasz powszedni. Smieja sie z prezydenta, ale Kaczynski i reszta robili dokladnie to samo;2;http://natemat.pl/140417,bareja-nasz-powszedni-dla-komorowskiego-specjalnie-zaczeto-budowe-obwodnicy-kaczynski-otwieral-nieskonczony-most
2015-04-23;http://natemat.pl/;Prezydent kontra Grupa naTemat. Dyskusja z Komorowskim, jakiej jeszcze nie bylo;1;http://nietylko.natemat.pl/140303,bronislaw-komorowski-kontra-grupa-natemat-dyskusja-z-prezydentem-jakiej-jeszcze-nie-bylo
2015-04-23;http://natemat.pl/;Zarty z Ogórek na salonach. Juz nawet Paradowska i Olejnik smieja sie z kandydatki SLD;1;http://natemat.pl/140461,beka-z-magdaleny-ogorek-wchodzi-na-salony-z-kandydatki-zartuja-juz-nie-tylko-internauci-ale-paradowska-i-olejnik
2015-04-23;http://natemat.pl/;SLD nie zaplacil za spoty Ogórek . Sztab dementuje i grozi  Rzepie  pozwem;1;http://natemat.pl/140455,sld-nie-zaplacil-za-spoty-ogorek-sztab-dementuje-i-grozi-rzeczpospolitej-pozwem
2015-04-23;http://natemat.pl/;Wybory na prezydenta przestaly miec sens.  Prezydenta powinien wybierac Parlament;1;http://natemat.pl/140413,po-co-nam-te-wybory-prezydenckie-kuriozalna-kampania-przypomina-ze-czas-oddac-wybor-glowy-panstwa-w-rece-parlamentu
2015-04-23;http://natemat.pl/;Siemoniak i Kopacz wygrywaja Komorowskiemu kampanie sprawami obronnosci;1;http://natemat.pl/140399,powtorka-z-wyborow-europejskich-siemoniak-i-kopacz-wygrywaja-komorowskiemu-kampanie-sprawami-obronnosci
2015-04-23;http://natemat.pl/;Duda: Sa publikacje, ze wygrana Francuzów w przetargu na smiglowce mogla byc cena za posade Donalda Tuska;1;http://natemat.pl/140429,duda-sa-publikacje-ze-wygrana-francuzow-w-przetargu-na-smiglowce-mogla-byc-cena-za-posade-donalda-tuska
2015-04-23;http://natemat.pl/;Bronislaw Komorowski: Opozycja stajac po stronie firm, które przegraly przetarg na smiglowce, staje sie lobbystami;1;http://natemat.pl/140435,bronislaw-komorowski-opozycja-stajac-po-stronie-firm-ktore-przegraly-przetarg-na-smiglowce-staje-sie-lobbystami
2015-04-23;http://www.gazeta.pl;Pytanie o opodatkowanie bogatych. Wszyscy kandydaci zgodni. A kandydatka lewicy...;3;http://wiadomosci.gazeta.pl/wiadomosci/1,114871,17800901,Sprobujecie_zgadnac__jaki_poglad_laczy_wszystkich.html#Czolka3Img
2015-04-23;http://www.gazeta.pl;Część górali nie chce prezydenta Komorowskiego na Zjeździe Karpackim;1;http://wiadomosci.gazeta.pl/wiadomosci/1,138764,17800893,Czesc_gorali_nie_chce_prezydenta_Komorowskiego_na.html#BoxNewsLink
2015-04-23;http://www.dziennik.pl;Komorowski do Olejnik: Pani powtarza te bzdury i kalumnie;2;http://wiadomosci.dziennik.pl/wybory-prezydenckie/artykuly/488600,komorowski-do-olejnik-pani-powtarza-te-bzdury-i-kalumnie.html
2015-04-23;http://www.dziennik.pl;Palikot bije w rząd: Skandal, wietrzę gigantyczną łapówkę;2;http://wiadomosci.dziennik.pl/polityka/artykuly/488643,janusz-palikot-tk-dla-odpowiedzialnych-za-wybor-smiglowcow.html
2015-04-23;http://www.dziennik.pl;Awantura w studiu Radia ZET.  Komorowski też mówił, że Polacy są narodem sprawców;1;http://wiadomosci.dziennik.pl/polityka/artykuly/488645,awantura-w-studiu-radia-zet-komorowski-tez-mowil-ze-polacy-sa-narodem-sprawcow.html
2015-04-23;http://www.dziennik.pl;Palikot chce Trybunału Stanu dla tych, którzy wybrali armii śmigłowiec;1;http://wiadomosci.dziennik.pl/polityka/artykuly/488643,janusz-palikot-tk-dla-odpowiedzialnych-za-wybor-smiglowcow.html
2015-04-23;http://wyborcza.pl/0,0.html?piano_d=1;Kościół i Bóg Andrzeja Dudy. Jak kandydat PiS podpiera się wiarą i przywiązaniem do Kościoła;3;http://wyborcza.pl/1,143644,17798263,Kosciol_i_Bog_Andrzeja_Dudy__Jak_kandydat_PiS_podpiera.html
2015-04-23;http://wyborcza.pl/0,0.html?piano_d=1;Idą wybory, czyli dlaczego Jarosław Kaczyński zmienia zdanie o SKOK-ach;3;http://wyborcza.pl/1,143644,17798317,Ida_wybory__czyli_dlaczego_Jaroslaw_Kaczynski_zmienia.html
2015-04-23;http://wyborcza.pl/0,0.html?piano_d=1;Prezydent Komorowski:  List Comeya wskazuje na refleksję . Premier Kopacz:  To więcej, niż można się było spodziewać;2;http://wyborcza.pl/1,75478,17802186,Prezydent_Komorowski___List_Comeya_wskazuje_na_refleksje__.html
2015-04-23;http://wyborcza.pl/0,0.html?piano_d=1;Jarubas o pogromie kieleckim, czyli kompromitacja PSL;3;http://wyborcza.pl/1,75968,17798389,Adam_Jarubas_o_pogromie_kieleckim__czyli_kompromitacja.html
2015-04-23;http://www.tvp.info/;Czy przekona do JOW-ów? Pawel Kukiz gosciem programu „Dzis wieczorem”;3;http://www.tvp.info/19774871/czy-przekona-do-jowow-pawel-kukiz-gosciem-programu-dzis-wieczorem
2015-04-23;http://www.tvp.info/;Adam Hofman w partii Korwin-Mikkego? „Sejm to dla niego cel numer jeden”;2;http://www.tvp.info.pl/19776656/adam-hofman-w-partii-korwinmikkego-sejm-to-dla-niego-cel-numer-jeden
2015-04-23;http://www.wp.pl;Nowy sondaz CBOS: KORWiN w sejmie, poparcie dla PO spada;4;http://wiadomosci.wp.pl/kat,1342,title,Sondaz-CBOS-piec-partii-w-sejmie,wid,17479157,wiadomosc.html
2015-04-23;http://www.wp.pl;3 godz.Korwin-Mikke: jesli oni wygraja, mamy III wojne;2;http://wiadomosci.wp.pl/kat,140394,title,Korwin-Mikke-po-wystapieniu-Schetyny-krytykuje-min-polityke-wschodnia,wid,17478355,wiadomosc.html
2015-04-23;http://www.wp.pl;Korwin-Mikke po wystąpieniu Schetyny krytykuje m.in. politykę wschodnią;1;/kat,140394,title,Korwin-Mikke-po-wystapieniu-Schetyny-krytykuje-min-polityke-wschodnia,wid,17478355,wiadomosc.html
2015-04-23;http://www.wp.pl;Jarosław Kaczyński mobilizował swoich posłów do cięższej pracy w kampanii Andrzeja Dudy;1;/kat,140394,title,Jaroslaw-Kaczynski-mobilizowal-swoich-poslow-do-ciezszej-pracy-w-kampanii-Andrzeja-Dudy,wid,17478018,wiadomosc.html
2015-04-23;http://www.wp.pl;Komorowski: list szefa FBI nie zamyka sprawy, ale jest ważny;1;/kat,140394,title,Komorowski-list-szefa-FBI-nie-zamyka-sprawy-ale-jest-wazny,wid,17477797,wiadomosc.html
2015-04-23;http://www.wprost.pl/;Duda dziękuje Schetynie.  Konstytucja wyraźnie mówi o...;2;http://www.wprost.pl/ar/503846/Duda-dziekuje-Schetynie-Konstytucja-wyraznie-mowi-o/
2015-04-23;http://www.wprost.pl/;Prezydent o expose Schetyny: Położyłbym większy nacisk na bezpieczeństwo;2;http://www.wprost.pl/ar/503835/Prezydent-o-expose-Schetyny-Polozylbym-wiekszy-nacisk-na-bezpieczenstwo/
2015-04-23;http://www.onet.pl/;"Fakt": Andrzej Duda ukrywa swój nalóg;2;http://wiadomosci.onet.pl/kraj/andrzej-duda-pali-papierosy/0zbcz7
2015-04-23;http://www.newsweek.pl/;Jacewo i inne. Najwieksze wpadki wyborczych kampanii;2;http://polska.newsweek.pl/najwieksze-wpadki-kampanii-wyborczych-w-iii-rp-przyklady-,artykuly,361636,1.html
2015-04-23;http://www.newsweek.pl/;Który kandydat na prezydenta jest ci najblizszy?;2;http://polska.newsweek.pl/rozwiaz-test-latarnika-wyborczego,artykuly,361585,1.html
2015-04-23;http://www.tvn24.pl/;PO liderem, ale duÅ¼o straciÅ<U+0082>a. W sejmie   5 partii, w tym KORWiN;3;http://www.tvn24.pl/sondaz-cbos-po-liderem-sondazu-pis-zyskuje,536139,s.html
2015-04-23;http://www.tvn24.pl/;PO liderem, ale duÅ¼o straciÅ<U+0082>a. W sejmie   5 partii, w tym KORWiN;2;http://www.tvn24.pl/po-liderem-ale-duzo-stracila-w-sejmie-5-partii-w-tym-korwin,536139,s.html
2015-04-23;http://www.tvn24.pl/;PO liderem, ale duÅ¼o straciÅ<U+0082>a. W sejmie   5 partii, w tym KORWiN;1;http://www.tvn24.pl/sondaz-cbos-po-liderem-sondazu-pis-zyskuje,536139,s.html
2015-04-23;http://natemat.pl/;Najnowszy sondaz CBOS: Partia KORWiN wchodzi do Sejmu;3;http://natemat.pl/140519,najnowszy-sondaz-cbos-36-proc-dla-po-30-proc-dla-pis
2015-04-23;http://natemat.pl/;Zobacz, co dokladnie mówil Duda;1;http://natemat.pl/140429,duda-sa-publikacje-ze-wygrana-francuzow-w-przetargu-na-smiglowce-mogla-byc-cena-za-posade-donalda-tuska
2015-04-23;http://natemat.pl/;Zarty z Ogórek na salonach. Juz nawet Paradowska i Olejnik smieja sie z kandydatki SLD;1;http://natemat.pl/140461,beka-z-magdaleny-ogorek-wchodzi-na-salony-z-kandydatki-zartuja-juz-nie-tylko-internauci-ale-paradowska-i-olejnik
2015-04-23;http://natemat.pl/;SLD nie zaplacil za spoty Ogórek . Sztab dementuje i grozi  Rzepie  pozwem;1;http://natemat.pl/140455,sld-nie-zaplacil-za-spoty-ogorek-sztab-dementuje-i-grozi-rzeczpospolitej-pozwem
2015-04-23;http://natemat.pl/;Bareja nasz powszedni. Smieja sie z prezydenta, ale Kaczynski i reszta robili dokladnie to samo;1;http://natemat.pl/140417,bareja-nasz-powszedni-dla-komorowskiego-specjalnie-zaczeto-budowe-obwodnicy-kaczynski-otwieral-nieskonczony-most
2015-04-23;http://natemat.pl/;Wybory na prezydenta przestaly miec sens.  Prezydenta powinien wybierac Parlament;1;http://natemat.pl/140413,po-co-nam-te-wybory-prezydenckie-kuriozalna-kampania-przypomina-ze-czas-oddac-wybor-glowy-panstwa-w-rece-parlamentu
2015-04-23;http://natemat.pl/;Siemoniak i Kopacz wygrywaja Komorowskiemu kampanie sprawami obronnosci;1;http://natemat.pl/140399,powtorka-z-wyborow-europejskich-siemoniak-i-kopacz-wygrywaja-komorowskiemu-kampanie-sprawami-obronnosci
2015-04-23;http://natemat.pl/;Duda: Sa publikacje, ze wygrana Francuzów w przetargu na smiglowce mogla byc cena za posade Donalda Tuska;1;http://natemat.pl/140429,duda-sa-publikacje-ze-wygrana-francuzow-w-przetargu-na-smiglowce-mogla-byc-cena-za-posade-donalda-tuska
2015-04-23;http://natemat.pl/;Bronislaw Komorowski: Opozycja stajac po stronie firm, które przegraly przetarg na smiglowce, staje sie lobbystami;1;http://natemat.pl/140435,bronislaw-komorowski-opozycja-stajac-po-stronie-firm-ktore-przegraly-przetarg-na-smiglowce-staje-sie-lobbystami
2015-04-23;http://www.gazeta.pl;Nowy sondaż: wybory wygrywa PO, PiS drugi, KORWiN wchodzi do Sejmu;3;http://wiadomosci.gazeta.pl/wiadomosci/1,114871,17804219,Sondaz_partyjny_CBOS__wybory_wygrywa_PO__PiS_drugi_.html#Czolka3Img
2015-04-23;http://www.gazeta.pl;Pytanie o opodatkowanie bogatych. Wszyscy kandydaci zgodni. A kandydatka lewicy...;3;http://wiadomosci.gazeta.pl/wiadomosci/1,114871,17800901,Sprobujecie_zgadnac__jaki_poglad_laczy_wszystkich.html#Czolka3Img
2015-04-23;http://www.gazeta.pl;Część górali nie chce prezydenta Komorowskiego na Zjeździe Karpackim;1;http://wiadomosci.gazeta.pl/wiadomosci/1,138764,17800893,Czesc_gorali_nie_chce_prezydenta_Komorowskiego_na.html#BoxNewsLink
2015-04-23;http://www.dziennik.pl;Komorowski do Olejnik: Pani powtarza te bzdury i kalumnie;2;http://wiadomosci.dziennik.pl/wybory-prezydenckie/artykuly/488600,komorowski-do-olejnik-pani-powtarza-te-bzdury-i-kalumnie.html
2015-04-23;http://www.dziennik.pl;Awantura w studiu Radia ZET.  Komorowski też mówił, że Polacy są narodem sprawców;1;http://wiadomosci.dziennik.pl/polityka/artykuly/488645,awantura-w-studiu-radia-zet-komorowski-tez-mowil-ze-polacy-sa-narodem-sprawcow.html
2015-04-23;http://www.dziennik.pl;Palikot chce Trybunału Stanu dla tych, którzy wybrali armii śmigłowiec;1;http://wiadomosci.dziennik.pl/polityka/artykuly/488643,janusz-palikot-tk-dla-odpowiedzialnych-za-wybor-smiglowcow.html
2015-04-23;http://wyborcza.pl/0,0.html?piano_d=1;Kościół i Bóg Andrzeja Dudy. Jak kandydat PiS podpiera się wiarą i przywiązaniem do Kościoła;3;http://wyborcza.pl/1,143644,17798263,Kosciol_i_Bog_Andrzeja_Dudy__Jak_kandydat_PiS_podpiera.html
2015-04-23;http://wyborcza.pl/0,0.html?piano_d=1;Idą wybory, czyli dlaczego Jarosław Kaczyński zmienia zdanie o SKOK-ach;3;http://wyborcza.pl/1,143644,17798317,Ida_wybory__czyli_dlaczego_Jaroslaw_Kaczynski_zmienia.html
2015-04-23;http://wyborcza.pl/0,0.html?piano_d=1;Jarubas o pogromie kieleckim, czyli kompromitacja PSL;3;http://wyborcza.pl/1,75968,17798389,Adam_Jarubas_o_pogromie_kieleckim__czyli_kompromitacja.html
2015-04-23;http://www.tvp.info/;Czy przekona do JOW-ów? Pawel Kukiz gosciem programu „Dzis wieczorem”;3;http://www.tvp.info/19774871/czy-przekona-do-jowow-pawel-kukiz-gosciem-programu-dzis-wieczorem
2015-04-23;http://www.tvp.info/;Adam Hofman w partii Korwin-Mikkego? „Sejm to dla niego cel numer jeden”;2;http://www.tvp.info.pl/19776656/adam-hofman-w-partii-korwinmikkego-sejm-to-dla-niego-cel-numer-jeden
2015-04-23;http://www.wp.pl;Nowy sondaz CBOS: KORWiN w sejmie, poparcie dla PO spada;4;http://wiadomosci.wp.pl/kat,1342,title,Sondaz-CBOS-piec-partii-w-sejmie,wid,17479157,wiadomosc.html
2015-04-23;http://www.wp.pl;3 godz.Korwin-Mikke: jesli oni wygraja, mamy III wojne;2;http://wiadomosci.wp.pl/kat,140394,title,Korwin-Mikke-po-wystapieniu-Schetyny-krytykuje-min-polityke-wschodnia,wid,17478355,wiadomosc.html
2015-04-23;http://www.wp.pl;Korwin-Mikke po wystąpieniu Schetyny krytykuje m.in. politykę wschodnią;1;/kat,140394,title,Korwin-Mikke-po-wystapieniu-Schetyny-krytykuje-min-polityke-wschodnia,wid,17478355,wiadomosc.html
2015-04-23;http://www.wp.pl;Jarosław Kaczyński mobilizował swoich posłów do cięższej pracy w kampanii Andrzeja Dudy;1;/kat,140394,title,Jaroslaw-Kaczynski-mobilizowal-swoich-poslow-do-ciezszej-pracy-w-kampanii-Andrzeja-Dudy,wid,17478018,wiadomosc.html
2015-04-23;http://www.wp.pl;Komorowski: list szefa FBI nie zamyka sprawy, ale jest ważny;1;/kat,140394,title,Komorowski-list-szefa-FBI-nie-zamyka-sprawy-ale-jest-wazny,wid,17477797,wiadomosc.html
2015-04-23;http://www.wprost.pl/;Duda dziękuje Schetynie.  Konstytucja wyraźnie mówi o...;2;http://www.wprost.pl/ar/503846/Duda-dziekuje-Schetynie-Konstytucja-wyraznie-mowi-o/
2015-04-23;http://www.wprost.pl/;Prezydent o expose Schetyny: Położyłbym większy nacisk na bezpieczeństwo;2;http://www.wprost.pl/ar/503835/Prezydent-o-expose-Schetyny-Polozylbym-wiekszy-nacisk-na-bezpieczenstwo/
2015-04-23;http://www.onet.pl/;"Fakt": Andrzej Duda ukrywa swój nalóg;2;http://wiadomosci.onet.pl/kraj/andrzej-duda-pali-papierosy/0zbcz7
2015-04-23;http://www.newsweek.pl/;Irytujaco sztuczna  Magdalena Ogórek w nowym spocie;3;http://polska.newsweek.pl/nowy-spot-wyborczy-magdaleny-ogorek-sld-wybory-prezydenckie,artykuly,361679,1.html
2015-04-23;http://www.newsweek.pl/;Jacewo i inne. Najwieksze wpadki wyborczych kampanii;2;http://polska.newsweek.pl/najwieksze-wpadki-kampanii-wyborczych-w-iii-rp-przyklady-,artykuly,361636,1.html
2015-04-23;http://www.newsweek.pl/;Który kandydat na prezydenta jest ci najblizszy?;2;http://polska.newsweek.pl/rozwiaz-test-latarnika-wyborczego,artykuly,361585,1.html
2015-04-23;http://www.tvn24.pl/;PO liderem, ale duÅ¼o straciÅ<U+0082>a. W sejmie   5 partii, w tym KORWiN;3;http://www.tvn24.pl/sondaz-cbos-po-liderem-sondazu-pis-zyskuje,536139,s.html
2015-04-23;http://www.tvn24.pl/;PO liderem, ale duÅ¼o straciÅ<U+0082>a. W sejmie   5 partii, w tym KORWiN;2;http://www.tvn24.pl/po-liderem-ale-duzo-stracila-w-sejmie-5-partii-w-tym-korwin,536139,s.html
2015-04-23;http://www.tvn24.pl/;PO liderem, ale duÅ¼o straciÅ<U+0082>a. W sejmie   5 partii, w tym KORWiN;1;http://www.tvn24.pl/sondaz-cbos-po-liderem-sondazu-pis-zyskuje,536139,s.html
2015-04-23;http://natemat.pl/;Najnowszy sondaz CBOS: Partia KORWiN wchodzi do Sejmu;3;http://natemat.pl/140519,najnowszy-sondaz-cbos-36-proc-dla-po-30-proc-dla-pis
2015-04-23;http://natemat.pl/;Prezydent kontra Grupa naTemat. Dyskusja z Komorowskim, jakiej jeszcze nie bylo;2;http://nietylko.natemat.pl/140303,bronislaw-komorowski-kontra-grupa-natemat-dyskusja-z-prezydentem-jakiej-jeszcze-nie-bylo
2015-04-23;http://natemat.pl/;Zobacz, co dokladnie mówil Duda;1;http://natemat.pl/140429,duda-sa-publikacje-ze-wygrana-francuzow-w-przetargu-na-smiglowce-mogla-byc-cena-za-posade-donalda-tuska
2015-04-23;http://natemat.pl/;Zarty z Ogórek na salonach. Juz nawet Paradowska i Olejnik smieja sie z kandydatki SLD;1;http://natemat.pl/140461,beka-z-magdaleny-ogorek-wchodzi-na-salony-z-kandydatki-zartuja-juz-nie-tylko-internauci-ale-paradowska-i-olejnik
2015-04-23;http://natemat.pl/;SLD nie zaplacil za spoty Ogórek . Sztab dementuje i grozi  Rzepie  pozwem;1;http://natemat.pl/140455,sld-nie-zaplacil-za-spoty-ogorek-sztab-dementuje-i-grozi-rzeczpospolitej-pozwem
2015-04-23;http://natemat.pl/;Bareja nasz powszedni. Smieja sie z prezydenta, ale Kaczynski i reszta robili dokladnie to samo;1;http://natemat.pl/140417,bareja-nasz-powszedni-dla-komorowskiego-specjalnie-zaczeto-budowe-obwodnicy-kaczynski-otwieral-nieskonczony-most
2015-04-23;http://natemat.pl/;Wybory na prezydenta przestaly miec sens.  Prezydenta powinien wybierac Parlament;1;http://natemat.pl/140413,po-co-nam-te-wybory-prezydenckie-kuriozalna-kampania-przypomina-ze-czas-oddac-wybor-glowy-panstwa-w-rece-parlamentu
2015-04-23;http://natemat.pl/;Siemoniak i Kopacz wygrywaja Komorowskiemu kampanie sprawami obronnosci;1;http://natemat.pl/140399,powtorka-z-wyborow-europejskich-siemoniak-i-kopacz-wygrywaja-komorowskiemu-kampanie-sprawami-obronnosci
2015-04-23;http://natemat.pl/;Duda: Sa publikacje, ze wygrana Francuzów w przetargu na smiglowce mogla byc cena za posade Donalda Tuska;1;http://natemat.pl/140429,duda-sa-publikacje-ze-wygrana-francuzow-w-przetargu-na-smiglowce-mogla-byc-cena-za-posade-donalda-tuska
2015-04-23;http://natemat.pl/;Bronislaw Komorowski: Opozycja stajac po stronie firm, które przegraly przetarg na smiglowce, staje sie lobbystami;1;http://natemat.pl/140435,bronislaw-komorowski-opozycja-stajac-po-stronie-firm-ktore-przegraly-przetarg-na-smiglowce-staje-sie-lobbystami
2015-04-23;http://www.gazeta.pl;Nowy sondaż: wybory wygrywa PO, Prawo i Sprawiedliwość drugie, KORWiN nad progiem wyborczym;3;http://wiadomosci.gazeta.pl/wiadomosci/1,114871,17804219,Sondaz_partyjny_CBOS__wybory_wygrywa_PO__PiS_drugi_.html#Czolka3Img
2015-04-23;http://www.gazeta.pl;Pytanie o opodatkowanie bogatych. Wszyscy kandydaci zgodni. A kandydatka lewicy...;3;http://wiadomosci.gazeta.pl/wiadomosci/1,114871,17800901,Sprobujecie_zgadnac__jaki_poglad_laczy_wszystkich.html#Czolka3Img
2015-04-23;http://www.gazeta.pl;Część górali nie chce prezydenta na Zjeździe Karpackim;1;http://wiadomosci.gazeta.pl/wiadomosci/1,138764,17800893,Czesc_gorali_nie_chce_prezydenta_Komorowskiego_na.html#BoxNewsLink
2015-04-23;http://www.dziennik.pl;Komorowski do Olejnik: Pani powtarza te bzdury i kalumnie;2;http://wiadomosci.dziennik.pl/wybory-prezydenckie/artykuly/488600,komorowski-do-olejnik-pani-powtarza-te-bzdury-i-kalumnie.html
2015-04-23;http://www.dziennik.pl;Awantura w studiu Radia ZET.  Komorowski też mówił, że Polacy są narodem sprawców;1;http://wiadomosci.dziennik.pl/polityka/artykuly/488645,awantura-w-studiu-radia-zet-komorowski-tez-mowil-ze-polacy-sa-narodem-sprawcow.html
2015-04-23;http://www.dziennik.pl;Palikot chce Trybunału Stanu dla tych, którzy wybrali armii śmigłowiec;1;http://wiadomosci.dziennik.pl/polityka/artykuly/488643,janusz-palikot-tk-dla-odpowiedzialnych-za-wybor-smiglowcow.html
2015-04-23;http://wyborcza.pl/0,0.html?piano_d=1;Kościół i Bóg Andrzeja Dudy. Jak kandydat PiS podpiera się wiarą i przywiązaniem do Kościoła;3;http://wyborcza.pl/1,143644,17798263,Kosciol_i_Bog_Andrzeja_Dudy__Jak_kandydat_PiS_podpiera.html
2015-04-23;http://wyborcza.pl/0,0.html?piano_d=1;Idą wybory, czyli dlaczego Jarosław Kaczyński zmienia zdanie o SKOK-ach;3;http://wyborcza.pl/1,143644,17798317,Ida_wybory__czyli_dlaczego_Jaroslaw_Kaczynski_zmienia.html
2015-04-23;http://wyborcza.pl/0,0.html?piano_d=1;Adam Jarubas chce baz NATO w Polsce i  eksportować pokój;2;http://kielce.gazeta.pl/kielce/1,47262,17804762,Adam_Jarubas_chce_baz_NATO_w_Polsce_i__eksportowac.html
2015-04-23;http://wyborcza.pl/0,0.html?piano_d=1;Jarubas o pogromie kieleckim, czyli kompromitacja PSL;3;http://wyborcza.pl/1,75968,17798389,Adam_Jarubas_o_pogromie_kieleckim__czyli_kompromitacja.html
2015-04-23;http://www.tvp.info/;Pawel Kukiz w TVP Info o „poniewierce i wielkiej eksterminacji”. „Wladza wypedzila 3 miliony ludzi z Polski”;4;http://www.tvp.info.pl/19781010/kukiz-wielka-eksterminacja-wladza-wypedzila-3-miliony-ludzi-z-polski
2015-04-23;http://www.tvp.info/;„Otwierac do nich ogien!”. Prezydent Czeczenii kaze strzelac do Rosjan na swoim terenie;3;http://www.tvp.info/19780048/otwierac-do-nich-ogien-prezydent-czeczenii-kaze-strzelac-do-rosjan
2015-04-23;http://www.tvp.info/;Tylko u nas   „Komorowski jest bardziej samodzielny niz Duda”. Balazs poprze urzedujacego prezydenta;2;http://www.tvp.info.pl/19780969/komorowski-jest-bardziej-samodzielny-niz-duda-balazs-poprze-urzedujacego-prezydenta
2015-04-23;http://www.wp.pl;Nowy sondaz CBOS: KORWiN w sejmie, poparcie dla PO spada;3;http://wiadomosci.wp.pl/kat,1342,title,Sondaz-CBOS-piec-partii-w-sejmie,wid,17479157,wiadomosc.html
2015-04-23;http://www.wp.pl;Kukiz: władza wypędziła trzy miliony ludzi z Polski;1;/kat,140394,title,Kukiz-wladza-wypedzila-trzy-miliony-ludzi-z-Polski,wid,17479740,wiadomosc.html
2015-04-23;http://www.wp.pl;Korwin-Mikke po wystąpieniu Schetyny krytykuje m.in. politykę wschodnią;1;/kat,140394,title,Korwin-Mikke-po-wystapieniu-Schetyny-krytykuje-min-polityke-wschodnia,wid,17478355,wiadomosc.html
2015-04-23;http://www.wp.pl;Jarosław Kaczyński mobilizował swoich posłów do cięższej pracy w kampanii Andrzeja Dudy;1;/kat,140394,title,Jaroslaw-Kaczynski-mobilizowal-swoich-poslow-do-ciezszej-pracy-w-kampanii-Andrzeja-Dudy,wid,17478018,wiadomosc.html
2015-04-23;http://www.wp.pl;Komorowski: list szefa FBI nie zamyka sprawy, ale jest ważny;1;/kat,140394,title,Komorowski-list-szefa-FBI-nie-zamyka-sprawy-ale-jest-wazny,wid,17477797,wiadomosc.html
2015-04-23;http://www.wprost.pl/;Prezydent zlecał podsłuchy. Jak afera podsłuchowa  zmiotła  prezydenta;2;http://www.wprost.pl/ar/452873/Prezydent-zlecal-podsluchy-Jak-afera-podsluchowa-zmiotla-prezydenta/
2015-04-23;http://www.wprost.pl/;Duda dziękuje Schetynie.  Konstytucja wyraźnie mówi o...;2;http://www.wprost.pl/ar/503846/Duda-dziekuje-Schetynie-Konstytucja-wyraznie-mowi-o/
2015-04-23;http://www.wprost.pl/;Prezydent zlecał podsłuchy. Jak afera podsłuchowa "zmiotła" prezydenta;1;http://www.wprost.pl/ar/452873/Prezydent-zlecal-podsluchy-Jak-afera-podsluchowa-zmiotla-prezydenta/
2015-04-23;http://www.onet.pl/;"Fakt": Andrzej Duda ukrywa swój nalóg;2;http://wiadomosci.onet.pl/kraj/andrzej-duda-pali-papierosy/0zbcz7
2015-04-23;http://www.onet.pl/;Prezydent Komorowski: polska gospodarka jest najlepszym ambasadorem kraju;1;http://biznes.onet.pl/wiadomosci/kraj/komorowski-polska-gospodarka-jest-najlepszym-ambasadorem-kraju/165why
2015-04-23;http://www.newsweek.pl/;Irytujaco sztuczna  Magdalena Ogórek w nowym spocie;3;http://polska.newsweek.pl/nowy-spot-wyborczy-magdaleny-ogorek-sld-wybory-prezydenckie,artykuly,361679,1.html
2015-04-23;http://www.newsweek.pl/;Jacewo i inne. Najwieksze wpadki wyborczych kampanii;2;http://polska.newsweek.pl/najwieksze-wpadki-kampanii-wyborczych-w-iii-rp-przyklady-,artykuly,361636,1.html
2015-04-23;http://www.newsweek.pl/;Który kandydat na prezydenta jest ci najblizszy?;2;http://polska.newsweek.pl/rozwiaz-test-latarnika-wyborczego,artykuly,361585,1.html
2015-04-23;http://www.tvn24.pl/;PO liderem, ale duÅ¼o straciÅ<U+0082>a. W sejmie   5 partii, w tym KORWiN;3;http://www.tvn24.pl/sondaz-cbos-po-liderem-sondazu-pis-zyskuje,536139,s.html
2015-04-23;http://www.tvn24.pl/;PO liderem, ale duÅ¼o straciÅ<U+0082>a. W sejmie   5 partii, w tym KORWiN;2;http://www.tvn24.pl/po-liderem-ale-duzo-stracila-w-sejmie-5-partii-w-tym-korwin,536139,s.html
2015-04-23;http://www.tvn24.pl/;PO liderem, ale duÅ¼o straciÅ<U+0082>a. W sejmie   5 partii, w tym KORWiN;1;http://www.tvn24.pl/sondaz-cbos-po-liderem-sondazu-pis-zyskuje,536139,s.html
2015-04-23;http://natemat.pl/;Najnowszy sondaz CBOS: Partia KORWiN wchodzi do Sejmu;3;http://natemat.pl/140519,najnowszy-sondaz-cbos-36-proc-dla-po-30-proc-dla-pis
2015-04-23;http://natemat.pl/;Sarna z krzeslem na glowie, czyli kandydat mlodych Polaków;2;http://natemat.pl/140465,sarna-z-krzeslem-na-glowie-czyli-kandydat-mlodych-polakow
2015-04-23;http://natemat.pl/;Zobacz, co dokladnie mówil Duda;1;http://natemat.pl/140429,duda-sa-publikacje-ze-wygrana-francuzow-w-przetargu-na-smiglowce-mogla-byc-cena-za-posade-donalda-tuska
2015-04-23;http://natemat.pl/;Zarty z Ogórek na salonach. Juz nawet Paradowska i Olejnik smieja sie z kandydatki SLD;1;http://natemat.pl/140461,beka-z-magdaleny-ogorek-wchodzi-na-salony-z-kandydatki-zartuja-juz-nie-tylko-internauci-ale-paradowska-i-olejnik
2015-04-23;http://natemat.pl/;SLD nie zaplacil za spoty Ogórek . Sztab dementuje i grozi  Rzepie  pozwem;1;http://natemat.pl/140455,sld-nie-zaplacil-za-spoty-ogorek-sztab-dementuje-i-grozi-rzeczpospolitej-pozwem
2015-04-23;http://natemat.pl/;Prezydent kontra Grupa naTemat. Dyskusja z Komorowskim, jakiej jeszcze nie bylo;1;http://nietylko.natemat.pl/140303,bronislaw-komorowski-kontra-grupa-natemat-dyskusja-z-prezydentem-jakiej-jeszcze-nie-bylo
2015-04-23;http://natemat.pl/;Siemoniak i Kopacz wygrywaja Komorowskiemu kampanie sprawami obronnosci;1;http://natemat.pl/140399,powtorka-z-wyborow-europejskich-siemoniak-i-kopacz-wygrywaja-komorowskiemu-kampanie-sprawami-obronnosci
2015-04-23;http://natemat.pl/;Duda: Sa publikacje, ze wygrana Francuzów w przetargu na smiglowce mogla byc cena za posade Donalda Tuska;1;http://natemat.pl/140429,duda-sa-publikacje-ze-wygrana-francuzow-w-przetargu-na-smiglowce-mogla-byc-cena-za-posade-donalda-tuska
2015-04-23;http://natemat.pl/;Bronislaw Komorowski: Opozycja stajac po stronie firm, które przegraly przetarg na smiglowce, staje sie lobbystami;1;http://natemat.pl/140435,bronislaw-komorowski-opozycja-stajac-po-stronie-firm-ktore-przegraly-przetarg-na-smiglowce-staje-sie-lobbystami
2015-04-23;http://www.gazeta.pl;Sondaż: wybory wygrywa PO, KORWiN jest w Sejmie;1;http://wiadomosci.gazeta.pl/wiadomosci/1,114871,17804219,Sondaz_partyjny_CBOS__wybory_wygrywa_PO__PiS_drugi_.html#BoxNewsLink
2015-04-23;http://www.gazeta.pl;Część górali nie chce prezydenta na Zjeździe Karpackim;1;http://wiadomosci.gazeta.pl/wiadomosci/1,138764,17800893,Czesc_gorali_nie_chce_prezydenta_Komorowskiego_na.html#BoxNewsLink
2015-04-23;http://www.dziennik.pl;Komorowski do Olejnik: Pani powtarza te bzdury i kalumnie;2;http://wiadomosci.dziennik.pl/wybory-prezydenckie/artykuly/488600,komorowski-do-olejnik-pani-powtarza-te-bzdury-i-kalumnie.html
2015-04-23;http://www.dziennik.pl;Awantura w studiu Radia ZET.  Komorowski też mówił, że Polacy są narodem sprawców;1;http://wiadomosci.dziennik.pl/polityka/artykuly/488645,awantura-w-studiu-radia-zet-komorowski-tez-mowil-ze-polacy-sa-narodem-sprawcow.html
2015-04-23;http://wyborcza.pl/0,0.html?piano_d=1;Kościół i Bóg Andrzeja Dudy. Jak kandydat PiS podpiera się wiarą;3;http://wyborcza.pl/1,143644,17798263,Kosciol_i_Bog_Andrzeja_Dudy__Jak_kandydat_PiS_podpiera.html
2015-04-23;http://wyborcza.pl/0,0.html?piano_d=1;Idą wybory, czyli dlaczego Jarosław Kaczyński zmienia zdanie o SKOK-ach;3;http://wyborcza.pl/1,143644,17798317,Ida_wybory__czyli_dlaczego_Jaroslaw_Kaczynski_zmienia.html
2015-04-23;http://wyborcza.pl/0,0.html?piano_d=1;Wybory parlamentarne. PO traci, ale i tak wyprzedza PiS [SONDAŻ];2;http://wyborcza.pl/1,75478,17805284,Wybory_parlamentarne__PO_traci__ale_i_tak_wyprzedza.html
2015-04-23;http://wyborcza.pl/0,0.html?piano_d=1;Po wizycie Palikota. Proboszcz oddał się do dyspozycji biskupa;2;http://plock.gazeta.pl/plock/1,35710,17805218,Po_wizycie_Palikota__Proboszcz_oddal_sie_do_dyspozycji.html
2015-04-23;http://wyborcza.pl/0,0.html?piano_d=1;Jarubas o pogromie kieleckim, czyli kompromitacja PSL;3;http://wyborcza.pl/1,75968,17798389,Adam_Jarubas_o_pogromie_kieleckim__czyli_kompromitacja.html
