"date";"portal";"title";"position";"link"
2015-04-10;http://www.tvp.info/;Niespodziewane ladowanie. W drodze z Kijowa prezydent zlozyl kwiaty na grobie Marii i Lecha Kaczynskich;4;http://www.tvp.info.pl/19595285/prezydent-wracajac-z-kijowa-zlozyl-kwiaty-przed-grobowcem-kaczynskich
2015-04-10;http://www.tvp.info/;Ukrainski parlament uznal czlonków UPA za „bojowników za wolnosc”. W dniu wizyty Komorowskiego;2;http://www.tvp.info.pl/19591810/ukrainski-parlament-uznal-czlonkow-upa-za-bojownikow-za-wolnosc-w-dniu-wizyty-komorowskiego
2015-04-10;http://www.wp.pl;Wpadka Bronislawa Komorowskiego na Ukrainie;3;http://wiadomosci.wp.pl/kat,1356,title,Wpadka-Kancelarii-Prezydenta-RP-ws-przemowienia-Bronislawa-Komorowskiego-w-ukrainskim-parlamencie,wid,17436774,wiadomosc.html
2015-04-10;http://www.wprost.pl/;Kłopotek: Związki Komorowskiego z WSI musiały istnieć;1;http://www.wprost.pl/ar/501115/Klopotek-Zwiazki-Komorowskiego-z-WSI-musialy-istniec/
2015-04-10;http://www.onet.pl/;Nowy sondaz: topnieje przewaga Komorowskiego;2;http://wiadomosci.onet.pl/kraj/sondaz-prezydencki-dla-super-expressu-topnieje-przewaga-komorowskiego/nxrcfc
2015-04-10;http://www.onet.pl/;Nowacka i Komorowski: panstwo polskie zawiodlo;2;http://wiadomosci.onet.pl/kraj/barbara-nowacka-i-maciej-komorowski-polskie-panstwo-zawiodlo/hk2x34
2015-04-10;http://www.newsweek.pl/;Duda: smolenski blizniak Macierewicza;4;http://opinie.newsweek.pl/andrzej-duda-smolenski-blizniak-macierewicza,artykuly,360704,1.html
2015-04-10;http://www.newsweek.pl/;Bronislaw Komorowski odwiedzil grób prezydenta Kaczynskiego na Wawelu;3;http://polska.newsweek.pl/obchody-rocznicy-katastrofy-smolenskiej,artykuly,360734,1.html
2015-04-10;http://www.newsweek.pl/;Historyczne przemówienie Komorowskiego w Kijowie;2;http://swiat.newsweek.pl/komorowski-na-ukrainie-relacje-polsko-ukrainskie,artykuly,360662,1.html
2015-04-10;http://www.tvn24.pl/;Komorowscy na Wawelu. Oddali hoÅ<U+0082>d parze prezydenckiej;3;http://www.tvn24.pl/komorowscy-na-wawelu-oddali-hold-parze-prezydenckiej,532022,s.html
2015-04-10;http://www.tvn24.pl/;Odtwórz: Komorowscy na Wawelu. Oddali hoÅ<U+0082>d parze prezydenckiej;3;http://www.tvn24.pl/komorowscy-na-wawelu-oddali-hold-parze-prezydenckiej,532022,s.html#autoplay
2015-04-10;http://www.tvn24.pl/;Janusz Lewandowski: euro w Polsce po 2020 roku;3;http://tvn24bis.pl/redirect/lewandowski-euro-w-polsce-po-2020-roku,531998.html
2015-04-10;http://www.tvn24.pl/;Kandydaci z czasÃ³w Imperium. Turcja szykuje siÄ<U+0099> na wybory;3;http://www.tvn24.pl/w-kampanii-wyborczej-w-turcji-odwolano-sie-do-imperium-osmanskiego,531940,s.html
2015-04-10;http://www.tvn24.pl/;Komorowscy na Wawelu. Oddali hoÅ<U+0082>d parze prezydenckiej;2;http://www.tvn24.pl/wiadomosci-z-kraju,3/komorowscy-na-wawelu-oddali-hold-parze-prezydenckiej,532022.html
2015-04-10;http://www.tvn24.pl/;Komorowscy na Wawelu. Oddali hoÅ<U+0082>d parze prezydenckiej;2;http://www.tvn24.pl/komorowscy-na-wawelu-oddali-hold-parze-prezydenckiej,532022,s.html
2015-04-10;http://www.tvn24.pl/;Janusz Lewandowski: euro w Polsce po 2020 roku;2;http://tvn24bis.pl/redirect/janusz-lewandowski-euro-w-polsce-po-2020-roku,531998.html
2015-04-10;http://www.tvn24.pl/;Kandydaci z czasÃ³w Imperium. Turcja szykuje siÄ<U+0099> na wybory;2;http://www.tvn24.pl/kandydaci-z-czasow-imperium-turcja-szykuje-sie-na-wybory,531940,s.html
2015-04-10;http://www.tvn24.pl/;Komorowscy na Wawelu. Oddali hoÅ<U+0082>d parze prezydenckiej;1;http://www.tvn24.pl/komorowscy-na-wawelu-oddali-hold-parze-prezydenckiej,532022,s.html
2015-04-10;http://www.tvn24.pl/;Odtwórz: Komorowscy na Wawelu. Oddali hoÅ<U+0082>d parze prezydenckiej;1;http://www.tvn24.pl/komorowscy-na-wawelu-oddali-hold-parze-prezydenckiej,532022,s.html#autoplay
2015-04-10;http://www.tvn24.pl/;Janusz Lewandowski: euro w Polsce po 2020 roku;1;http://tvn24bis.pl/redirect/lewandowski-euro-w-polsce-po-2020-roku,531998.html
2015-04-10;http://www.tvn24.pl/;Kandydaci z czasÃ³w Imperium. Turcja szykuje siÄ<U+0099> na wybory;1;http://www.tvn24.pl/w-kampanii-wyborczej-w-turcji-odwolano-sie-do-imperium-osmanskiego,531940,s.html
2015-04-10;http://natemat.pl/;Ukrainski parlament uznal UPA za  bojowników o wolnosc . W dniu wizyty Komorowskiego;3;http://natemat.pl/139171,ukrainski-parlament-uznal-upa-za-bojownikow-o-wolnosc-w-dniu-wizyty-komorowskiego
2015-04-10;http://natemat.pl/;Kampania PALIKOTA;1;http://kampaniapalikota.natemat.pl/
2015-04-10;http://natemat.pl/;Andrzej Duda - czlowiek bez politycznej twarzy. O Smolensku zmienia zdanie co wybory;1;http://natemat.pl/139081,andrzej-duda-czlowiek-bez-politycznej-twarzy-w-sprawie-smolenska-zmienia-zdanie-co-wybory
2015-04-10;http://natemat.pl/;16 twarzy Kukiza, które... szybko zniknely z sieci. Kandydat kpi z burzy wokól swojego wizerunku;1;http://natemat.pl/139055,apollo-banderowiec-i-kolega-rasta-marley-a-kukiz-pokazuje-nowa-twarz-i-szybko-usuwa-zdjecia-z-sieci
2015-04-10;http://natemat.pl/;Bronislaw Komorowski w Kijowie: Polska wzielaby udzial w misji pokojowej ONZ na Ukrainie;1;http://natemat.pl/139087,bronislaw-komorowski-w-kijowie-polska-wzielaby-udzial-w-misji-pokojowej-onz-na-ukrainie
2015-04-10;http://www.gazeta.pl;Komorowski złożył kwiaty na grobie pary prezydenckiej;1;http://wiadomosci.gazeta.pl/wiadomosci/1,114871,17728742,Prezydent_Komorowski_wracajac_z_Ukrainy_odwiedzil.html#BoxNewsLink
2015-04-10;http://www.dziennik.pl;Tego nie było w planie... Prezydent nieoczekiwanie lądował w Krakowie;2;http://wiadomosci.dziennik.pl/polityka/artykuly/487521,prezydent-bronislaw-komorowski-przy-grobie-marii-i-lecha-kaczynskich-na-wawelu.html
2015-04-10;http://www.dziennik.pl;Kto przyjedzie do Komorowskiego na Westerplatte? Tajemnica!;2;http://wiadomosci.dziennik.pl/wydarzenia/artykuly/487492,kto-przyjedzie-do-polski-8-maja-na-westerplatte.html
2015-04-10;http://www.dziennik.pl;Międzynarodowa komisja w sprawie Smoleńska? Jarubas: Warto się zastanowić;1;http://wiadomosci.dziennik.pl/polityka/artykuly/487455,adam-jarubas-o-katastrofie-smolenskiej-warto-pomyslec-o-miedzynarodowym-gremium.html
2015-04-10;http://wyborcza.pl/0,0.html?piano_d=1;Kto gra Smoleńskiem? A kto na tym straci? Duda? [SONDAŻ];3;http://wyborcza.pl/1,75478,17725127,Duda_straci_na_sprawie_smolenskiej_.html
2015-04-10;http://wyborcza.pl/0,0.html?piano_d=1;Prokurator Andrzej Seremet o katastrofie smoleńskiej: Zamach jest wykluczony;2;http://wyborcza.pl/1,75478,17728366,Prokurator_Andrzej_Seremet_o_katastrofie_smolenskiej_.html
2015-04-10;http://wyborcza.pl/0,0.html?piano_d=1;Bronisław Komorowski w ukraińskim parlamencie [PRZEMÓWIENIE];3;http://wyborcza.pl/1,75477,17723537,Komorowski_w_ukrainskim_parlamencie__Droga_do_wolnosci.html
2015-04-10;http://www.wprost.pl/;Najnowszy sondaż: Spada poparcie dla Komorowskiego;3;http://www.wprost.pl/ar/501941/Najnowszy-sondaz-Spada-poparcie-dla-Komorowskiego/
2015-04-10;http://www.wprost.pl/;Najnowszy sondaż: Spada poparcie dla Komorowskiego;2;http://www.wprost.pl/ar/501941/Najnowszy-sondaz-Spada-poparcie-dla-Komorowskiego/
2015-04-10;http://www.wprost.pl/;Kłopotek: Związki Komorowskiego z WSI musiały istnieć;1;http://www.wprost.pl/ar/501115/Klopotek-Zwiazki-Komorowskiego-z-WSI-musialy-istniec/
2015-04-10;http://www.onet.pl/;Janusz Palikot: dzis mamy potwierdzenie tego, co mówilem w 2010 roku;2;http://wiadomosci.onet.pl/tylko-w-onecie/janusz-palikot-w-ustalmy-jedno-dzis-mamy-potwierdzenie-tego-co-mowilem-w-2010-roku/9nyjzq
2015-04-10;http://www.newsweek.pl/;Duda: smolenski blizniak Macierewicza;4;http://opinie.newsweek.pl/andrzej-duda-smolenski-blizniak-macierewicza,artykuly,360704,1.html
2015-04-10;http://www.newsweek.pl/;Bronislaw Komorowski odwiedzil grób prezydenta Kaczynskiego na Wawelu;2;http://polska.newsweek.pl/obchody-rocznicy-katastrofy-smolenskiej,artykuly,360734,1.html
2015-04-10;http://www.tvn24.pl/;Teorie spiskowe i wybory z katastrofÄ<U+0085> w tle. Perspektywa brytyjska;3;http://www.tvn24.pl/financial-times-o-sytuacji-w-polsce-wybory-w-financial-times,532041,s.html
2015-04-10;http://www.tvn24.pl/;Komorowscy na Wawelu. Oddali hoÅ<U+0082>d parze prezydenckiej;3;http://www.tvn24.pl/komorowscy-na-wawelu-oddali-hold-parze-prezydenckiej,532022,s.html
2015-04-10;http://www.tvn24.pl/;Odtwórz: Komorowscy na Wawelu. Oddali hoÅ<U+0082>d parze prezydenckiej;3;http://www.tvn24.pl/komorowscy-na-wawelu-oddali-hold-parze-prezydenckiej,532022,s.html#autoplay
2015-04-10;http://www.tvn24.pl/;Janusz Lewandowski: euro w Polsce po 2020 roku;3;http://tvn24bis.pl/redirect/lewandowski-euro-w-polsce-po-2020-roku,531998.html
2015-04-10;http://www.tvn24.pl/;Kandydaci z czasÃ³w Imperium. Turcja szykuje siÄ<U+0099> na wybory;3;http://www.tvn24.pl/w-kampanii-wyborczej-w-turcji-odwolano-sie-do-imperium-osmanskiego,531940,s.html
2015-04-10;http://www.tvn24.pl/;Teorie spiskowe i wybory z katastrofÄ<U+0085> w tle. Perspektywa brytyjska;2;http://www.tvn24.pl/teorie-spiskowe-i-wybory-z-katastrofa-w-tle-perspektywa-brytyjska,532041,s.html
2015-04-10;http://www.tvn24.pl/;Komorowscy na Wawelu. Oddali hoÅ<U+0082>d parze prezydenckiej;2;http://www.tvn24.pl/komorowscy-na-wawelu-oddali-hold-parze-prezydenckiej,532022,s.html
2015-04-10;http://www.tvn24.pl/;Janusz Lewandowski: euro w Polsce po 2020 roku;2;http://tvn24bis.pl/redirect/janusz-lewandowski-euro-w-polsce-po-2020-roku,531998.html
2015-04-10;http://www.tvn24.pl/;Kandydaci z czasÃ³w Imperium. Turcja szykuje siÄ<U+0099> na wybory;2;http://www.tvn24.pl/kandydaci-z-czasow-imperium-turcja-szykuje-sie-na-wybory,531940,s.html
2015-04-10;http://www.tvn24.pl/;Teorie spiskowe i wybory z katastrofÄ<U+0085> w tle. Perspektywa brytyjska;1;http://www.tvn24.pl/financial-times-o-sytuacji-w-polsce-wybory-w-financial-times,532041,s.html
2015-04-10;http://www.tvn24.pl/;Komorowscy na Wawelu. Oddali hoÅ<U+0082>d parze prezydenckiej;1;http://www.tvn24.pl/komorowscy-na-wawelu-oddali-hold-parze-prezydenckiej,532022,s.html
2015-04-10;http://www.tvn24.pl/;Odtwórz: Komorowscy na Wawelu. Oddali hoÅ<U+0082>d parze prezydenckiej;1;http://www.tvn24.pl/komorowscy-na-wawelu-oddali-hold-parze-prezydenckiej,532022,s.html#autoplay
2015-04-10;http://www.tvn24.pl/;Janusz Lewandowski: euro w Polsce po 2020 roku;1;http://tvn24bis.pl/redirect/lewandowski-euro-w-polsce-po-2020-roku,531998.html
2015-04-10;http://www.tvn24.pl/;Kandydaci z czasÃ³w Imperium. Turcja szykuje siÄ<U+0099> na wybory;1;http://www.tvn24.pl/w-kampanii-wyborczej-w-turcji-odwolano-sie-do-imperium-osmanskiego,531940,s.html
2015-04-10;http://natemat.pl/;Ukrainski parlament uznal UPA za bojowników o wolnosc . W dniu wizyty Komorowskiego;3;http://natemat.pl/139171,ukrainski-parlament-uznal-upa-za-bojownikow-o-wolnosc-w-dniu-wizyty-komorowskiego
2015-04-10;http://natemat.pl/;Komorowski z Ukrainy polecial do Krakowa, z zona zlozyl kwiaty przy grobie Kaczynskich;3;http://natemat.pl/139193,komorowski-z-ukrainy-polecial-do-krakowa-razem-z-zona-zlozyl-kwiaty-przy-grobie-kaczynskich-palikot-skandal
2015-04-10;http://natemat.pl/;Andrzej Duda - czlowiek bez politycznej twarzy. O Smolensku zmienia zdanie co wybory;1;http://natemat.pl/139081,andrzej-duda-czlowiek-bez-politycznej-twarzy-w-sprawie-smolenska-zmienia-zdanie-co-wybory
2015-04-10;http://natemat.pl/;Kampania PALIKOTA;1;http://kampaniapalikota.natemat.pl/
2015-04-10;http://www.dziennik.pl;Prezydent nieoczekiwanie lądował w Krakowie...;3;http://wiadomosci.dziennik.pl/polityka/artykuly/487521,prezydent-bronislaw-komorowski-przy-grobie-marii-i-lecha-kaczynskich-na-wawelu.html
2015-04-10;http://www.dziennik.pl;Kto przyjedzie do Komorowskiego na Westerplatte? Tajemnica!;2;http://wiadomosci.dziennik.pl/wydarzenia/artykuly/487492,kto-przyjedzie-do-polski-8-maja-na-westerplatte.html
2015-04-10;http://www.dziennik.pl;Międzynarodowa komisja w sprawie Smoleńska? Jarubas: Warto się zastanowić;1;http://wiadomosci.dziennik.pl/polityka/artykuly/487455,adam-jarubas-o-katastrofie-smolenskiej-warto-pomyslec-o-miedzynarodowym-gremium.html
2015-04-10;http://wyborcza.pl/0,0.html?piano_d=1;Kto gra Smoleńskiem? A kto na tym straci? Duda? [SONDAŻ];3;http://wyborcza.pl/1,75478,17725127,Duda_straci_na_sprawie_smolenskiej_.html
2015-04-10;http://wyborcza.pl/0,0.html?piano_d=1;Prokurator Andrzej Seremet o katastrofie smoleńskiej: Zamach jest wykluczony;2;http://wyborcza.pl/1,75478,17728366,Prokurator_Andrzej_Seremet_o_katastrofie_smolenskiej_.html
2015-04-10;http://www.tvp.info/;Wience od wladz Smolenska. Prezydent na Powazkach, prezes PiS pod Palacem Prezydenckim [RELACJA]         NA ZYWO;4;http://www.tvp.info.pl/19603592/wience-od-wladz-smolenska-prezydent-na-uroczystosciach-na-powazkach-prezes-pis-pod-palacem-prezydenckim-relacja
2015-04-10;http://www.wp.pl;Kaczynski na Krakowskim Przedmiesciu. Komorowski na Powazkach. Trwaja obchody 5. rocznicy katastrofy smolenskiej;4;http://wiadomosci.wp.pl/gid,17437966,kat,7631,title,5-lat-od-katastrofy-smolenskiej,galeria.html
2015-04-10;http://www.wp.pl;Oswiadczenie Rosjan ws. katastrofy smolenskiej. Jest reakcja Komorowskiego;3;http://wiadomosci.wp.pl/kat,1342,title,Bronislaw-Komorowski-miedzynarodowa-komisja-ws-katastrofy-pomysl-niestosowny-i-przedwczesny,wid,17437869,wiadomosc.html
2015-04-10;http://www.wp.pl;2 godz.Bronislaw Komorowski zlozyl kwiaty na Wawelu;2;http://wiadomosci.wp.pl/kat,1342,title,Bronislaw-Komorowski-zlozyl-kwiaty-na-Wawelu,wid,17437784,wiadomosc.html
2015-04-10;http://www.wprost.pl/;Najnowszy sondaż: Spada poparcie dla Komorowskiego;3;http://www.wprost.pl/ar/501941/Najnowszy-sondaz-Spada-poparcie-dla-Komorowskiego/
2015-04-10;http://www.wprost.pl/;Komorowski o międzynarodowym śledztwie ws. katastrofy: Niestosowne;2;http://www.wprost.pl/ar/501953/Komorowski-o-miedzynarodowym-sledztwie-ws-katastrofy-Niestosowne/
2015-04-10;http://www.wprost.pl/;Najnowszy sondaż: Spada poparcie dla Komorowskiego;2;http://www.wprost.pl/ar/501941/Najnowszy-sondaz-Spada-poparcie-dla-Komorowskiego/
2015-04-10;http://www.wprost.pl/;Kłopotek: Związki Komorowskiego z WSI musiały istnieć;1;http://www.wprost.pl/ar/501115/Klopotek-Zwiazki-Komorowskiego-z-WSI-musialy-istniec/
2015-04-10;http://www.onet.pl/;Palikot: potwierdzenie tego, co mówilem w 2010;2;http://wiadomosci.onet.pl/tylko-w-onecie/janusz-palikot-w-ustalmy-jedno-dzis-mamy-potwierdzenie-tego-co-mowilem-w-2010-roku/9nyjzq
2015-04-10;http://www.newsweek.pl/;Kaczynski na Krakowskim, Komorowski na Powazkach. Trwaja uroczystosci;3;http://polska.newsweek.pl/obchody-v-rocznicy-katastrofy-smolenskiej,artykuly,360749,1.html
2015-04-10;http://www.tvn24.pl/;Bronislaw Komorowski w Swiatyni Opatrznosci Bozej.  Jaroslaw Kaczynski na Powazkach;4;http://www.tvn24.pl/piata-rocznica-katastrofy-smolenskiej-obchody-rocznicy-katastrofy,532039,s.html
2015-04-10;http://www.tvn24.pl/;To godne i Å<U+0082>adne miejsce . Komorowski o lokalizacji pomnika smoleÅ<U+0084>skiego;3;http://www.tvn24.pl/to-godne-i-ladne-miejsce-komorowski-o-lokalizacji-pomnika-smolenskiego,532101,s.html
2015-04-10;http://www.tvn24.pl/;Teorie spiskowe i wybory z katastrofÄ<U+0085> w tle. Perspektywa brytyjska;3;http://www.tvn24.pl/financial-times-o-sytuacji-w-polsce-wybory-w-financial-times,532041,s.html
2015-04-10;http://www.tvn24.pl/;Kandydaci z czasÃ³w Imperium. Turcja szykuje siÄ<U+0099> na wybory;3;http://www.tvn24.pl/w-kampanii-wyborczej-w-turcji-odwolano-sie-do-imperium-osmanskiego,531940,s.html
2015-04-10;http://www.tvn24.pl/;KaczyÅ<U+0084>ski na PowÄ<U+0085>zkach, Komorowski w Å<U+009A>wiÄ<U+0085>tyni OpatrznoÅ<U+009B>ci BoÅ¼ej. TrwajÄ<U+0085> obchody rocznicy katastrofy;2;http://www.tvn24.pl/piata-rocznica-katastrofy-smolenskiej-obchody-rocznicy-katastrofy,532039,s.html
2015-04-10;http://www.tvn24.pl/;To godne i Å<U+0082>adne miejsce . Komorowski o lokalizacji pomnika smoleÅ<U+0084>skiego;2;http://www.tvnwarszawa.pl/informacje,news,to-godne-i-ladne-miejsce-komorowski-o-lokalizacji-pomnika,164263.html
2015-04-10;http://www.tvn24.pl/;Teorie spiskowe i wybory z katastrofÄ<U+0085> w tle. Perspektywa brytyjska;2;http://www.tvn24.pl/teorie-spiskowe-i-wybory-z-katastrofa-w-tle-perspektywa-brytyjska,532041,s.html
2015-04-10;http://www.tvn24.pl/;Kandydaci z czasÃ³w Imperium. Turcja szykuje siÄ<U+0099> na wybory;2;http://www.tvn24.pl/kandydaci-z-czasow-imperium-turcja-szykuje-sie-na-wybory,531940,s.html
2015-04-10;http://www.tvn24.pl/;To godne i Å<U+0082>adne miejsce . Komorowski o lokalizacji pomnika smoleÅ<U+0084>skiego;1;http://www.tvn24.pl/to-godne-i-ladne-miejsce-komorowski-o-lokalizacji-pomnika-smolenskiego,532101,s.html
2015-04-10;http://www.tvn24.pl/;Teorie spiskowe i wybory z katastrofÄ<U+0085> w tle. Perspektywa brytyjska;1;http://www.tvn24.pl/financial-times-o-sytuacji-w-polsce-wybory-w-financial-times,532041,s.html
2015-04-10;http://www.tvn24.pl/;Kandydaci z czasÃ³w Imperium. Turcja szykuje siÄ<U+0099> na wybory;1;http://www.tvn24.pl/w-kampanii-wyborczej-w-turcji-odwolano-sie-do-imperium-osmanskiego,531940,s.html
2015-04-10;http://natemat.pl/;Ukrainski parlament uznal UPA za bojowników o wolnosc . W dniu wizyty Komorowskiego;3;http://natemat.pl/139171,ukrainski-parlament-uznal-upa-za-bojownikow-o-wolnosc-w-dniu-wizyty-komorowskiego
2015-04-10;http://natemat.pl/;Andrzej Duda - czlowiek bez politycznej twarzy. O Smolensku zmienia zdanie co wybory;1;http://natemat.pl/139081,andrzej-duda-czlowiek-bez-politycznej-twarzy-w-sprawie-smolenska-zmienia-zdanie-co-wybory
2015-04-10;http://natemat.pl/;Kampania PALIKOTA;1;http://kampaniapalikota.natemat.pl/
2015-04-10;http://www.gazeta.pl;Refundacja in vitro tylko dla biedniejszych? A może także dla singli? Zobacz, co odpowiedzieli kandydaci;4;http://wiadomosci.gazeta.pl/wiadomosci/1,144685,17729434,Co_z_in_vitro__Kwestionariusz_prezydencki_Gazeta_pl.html#MT
2015-04-10;http://www.dziennik.pl;Polska podzielona Smolenskiem. Rzad i prezydent osobno, PiS osobno...;4;http://wiadomosci.dziennik.pl/wydarzenia/artykuly/487544,5-rocznica-katastrofy-smolenskiej-relacja-z-obchodow-rocznicy.html
2015-04-10;http://www.dziennik.pl;Topnieje przewaga Komorowskiego nad Dudą. SONDAŻ;3;http://wiadomosci.dziennik.pl/wybory-prezydenckie/artykuly/487549,andrzej-duda-goni-prezydenta-komorowskiego-sondaz-wyborczy.html
2015-04-10;http://www.dziennik.pl;Najpierw przemawiał polski prezydent, potem uhonorowali UPA...;2;http://wiadomosci.dziennik.pl/polityka/artykuly/487556,ukraina-wizyta-prezydenta-komorowskiego-i-honory-dla-upa.html
2015-04-10;http://www.dziennik.pl;Prezydent Komorowski nieoczekiwanie lądował w Krakowie...;2;http://wiadomosci.dziennik.pl/polityka/artykuly/487521,prezydent-bronislaw-komorowski-przy-grobie-marii-i-lecha-kaczynskich-na-wawelu.html
2015-04-10;http://www.dziennik.pl;Komorowski o wraku Tu-154M: Problem w kategoriach symbolicznych;1;http://wiadomosci.dziennik.pl/polityka/artykuly/487551,komorowski-zwrot-wraku-tu-154m-problemem-w-kategoriach-symbolicznych.html
2015-04-10;http://www.dziennik.pl;Tego nie było w planie... Prezydent wylądował w Krakowie, by odwiedzić grób Lecha Kaczyńskiego;1;http://wiadomosci.dziennik.pl/polityka/artykuly/487521,prezydent-bronislaw-komorowski-przy-grobie-marii-i-lecha-kaczynskich-na-wawelu.html
2015-04-10;http://wyborcza.pl/0,0.html?piano_d=1;Kto gra Smoleńskiem? A kto na tym straci? Duda? [SONDAŻ];3;http://wyborcza.pl/1,75478,17725127,Duda_straci_na_sprawie_smolenskiej_.html
2015-04-10;http://wyborcza.pl/0,0.html?piano_d=1;Komorowski o zwrocie wraku: Rosjanie świadomie dążą do maksymalnego przewleczenia sprawy;2;http://wyborcza.pl/1,75478,17729517,Komorowski_o_zwrocie_wraku__Rosjanie_swiadomie_daza.html
2015-04-10;http://wyborcza.pl/0,0.html?piano_d=1;Kampania z blondynką w autobusach  bazuje na negatywnych emocjach;2;http://trojmiasto.gazeta.pl/trojmiasto/1,35636,17724289,Kampania_z_blondynka_w_autobusach__bazuje_na_negatywnych.html
2015-04-10;http://wyborcza.pl/0,0.html?piano_d=1;Prezydent Biedroń dyscyplinuje pracowników;2;http://trojmiasto.gazeta.pl/trojmiasto/1,35636,17726635,Prezydent_Biedron_dyscyplinuje_pracownikow.html
2015-04-10;http://www.wp.pl;Obchody 5. rocznicy katastrofy. Kaczynska na Wawelu, jej stryj na Powazkach, Komorowski w Swiatyni Opatrznosci Bozej;4;http://wiadomosci.wp.pl/gid,17437966,kat,7631,title,5-lat-od-katastrofy-smolenskiej,galeria.html
2015-04-10;http://www.wp.pl;Najnowszy sondaz na temat prezydenta Komorowskiego;3;http://wiadomosci.wp.pl/kat,1342,title,Sondaz-CBOS-ponad-70-proc-Polakow-pozytywnie-o-dzialalnosci-Bronislawa-Komorowskiego,wid,17439375,wiadomosc.html
2015-04-10;http://www.wp.pl;Sondaż CBOS: ponad 70 proc. Polaków pozytywnie o działalności Bronisława Komorowskiego;1;/kat,140394,title,Sondaz-CBOS-ponad-70-proc-Polakow-pozytywnie-o-dzialalnosci-Bronislawa-Komorowskiego,wid,17439375,wiadomosc.html
2015-04-10;http://www.onet.pl/;  "Gdyby prezydent do mnie zadzwonil z samolotu, powiedzialbym, ze cos knuja" ;3;http://polska.newsweek.pl/wywiad-tomasza-lisa-z-michalem-kaminskim-o-katastrofie-smolenskiej,artykuly,360724,1.html
2015-04-10;http://www.onet.pl/;M. Ogórek zabrala glos ws. pomnika smolenskiego;2;http://wiadomosci.onet.pl/kraj/politycy-sld-odwiedzili-groby-ofiar-katastrofy-smolenskiej/f1h8m9
2015-04-10;http://www.onet.pl/;Palikot: to potwierdzenie moich slów;2;http://wiadomosci.onet.pl/tylko-w-onecie/janusz-palikot-w-ustalmy-jedno-dzis-mamy-potwierdzenie-tego-co-mowilem-w-2010-roku/9nyjzq
2015-04-10;http://www.newsweek.pl/;Sondaz IBRiS: Rekordowo niska przewaga Komorowskiego;4;http://polska.newsweek.pl/sondaz-prezydencki-rekordowo-niska-przewaga-komorowskiego,artykuly,360760,1.html
2015-04-10;http://www.newsweek.pl/;Komorowski: Pomnik smolenski na Placu Pilsudskiego to godna lokalizacja;2;http://polska.newsweek.pl/gdzie-stanie-pomnik-smolenski-co-na-to-bronislaw-komorowski-,artykuly,360757,1.html
2015-04-10;http://natemat.pl/;Ukrainski parlament uznal UPA za bojowników o wolnosc . W dniu wizyty Komorowskiego;3;http://natemat.pl/139171,ukrainski-parlament-uznal-upa-za-bojownikow-o-wolnosc-w-dniu-wizyty-komorowskiego
2015-04-10;http://natemat.pl/;Mniej znane oblicze prezydenta. Lubi poezje i zdarza mu sie pisac. Zobacz, z jakim efektem;3;http://natemat.pl/139231,komorowski-u-jakobiaka-przypomina-o-zamilowaniu-do-poezji-rymowal-kolezankom-z-po-mysliwym-i-mlodziezy-z-lednicy
2015-04-10;http://natemat.pl/;Komorowski z Ukrainy polecial do Krakowa, z zona zlozyl kwiaty przy grobie Kaczynskich;1;http://natemat.pl/139193,komorowski-z-ukrainy-polecial-do-krakowa-razem-z-zona-zlozyl-kwiaty-przy-grobie-kaczynskich-palikot-skandal
2015-04-10;http://natemat.pl/;Andrzej Duda - czlowiek bez politycznej twarzy. O Smolensku zmienia zdanie co wybory;1;http://natemat.pl/139081,andrzej-duda-czlowiek-bez-politycznej-twarzy-w-sprawie-smolenska-zmienia-zdanie-co-wybory
2015-04-10;http://natemat.pl/;Kampania PALIKOTA;1;http://kampaniapalikota.natemat.pl/
2015-04-10;http://www.dziennik.pl;NOWY SONDAŻ. Komorowskiego chwalą nawet... wyborcy PiS;3;http://wiadomosci.dziennik.pl/wybory-prezydenckie/artykuly/487591,73-proc-polakow-dobrze-ocenia-dzialalnosc-prezydenta-nowy-sondaz.html
2015-04-10;http://www.dziennik.pl;Topnieje przewaga Komorowskiego nad Dudą. SONDAŻ;2;http://wiadomosci.dziennik.pl/wybory-prezydenckie/artykuly/487549,andrzej-duda-goni-prezydenta-komorowskiego-sondaz-wyborczy.html
2015-04-10;http://www.dziennik.pl;Najpierw przemawiał polski prezydent, potem uhonorowali UPA...;2;http://wiadomosci.dziennik.pl/polityka/artykuly/487556,ukraina-wizyta-prezydenta-komorowskiego-i-honory-dla-upa.html
2015-04-10;http://www.dziennik.pl;Ukraiński parlament: Najpierw przemawiał Komorowski, potem uhonorowali UPA;1;http://wiadomosci.dziennik.pl/polityka/artykuly/487556,ukraina-wizyta-prezydenta-komorowskiego-i-honory-dla-upa.html
2015-04-10;http://www.dziennik.pl;Komorowski o wraku Tu-154M: Problem w kategoriach symbolicznych;1;http://wiadomosci.dziennik.pl/polityka/artykuly/487551,komorowski-zwrot-wraku-tu-154m-problemem-w-kategoriach-symbolicznych.html
2015-04-10;http://www.dziennik.pl;Tego nie było w planie... Prezydent wylądował w Krakowie, by odwiedzić grób Lecha Kaczyńskiego;1;http://wiadomosci.dziennik.pl/polityka/artykuly/487521,prezydent-bronislaw-komorowski-przy-grobie-marii-i-lecha-kaczynskich-na-wawelu.html
2015-04-10;http://wyborcza.pl/0,0.html?piano_d=1;Kto gra Smoleńskiem? A kto na tym straci? Duda? [SONDAŻ];3;http://wyborcza.pl/1,75478,17725127,Duda_straci_na_sprawie_smolenskiej_.html
2015-04-10;http://www.wp.pl;Obchody 5. rocznicy katastrofy. Kaczynska na Wawelu, jej stryj na Powazkach, Komorowski w Swiatyni Opatrznosci Bozej;4;http://wiadomosci.wp.pl/gid,17437966,kat,7631,title,5-lat-od-katastrofy-smolenskiej,galeria.html
2015-04-10;http://www.wp.pl;Najnowszy sondaz na temat prezydenta Komorowskiego;3;http://wiadomosci.wp.pl/kat,1342,title,Sondaz-CBOS-ponad-70-proc-Polakow-pozytywnie-o-dzialalnosci-Bronislawa-Komorowskiego,wid,17439375,wiadomosc.html
2015-04-10;http://www.wp.pl;Sondaż CBOS: ponad 70 proc. Polaków pozytywnie o działalności Bronisława Komorowskiego;1;/kat,140394,title,Sondaz-CBOS-ponad-70-proc-Polakow-pozytywnie-o-dzialalnosci-Bronislawa-Komorowskiego,wid,17439375,wiadomosc.html
2015-04-10;http://www.onet.pl/;  "Gdyby prezydent do mnie zadzwonil z samolotu, powiedzialbym, ze cos knuja" ;3;http://polska.newsweek.pl/wywiad-tomasza-lisa-z-michalem-kaminskim-o-katastrofie-smolenskiej,artykuly,360724,1.html
2015-04-10;http://www.onet.pl/;Ruch prezydenta Czech moze oburzyc Putina;2;http://wiadomosci.onet.pl/swiat/prezydent-czech-milosz-zeman-nie-pojawi-sie-na-defiladzie-wojskowej-w-moskwie/lf8ccy
2015-04-10;http://www.onet.pl/;"Fakt": nieelegancki gest Andrzeja Dudy na Wawelu;2;http://www.fakt.pl/polityka/kampania-wyborcza-na-grobie-lecha-i-marii-kaczynskich,artykuly,537446.html
2015-04-10;http://www.onet.pl/;Palikot: to potwierdzenie moich slów;2;http://wiadomosci.onet.pl/tylko-w-onecie/janusz-palikot-w-ustalmy-jedno-dzis-mamy-potwierdzenie-tego-co-mowilem-w-2010-roku/9nyjzq
2015-04-10;http://www.newsweek.pl/;Sondaz IBRiS: Rekordowo niska przewaga Komorowskiego;4;http://polska.newsweek.pl/sondaz-prezydencki-rekordowo-niska-przewaga-komorowskiego,artykuly,360760,1.html
2015-04-10;http://www.newsweek.pl/;Komorowski: Pomnik smolenski na Placu Pilsudskiego to godna lokalizacja;2;http://polska.newsweek.pl/gdzie-stanie-pomnik-smolenski-co-na-to-bronislaw-komorowski-,artykuly,360757,1.html
2015-04-10;http://natemat.pl/;Ukrainski parlament uznal UPA za bojowników o wolnosc . W dniu wizyty Komorowskiego;1;http://natemat.pl/139171,ukrainski-parlament-uznal-upa-za-bojownikow-o-wolnosc-w-dniu-wizyty-komorowskiego
2015-04-10;http://natemat.pl/;Mniej znane oblicze prezydenta. Lubi poezje i zdarza mu sie pisac. Zobacz, z jakim efektem;1;http://natemat.pl/139231,komorowski-u-jakobiaka-przypomina-o-zamilowaniu-do-poezji-rymowal-kolezankom-z-po-mysliwym-i-mlodziezy-z-lednicy
2015-04-10;http://natemat.pl/;Andrzej Duda - czlowiek bez politycznej twarzy. O Smolensku zmienia zdanie co wybory;1;http://natemat.pl/139081,andrzej-duda-czlowiek-bez-politycznej-twarzy-w-sprawie-smolenska-zmienia-zdanie-co-wybory
2015-04-10;http://natemat.pl/;Kampania PALIKOTA;1;http://kampaniapalikota.natemat.pl/
2015-04-10;http://www.dziennik.pl;NOWY SONDAŻ. Komorowskiego chwalą nawet... wyborcy PiS;3;http://wiadomosci.dziennik.pl/wybory-prezydenckie/artykuly/487591,73-proc-polakow-dobrze-ocenia-dzialalnosc-prezydenta-nowy-sondaz.html
2015-04-10;http://www.dziennik.pl;Najpierw przemawiał polski prezydent, potem uhonorowali UPA...;2;http://wiadomosci.dziennik.pl/polityka/artykuly/487556,ukraina-wizyta-prezydenta-komorowskiego-i-honory-dla-upa.html
2015-04-10;http://www.dziennik.pl;Topnieje przewaga Komorowskiego nad Dudą. SONDAŻ;2;http://wiadomosci.dziennik.pl/wybory-prezydenckie/artykuly/487549,andrzej-duda-goni-prezydenta-komorowskiego-sondaz-wyborczy.html
2015-04-10;http://www.dziennik.pl;Ukraiński parlament: Najpierw przemawiał Komorowski, potem uhonorowali UPA;1;http://wiadomosci.dziennik.pl/polityka/artykuly/487556,ukraina-wizyta-prezydenta-komorowskiego-i-honory-dla-upa.html
2015-04-10;http://www.dziennik.pl;Komorowski o wraku Tu-154M: Problem w kategoriach symbolicznych;1;http://wiadomosci.dziennik.pl/polityka/artykuly/487551,komorowski-zwrot-wraku-tu-154m-problemem-w-kategoriach-symbolicznych.html
2015-04-10;http://www.dziennik.pl;Tego nie było w planie... Prezydent wylądował w Krakowie, by odwiedzić grób Lecha Kaczyńskiego;1;http://wiadomosci.dziennik.pl/polityka/artykuly/487521,prezydent-bronislaw-komorowski-przy-grobie-marii-i-lecha-kaczynskich-na-wawelu.html
2015-04-10;http://wyborcza.pl/0,0.html?piano_d=1;Kto gra Smoleńskiem? A kto na tym straci? Duda? [SONDAŻ];3;http://wyborcza.pl/1,75478,17725127,Duda_straci_na_sprawie_smolenskiej_.html
2015-04-10;http://www.tvp.info/;Clinton na prezydenta. Kandydatka Demokratów jednak wystartuje w wyborach;2;http://www.tvp.info.pl/19609008/clinton-na-prezydenta-kandydatka-demokratow-jednak-wystartuje-w-wyborach
2015-04-10;http://www.wp.pl;Prezydent Ukrainy: odbudujemy marynarke wojenna;3;http://wiadomosci.wp.pl/kat,1356,title,Petro-Poroszenko-zapowiada-odbudowe-marynarki-wojennej,wid,17440753,wiadomosc.html
2015-04-10;http://www.wp.pl;Sondaż CBOS: ponad 70 proc. Polaków pozytywnie o działalności Bronisława Komorowskiego;1;/kat,140394,title,Sondaz-CBOS-ponad-70-proc-Polakow-pozytywnie-o-dzialalnosci-Bronislawa-Komorowskiego,wid,17439375,wiadomosc.html
2015-04-10;http://www.onet.pl/;Ruch prezydenta Czech moze oburzyc Putina;2;http://wiadomosci.onet.pl/swiat/prezydent-czech-milosz-zeman-nie-pojawi-sie-na-defiladzie-wojskowej-w-moskwie/lf8ccy
2015-04-10;http://www.onet.pl/;"Fakt": nieelegancki gest Andrzeja Dudy na Wawelu;2;http://www.fakt.pl/polityka/kampania-wyborcza-na-grobie-lecha-i-marii-kaczynskich,artykuly,537446.html
2015-04-10;http://www.newsweek.pl/;Dlaczego Komorowski nie bedzie jak Kwasniewski?;3;http://polska.newsweek.pl/wybory-prezydenckie-czy-bronislaw-komorowski-wygra-w-i-turze,artykuly,360764,1.html
2015-04-10;http://natemat.pl/;Ukrainski parlament uznal UPA za bojowników o wolnosc . W dniu wizyty Komorowskiego;1;http://natemat.pl/139171,ukrainski-parlament-uznal-upa-za-bojownikow-o-wolnosc-w-dniu-wizyty-komorowskiego
2015-04-10;http://natemat.pl/;Mniej znane oblicze prezydenta. Lubi poezje i zdarza mu sie pisac. Zobacz, z jakim efektem;1;http://natemat.pl/139231,komorowski-u-jakobiaka-przypomina-o-zamilowaniu-do-poezji-rymowal-kolezankom-z-po-mysliwym-i-mlodziezy-z-lednicy
2015-04-10;http://natemat.pl/;Andrzej Duda - czlowiek bez politycznej twarzy. O Smolensku zmienia zdanie co wybory;1;http://natemat.pl/139081,andrzej-duda-czlowiek-bez-politycznej-twarzy-w-sprawie-smolenska-zmienia-zdanie-co-wybory
2015-04-10;http://natemat.pl/;Kampania PALIKOTA;1;http://kampaniapalikota.natemat.pl/
2015-04-10;http://www.gazeta.pl;Prezydent Czech miał być na defiladzie obok Kim Dzong Una. Jednak Zeman zmienił plany...;2;http://wiadomosci.gazeta.pl/wiadomosci/1,114871,17735182,Prezydent_Czech_poleci_do_Moskwy__ale_na_defiladzie.html#BoxNewsImg
2015-04-10;http://www.gazeta.pl;Komorowski: Z powodu wraku nie wyślemy tam dywizji;1;http://wiadomosci.gazeta.pl/wiadomosci/1,114871,17729623,Komorowski__Skoro_Rosja_nie__rozwaza__oddanie_wraku_.html#BoxNewsLink
2015-04-10;http://www.dziennik.pl;NOWY SONDAŻ. Komorowskiego chwalą nawet... wyborcy PiS;2;http://wiadomosci.dziennik.pl/wybory-prezydenckie/artykuly/487591,73-proc-polakow-dobrze-ocenia-dzialalnosc-prezydenta-nowy-sondaz.html
2015-04-10;http://www.dziennik.pl;Najpierw przemawiał polski prezydent, potem uhonorowali UPA...;2;http://wiadomosci.dziennik.pl/polityka/artykuly/487556,ukraina-wizyta-prezydenta-komorowskiego-i-honory-dla-upa.html
2015-04-10;http://www.dziennik.pl;Topnieje przewaga Komorowskiego nad Dudą. SONDAŻ;2;http://wiadomosci.dziennik.pl/wybory-prezydenckie/artykuly/487549,andrzej-duda-goni-prezydenta-komorowskiego-sondaz-wyborczy.html
2015-04-10;http://www.dziennik.pl;Ukraiński parlament: Najpierw przemawiał Komorowski, potem uhonorowali UPA;1;http://wiadomosci.dziennik.pl/polityka/artykuly/487556,ukraina-wizyta-prezydenta-komorowskiego-i-honory-dla-upa.html
2015-04-10;http://www.dziennik.pl;Komorowski o wraku Tu-154M: Problem w kategoriach symbolicznych;1;http://wiadomosci.dziennik.pl/polityka/artykuly/487551,komorowski-zwrot-wraku-tu-154m-problemem-w-kategoriach-symbolicznych.html
2015-04-10;http://www.onet.pl/;Ruch prezydenta Czech moze oburzyc Putina;2;http://wiadomosci.onet.pl/swiat/prezydent-czech-milosz-zeman-nie-pojawi-sie-na-defiladzie-wojskowej-w-moskwie/lf8ccy
2015-04-10;http://www.onet.pl/;"Fakt": nieelegancki gest Andrzeja Dudy na Wawelu;2;http://www.fakt.pl/polityka/kampania-wyborcza-na-grobie-lecha-i-marii-kaczynskich,artykuly,537446.html
