"date";"portal";"title";"position";"link"
2015-05-02;http://www.tvp.info/;Prezydent Niemiec: mozliwe zadoscuczynienie za zbrodnie nazistów popelnione w Grecji;4;http://www.tvp.info.pl/19894567/prezydent-niemiec-mozliwe-zadoscuczynienie-za-zbrodnie-nazistow-popelnione-w-grecji
2015-05-02;http://www.tvp.info/;„Ucieszmy sie podczas wycieczki, przy grillu, na spacerze czy rodzinnym obiedzie”. Prezydent w TVP o majowych swietach;3;http://www.tvp.info/19893233/ucieszmy-sie-podczas-wycieczki-przy-grillu-na-spacerze-czy-rodzinnym-obiedzie-prezydent-w-tvp-o-majowych-swietach
2015-05-02;http://www.tvp.info/;Sondaz dla „Wiadomosci” TVP1: Komorowski mocno traci, Kukiz zyskuje. Zwyciezca dopiero w II turze;2;http://www.tvp.info.pl/19890140/sondaz-dla-wiadomosci-tvp1-komorowski-mocno-traci-kukiz-zyskuje-zwyciezca-dopiero-w-ii-turze
2015-05-02;http://www.tvp.info/;Kampania wyborcza: Komorowski swietowal wejscie do UE, Duda poinformowal, ze podpisze „umowe” z „S”;2;http://www.tvp.info.pl/19894207/kampania-wyborcza-komorowski-swietowal-wejscie-do-ue-duda-poinformowal-ze-podpisze-umowe-z-s
2015-05-02;http://www.wp.pl;Zaskakujacy nowy sondaz: Kukiz zyskuje, a Komorowski mocno traci;4;http://wiadomosci.wp.pl/kat,1342,title,Sondaz-dla-Wiadomosci-TVP-Komorowski-mocno-traci-Kukiz-zyskuje,wid,17502990,wiadomosc.html
2015-05-02;http://www.wp.pl;Referent w ZUS, zwolennik Korwina, sp�ldzielnia. Kariera Grabarczyka robi wrazenie;3;http://www.biztok.pl/akademia-biznesu/cezary-grabarczyk-od-starszego-referenta-w-zusie-do-ministra-sprawiedliwosci_s21097
2015-05-02;http://www.wprost.pl/;Sondaż: Kukiz przebił granicę 10 proc., Komorowski znów poniżej 40 proc.;3;http://www.wprost.pl/ar/504974/Sondaz-Kukiz-przebil-granice-10-proc-Komorowski-znow-ponizej-40-proc/
2015-05-02;http://www.wprost.pl/;Komorowski wygłosił orędzie z okazji świąt majowych.  Na kłótniach w Polsce korzystają nasi wrogowie;2;http://www.wprost.pl/ar/504997/Komorowski-wyglosil-oredzie-z-okazji-swiat-majowych-Na-klotniach-w-Polsce-korzystaja-nasi-wrogowie/
2015-05-02;http://www.wprost.pl/;Sondaż: Kukiz przebił granicę 10 proc., Komorowski znów poniżej 40 proc.;2;http://www.wprost.pl/ar/504974/Sondaz-Kukiz-przebil-granice-10-proc-Komorowski-znow-ponizej-40-proc/
2015-05-02;http://www.wprost.pl/;Kolejny spot Dudy. Chce podnieść kwotę wolną od podatku;2;http://www.wprost.pl/ar/504973/Kolejny-spot-Dudy-Chce-podniesc-kwote-wolna-od-podatku/
2015-05-02;http://www.wprost.pl/;SLD poza Sejmem? "Ich działania w kampanii ubliżają inteligencji elektoratu";1;http://www.wprost.pl/ar/504488/SLD-poza-Sejmem-Ich-dzialania-w-kampanii-ublizaja-inteligencji-elektoratu/
2015-05-02;http://www.wprost.pl/;Cicha wojna o podatki między Kopacz i Komorowskim;1;http://www.wprost.pl/ar/504571/Cicha-wojna-o-podatki-miedzy-Kopacz-i-Komorowskim/
2015-05-02;http://www.wprost.pl/;Jakich zmian w ordynacji podatkowej chce prezydent;1;http://www.wprost.pl/ar/504570/Jakich-zmian-w-ordynacji-podatkowej-chce-prezydent/
2015-05-02;http://www.wprost.pl/;Ranking: Palikot rządzi na Twitterze, Kukiz najlepszym debiutantem;1;http://www.wprost.pl/ar/504297/Ranking-Palikot-rzadzi-na-Twitterze-Kukiz-najlepszym-debiutantem/
2015-05-02;http://www.wprost.pl/;"Wybory na Facebooku". Kukiz coraz silniejszy;1;http://www.wprost.pl/ar/504294/Wybory-na-Facebooku-Kukiz-coraz-silniejszy/
2015-05-02;http://www.onet.pl/;  Kreacja, fryzjer, make-up - ile czasu zajmuja Magdalenie Ogórek? Zapytalismy, odpowiedz zaskakuje ;3;http://wiadomosci.onet.pl/tylko-w-onecie/jak-wyglada-dzien-z-kampanii-magdaleny-ogorek/e0g1yc
2015-05-02;http://www.onet.pl/;Wybory prezydenckie. Ten blad moze slono kosztowac kandydatów;2;http://wiadomosci.onet.pl/kraj/dr-hab-agnieszka-hess-kandydaci-na-prezydenta-nie-doceniaja-wyborcow-wywiad/t5ep7d
2015-05-02;http://www.onet.pl/;Sondaz: wynik prezydenta jeszcze nie byl tak zly;2;http://wiadomosci.onet.pl/kraj/sondaz-tns-polska-dla-wiadomosci-spada-poparcie-dla-prezydenta-komorowskiego/7ncfhr
2015-05-02;http://www.onet.pl/;Pawel Kukiz odcina sie od Slawomira Izdebskiego;2;http://wiadomosci.onet.pl/kraj/kukiz-odcina-sie-od-izdebskiego/969vrh
2015-05-02;http://www.onet.pl/;Oredzie prezydenta: niech to bedzie przestroga;2;http://wiadomosci.onet.pl/kraj/prezydent-zlozyl-polakom-zyczenia-z-okazji-majowych-swiat/1s2b09
2015-05-02;http://www.onet.pl/;Komorowski znacznie gorszy od L. Kaczynskiego;2;http://wiadomosci.onet.pl/kraj/komorowski-napisal-prawie-dwa-razy-mniej-ustaw-niz-kaczynski/es6r3p
2015-05-02;http://www.onet.pl/;Andrzej Duda chwali ruch premier Ewy Kopacz;2;http://wiadomosci.onet.pl/kraj/duda-pozytywnie-ocenia-borysa-budke-to-bardzo-dobry-prawnik/d3hs5v
2015-05-02;http://www.onet.pl/;Co kryje Palac? Tutaj bedzie pracowal Prezydent;2;http://wiadomosci.onet.pl/kraj/co-kryje-palac-to-tutaj-bedzie-pracowal-prezydent-rp/q5p6dr
2015-05-02;http://www.tvn24.pl/;OdtwÃ³rz: Palikot: zamieÅ<U+0084>my Lecha KaczyÅ<U+0084>skiego na UniÄ<U+0099> EuropejskÄ<U+0085>.  ByÅ<U+0082> beznadziejnie sÅ<U+0082>abym prezydentem;3;http://www.tvn24.pl/palikot-zamienmy-place-lecha-kaczynskiego-na-place-unii-europejskiej,538536,s.html#autoplay
2015-05-02;http://www.tvn24.pl/;Palikot: zamieÅ<U+0084>my Lecha KaczyÅ<U+0084>skiego na UniÄ<U+0099> EuropejskÄ<U+0085>.  ByÅ<U+0082> beznadziejnie sÅ<U+0082>abym prezydentem;3;http://www.tvn24.pl/palikot-zamienmy-place-lecha-kaczynskiego-na-place-unii-europejskiej,538536,s.html
2015-05-02;http://www.tvn24.pl/;Rycerskie perypetie Janusza Korwin-Mikkego;3;http://fakty.tvn24.pl/ogladaj-online,60/kampania-pierwszomajowa-kandydaci-glownie-o-ue,538553.html
2015-05-02;http://www.tvn24.pl/;OdtwÃ³rz: Rycerskie perypetie Janusza Korwin-Mikkego;3;http://fakty.tvn24.pl/ogladaj-online,60/kampania-pierwszomajowa-kandydaci-glownie-o-ue,538553.html
2015-05-02;http://www.tvn24.pl/;Duda: konieczna zmiana wÅ<U+0082>adzy i podwyÅ¼ka pÅ<U+0082>ac;3;http://www.tvn24.pl/duda-trzeba-doprowadzic-do-podwyzki-wynagrodzen,538568,s.html
2015-05-02;http://www.tvn24.pl/;odtwÃ³rz: Duda: konieczna zmiana wÅ<U+0082>adzy i podwyÅ¼ka pÅ<U+0082>ac;3;http://www.tvn24.pl/duda-trzeba-doprowadzic-do-podwyzki-wynagrodzen,538568,s.html#autoplay
2015-05-02;http://www.tvn24.pl/;BronisÅ<U+0082>aw Komorowski i Andrzej Duda. Debata  Czas decyzji  w TVN24 i na tvn24.pl;3;http://www.tvn24.pl/wybory-prezydenckie-debata-czas-decyzji,538339,s.html
2015-05-02;http://www.tvn24.pl/;MnÃ³stwo pytaÅ<U+0084> do kandydatÃ³w na prezydenta. MoÅ¼ecie je rÃ³wnieÅ¼ nagrywaÄ<U+0087>;3;http://kontakt24.tvn24.pl/zbliza-sie-czas-decyzji-zadajcie-pytanie-kandydatom-na-prezydenta,242,gt
2015-05-02;http://www.tvn24.pl/;Palikot: zamieÅ<U+0084>my Lecha KaczyÅ<U+0084>skiego na UniÄ<U+0099> EuropejskÄ<U+0085>.  ByÅ<U+0082> beznadziejnie sÅ<U+0082>abym prezydentem;2;http://www.tvn24.pl/palikot-zamienmy-lecha-kaczynskiego-na-unie-europejska-byl-beznadziejnie-slabym-prezydentem,538536,s.html
2015-05-02;http://www.tvn24.pl/;Duda: konieczna zmiana wÅ<U+0082>adzy i podwyÅ¼ka pÅ<U+0082>ac;2;http://www.tvn24.pl/duda-konieczna-zmiana-wladzy-i-podwyzka-plac,538568,s.html
2015-05-02;http://www.tvn24.pl/;BronisÅ<U+0082>aw Komorowski i Andrzej Duda. Debata  Czas decyzji  w TVN24 i na tvn24.pl;2;http://www.tvn24.pl/bronislaw-komorowski-i-andrzej-duda-debata-czas-decyzji-w-tvn24-i-na-tvn24-pl,538339,s.html
2015-05-02;http://www.tvn24.pl/;OdtwÃ³rz: Palikot: zamieÅ<U+0084>my Lecha KaczyÅ<U+0084>skiego na UniÄ<U+0099> EuropejskÄ<U+0085>.  ByÅ<U+0082> beznadziejnie sÅ<U+0082>abym prezydentem;1;http://www.tvn24.pl/palikot-zamienmy-place-lecha-kaczynskiego-na-place-unii-europejskiej,538536,s.html#autoplay
2015-05-02;http://www.tvn24.pl/;Palikot: zamieÅ<U+0084>my Lecha KaczyÅ<U+0084>skiego na UniÄ<U+0099> EuropejskÄ<U+0085>.  ByÅ<U+0082> beznadziejnie sÅ<U+0082>abym prezydentem;1;http://www.tvn24.pl/palikot-zamienmy-place-lecha-kaczynskiego-na-place-unii-europejskiej,538536,s.html
2015-05-02;http://www.tvn24.pl/;Rycerskie perypetie Janusza Korwin-Mikkego;1;http://fakty.tvn24.pl/ogladaj-online,60/kampania-pierwszomajowa-kandydaci-glownie-o-ue,538553.html
2015-05-02;http://www.tvn24.pl/;OdtwÃ³rz: Rycerskie perypetie Janusza Korwin-Mikkego;1;http://fakty.tvn24.pl/ogladaj-online,60/kampania-pierwszomajowa-kandydaci-glownie-o-ue,538553.html
2015-05-02;http://www.tvn24.pl/;Duda: konieczna zmiana wÅ<U+0082>adzy i podwyÅ¼ka pÅ<U+0082>ac;1;http://www.tvn24.pl/duda-trzeba-doprowadzic-do-podwyzki-wynagrodzen,538568,s.html
2015-05-02;http://www.tvn24.pl/;odtwÃ³rz: Duda: konieczna zmiana wÅ<U+0082>adzy i podwyÅ¼ka pÅ<U+0082>ac;1;http://www.tvn24.pl/duda-trzeba-doprowadzic-do-podwyzki-wynagrodzen,538568,s.html#autoplay
2015-05-02;http://www.tvn24.pl/;BronisÅ<U+0082>aw Komorowski i Andrzej Duda. Debata  Czas decyzji  w TVN24 i na tvn24.pl;1;http://www.tvn24.pl/wybory-prezydenckie-debata-czas-decyzji,538339,s.html
2015-05-02;http://www.tvn24.pl/;MnÃ³stwo pytaÅ<U+0084> do kandydatÃ³w na prezydenta. MoÅ¼ecie je rÃ³wnieÅ¼ nagrywaÄ<U+0087>;1;http://kontakt24.tvn24.pl/zbliza-sie-czas-decyzji-zadajcie-pytanie-kandydatom-na-prezydenta,242,gt
2015-05-02;http://natemat.pl/;Jezus mówi:  Glosujcie na Grzegorza Brauna, gdyz on jest wybrany przez samego Boga Ojca;3;http://natemat.pl/141279,jezus-chrystus-kazal-glosowac-na-grzegorza-brauna-on-spowoduje-uhonorowanie-mnie-na-krola-polski-a-ocalejecie-wy-i-swiat
2015-05-02;http://natemat.pl/;Bez Ogórek, bez ludzi, bez nadziei. SLD jest dzis cieniem samego siebie;2;http://natemat.pl/141273,bez-ogorek-bez-ludzi-bez-nadziei-sld-swietuje-wprowadzenie-polski-do-unii-i-przypomina-ze-jest-cieniem-siebie
2015-05-02;http://natemat.pl/;Komorowski traci, Kukiz juz z dwucyfrowym wynikiem;2;http://natemat.pl/141275,zaskakujacy-sondaz-prezydencki-komorowski-traci-kukiz-juz-z-dwucyfrowym-wynikiem
2015-05-02;http://natemat.pl/;Nowy spot Kukiza to plagiat;2;http://natemat.pl/141049,spot-pawla-kukiza-plagiatem-ludzaco-przypomina-polski-teledysk-wydawca-podejmie-kroki-prawne
2015-05-02;http://natemat.pl/;Solidarnosc : Zaden pracownik nie powinien poprzec Komorowskiego;2;http://natemat.pl/141269,solidarnosc-podpisze-umowe-z-andrzejem-duda-zaden-pracownik-nie-powinien-glosowac-na-komorowskiego
2015-05-02;http://natemat.pl/;Ciag dalszy wojny Ogórek i SLD. Kandydatka odmówila udzialu w obchodach 1 maja;2;http://natemat.pl/141247,ciag-dalszy-wojny-ogorek-i-sld-kandydatka-odmowila-udzialu-w-obchodach-1-maja
2015-05-02;http://natemat.pl/;Jerzy Zelnik: Wybory nie sa wiarygodne. Prezydent Komorowski to karierowicz;2;http://natemat.pl/141245,jerzy-zelnik-nie-uwazam-wyborow-za-wiarygodne-prezydent-komorowski-to-karierowicz
2015-05-02;http://natemat.pl/;Komorowski o swoich przeciwnikach: darujmy im, bo nie wiedza, co czynia;1;http://natemat.pl/141231,bronislaw-komorowski-o-swoich-przeciwnikach-odpuscmy-im-bo-nie-wiedza-co-czynia
2015-05-02;http://natemat.pl/;Kazik i Muniek nie ciagna Jarocina? Kukiz tez wpisuje sie w upadek dawnych idealów;1;http://natemat.pl/141047,kazik-i-muniek-nie-ciagna-jarocina-kukiz-ma-pretensje-choc-sam-wpisuje-sie-w-upadek-idealow-jarocina
2015-05-02;http://natemat.pl/;Ogórek zatrzymana na wiecu SLD. Krzyczala  precz z komuna  i rzucala jajkami w Millera;1;http://aszdziennik.pl/114773,magdalena-ogorek-zatrzymana-na-wiecu-sld-krzyczala-precz-z-komuna-i-rzucala-jajkami-w-millera
2015-05-02;http://natemat.pl/;Maciej Kowalski;1;http://maciejkowalski.natemat.pl/
2015-05-02;http://www.gazeta.pl;Wyborczy sondaż TNS Polska. Komorowski traci 7 pkt. Nieoczekiwany wynik Kukiza;1;http://wiadomosci.gazeta.pl/wiadomosci/1,143907,17846215,Nowy_sondaz_prezydencki__Komorowski_ponizej_40_proc_.html#BoxNewsLink
2015-05-02;http://www.gazeta.pl;Prezydent Niemiec mówi o odszkodowaniu dla Grecji;1;http://wiadomosci.gazeta.pl/wiadomosci/1,114871,17848275,Niemcy__rzad_mowi__nie___a_prezydent_sugeruje_mozliwosc.html#BoxNewsLink
2015-05-02;http://www.dziennik.pl;Wystrzeliło poparcie dla Kukiza. Komorowski poniżej 40 proc.;2;http://wiadomosci.dziennik.pl/wybory-prezydenckie/artykuly/489330,wybory-prezydenckie-komorowski-w-dol-duda-i-kukiz-w-gore-sondaz.html
2015-05-02;http://www.dziennik.pl;Cezary Grabarczyk nie jest już ministrem. Prezydent przyjął jego dymisję;1;http://wiadomosci.dziennik.pl/polityka/artykuly/489306,bronislaw-komorowski-przyjal-dymisje-cezarego-grabarczyka.html
2015-05-02;http://www.dziennik.pl;Cezary Grabarczyk wycofał się z komitetu wyborczego Bronisława Komorowskiego;1;http://wiadomosci.dziennik.pl/polityka/artykuly/489305,cezary-grabarczyk-juz-nie-jest-w-komitecie-wyborczym-bronislawa-komorowskiego.html
2015-05-02;http://www.dziennik.pl;Bronisław Komorowski jeszcze dziś podpisze dymisję Cezarego Grabarczyka;1;http://wiadomosci.dziennik.pl/polityka/artykuly/489271,bronislaw-komorowski-jeszcze-dzis-podpisze-dymisje-cezarego-grabarczyka.html
2015-05-02;http://wyborcza.pl/0,0.html?piano_d=1;Prezydent w orędziu do Polaków: Na kłótniach w Polsce zawsze korzystali inni. Niech to będzie przestroga;3;http://wyborcza.pl/1,75478,17848294,Prezydent_w_oredziu_do_Polakow__Na_klotniach_w_Polsce.html
2015-05-02;http://wyborcza.pl/0,0.html?piano_d=1;Palikot: Zamieńmy plac Kaczyńskiego na plac Unii Europejskiej;3;http://wyborcza.pl/1,143644,17847337,Palikot__Zamienmy_plac_Lecha_Kaczynskiego_na_plac.html
2015-05-02;http://wyborcza.pl/0,0.html?piano_d=1;Prezydent w orędziu do Polaków: Na kłótniach w Polsce zawsze korzystali inni. Niech to będzie przestroga;2;http://wyborcza.pl/1,75478,17848294,Prezydent_w_oredziu_do_Polakow__Na_klotniach_w_Polsce.html
2015-05-02;http://wyborcza.pl/0,0.html?piano_d=1;Wybory prezydenckie 2015. Magdalena Ogórek w Wielkopolsce o sondażach: Są wadliwe i zawodne;2;http://poznan.gazeta.pl/poznan/1,36001,17847912,Wybory_prezydenckie_2015__Magdalena_Ogorek_w_Wielkopolsce.html
2015-05-02;http://wyborcza.pl/0,0.html?piano_d=1;Uniki Andrzeja Dudy;3;http://wyborcza.pl/1,143644,17832078,Uniki_Andrzeja_Dudy.html
2015-05-02;http://www.tvp.info/;Prezydent Niemiec: mozliwe zadoscuczynienie za zbrodnie nazistów popelnione w Grecji;3;http://www.tvp.info/19894567/prezydent-niemiec-mozliwe-zadoscuczynienie-za-zbrodnie-nazistow-popelnione-w-grecji
2015-05-02;http://www.tvp.info/;Kampania wyborcza: Komorowski swietowal wejscie do UE, Duda poinformowal, ze podpisze „umowe” z „S”;2;http://www.tvp.info.pl/19894207/kampania-wyborcza-komorowski-swietowal-wejscie-do-ue-duda-poinformowal-ze-podpisze-umowe-z-s
2015-05-02;http://www.tvp.info/;Sondaz dla „Wiadomosci” TVP1: Komorowski mocno traci, Kukiz zyskuje. Zwyciezca dopiero w II turze;2;http://www.tvp.info.pl/19890140/sondaz-dla-wiadomosci-tvp1-komorowski-mocno-traci-kukiz-zyskuje-zwyciezca-dopiero-w-ii-turze
2015-05-02;http://www.wp.pl;Kukiz, Duda czy Komorowski. Jaka podjac decyzje?;4;http://www.biztok.pl/gospodarka/zus-podatki-i-euro-czyli-gospodarka-oczami-kandydatow-na-prezydenta_s21095
2015-05-02;http://www.wp.pl;Referent w ZUS, zwolennik Korwina, sp�ldzielnia. Kariera Grabarczyka robi wrazenie;3;http://www.biztok.pl/akademia-biznesu/cezary-grabarczyk-od-starszego-referenta-w-zusie-do-ministra-sprawiedliwosci_s21097
2015-05-02;http://www.wprost.pl/;Komorowski wygłosił orędzie z okazji świąt majowych.  Na kłótniach w Polsce korzystają nasi wrogowie;2;http://www.wprost.pl/ar/504997/Komorowski-wyglosil-oredzie-z-okazji-swiat-majowych-Na-klotniach-w-Polsce-korzystaja-nasi-wrogowie/
2015-05-02;http://www.wprost.pl/;SLD poza Sejmem? "Ich działania w kampanii ubliżają inteligencji elektoratu";1;http://www.wprost.pl/ar/504488/SLD-poza-Sejmem-Ich-dzialania-w-kampanii-ublizaja-inteligencji-elektoratu/
2015-05-02;http://www.wprost.pl/;Cicha wojna o podatki między Kopacz i Komorowskim;1;http://www.wprost.pl/ar/504571/Cicha-wojna-o-podatki-miedzy-Kopacz-i-Komorowskim/
2015-05-02;http://www.wprost.pl/;Jakich zmian w ordynacji podatkowej chce prezydent;1;http://www.wprost.pl/ar/504570/Jakich-zmian-w-ordynacji-podatkowej-chce-prezydent/
2015-05-02;http://www.wprost.pl/;Ranking: Palikot rządzi na Twitterze, Kukiz najlepszym debiutantem;1;http://www.wprost.pl/ar/504297/Ranking-Palikot-rzadzi-na-Twitterze-Kukiz-najlepszym-debiutantem/
2015-05-02;http://www.onet.pl/;Komorowski: nie chcialbym, by mój Kosciól kogokolwiek wspieral;2;http://wiadomosci.onet.pl/kraj/bronislaw-komorowski-nie-chcialbym-by-moj-kosciol-kogokolwiek-wspieral/w1xhln
2015-05-02;http://www.onet.pl/;Prof. Sroda ocenia szanse Ogórek na wygrana;2;http://wiadomosci.onet.pl/od-zelaznej-mamy-po-piekna-pania-ogorek/qzncxp
2015-05-02;http://www.onet.pl/;Andrzej Duda chwali ruch premier Ewy Kopacz;2;http://wiadomosci.onet.pl/kraj/duda-pozytywnie-ocenia-borysa-budke-to-bardzo-dobry-prawnik/d3hs5v
2015-05-02;http://www.onet.pl/;Co kryje Palac? Tutaj bedzie pracowal prezydent;2;http://wiadomosci.onet.pl/kraj/co-kryje-palac-to-tutaj-bedzie-pracowal-prezydent-rp/q5p6dr
2015-05-02;http://www.onet.pl/;Ten blad popelniaja wszyscy kandydaci;2;http://wiadomosci.onet.pl/kraj/dr-hab-agnieszka-hess-kandydaci-na-prezydenta-nie-doceniaja-wyborcow-wywiad/t5ep7d
2015-05-02;http://www.tvn24.pl/;Grecja Å¼Ä<U+0085>da od Niemiec 300 mld euro za zbrodnie nazistÃ³w. Prezydent Gauck: byÄ<U+0087> moÅ¼e;3;http://www.tvn24.pl/joachim-gauck-mozliwe-odszkodowania-za-wojne-dla-grecji,538615,s.html
2015-05-02;http://www.tvn24.pl/;VincerÃ²!  Aria dla Andrzeja Dudy;3;http://www.tvn24.pl/wideo/z-anteny/nessun-dorma-dla-andrzeja-dudy-wokalny-popis-podczas-wiecu-kandydata-pis,1418950.html?playlist_id=18201
2015-05-02;http://www.tvn24.pl/;OdtwÃ³rz:  VincerÃ²!  Aria dla Andrzeja Dudy;3;http://www.tvn24.pl/wideo/z-anteny/nessun-dorma-dla-andrzeja-dudy-wokalny-popis-podczas-wiecu-kandydata-pis,1418950.html?playlist_id=18201
2015-05-02;http://www.tvn24.pl/;MnÃ³stwo pytaÅ<U+0084> do kandydatÃ³w na prezydenta. MoÅ¼ecie je rÃ³wnieÅ¼ nagrywaÄ<U+0087>;3;http://kontakt24.tvn24.pl/zbliza-sie-czas-decyzji-zadajcie-pytanie-kandydatom-na-prezydenta,242,gt
2015-05-02;http://www.tvn24.pl/;Grecja Å¼Ä<U+0085>da od Niemiec 300 mld euro za zbrodnie nazistÃ³w. Prezydent Gauck: byÄ<U+0087> moÅ¼e;2;http://www.tvn24.pl/grecja-zada-od-niemiec-300-mld-euro-za-zbrodnie-nazistow-prezydent-gauck-byc-moze,538615,s.html
2015-05-02;http://www.tvn24.pl/;Grecja Å¼Ä<U+0085>da od Niemiec 300 mld euro za zbrodnie nazistÃ³w. Prezydent Gauck: byÄ<U+0087> moÅ¼e;1;http://www.tvn24.pl/joachim-gauck-mozliwe-odszkodowania-za-wojne-dla-grecji,538615,s.html
2015-05-02;http://www.tvn24.pl/;VincerÃ²!  Aria dla Andrzeja Dudy;1;http://www.tvn24.pl/wideo/z-anteny/nessun-dorma-dla-andrzeja-dudy-wokalny-popis-podczas-wiecu-kandydata-pis,1418950.html?playlist_id=18201
2015-05-02;http://www.tvn24.pl/;OdtwÃ³rz:  VincerÃ²!  Aria dla Andrzeja Dudy;1;http://www.tvn24.pl/wideo/z-anteny/nessun-dorma-dla-andrzeja-dudy-wokalny-popis-podczas-wiecu-kandydata-pis,1418950.html?playlist_id=18201
2015-05-02;http://www.tvn24.pl/;MnÃ³stwo pytaÅ<U+0084> do kandydatÃ³w na prezydenta. MoÅ¼ecie je rÃ³wnieÅ¼ nagrywaÄ<U+0087>;1;http://kontakt24.tvn24.pl/zbliza-sie-czas-decyzji-zadajcie-pytanie-kandydatom-na-prezydenta,242,gt
2015-05-02;http://natemat.pl/;Jezus mówi:  Glosujcie na Grzegorza Brauna, gdyz on jest wybrany przez samego Boga Ojca;3;http://natemat.pl/141279,jezus-chrystus-kazal-glosowac-na-grzegorza-brauna-on-spowoduje-uhonorowanie-mnie-na-krola-polski-a-ocalejecie-wy-i-swiat
2015-05-02;http://natemat.pl/;Bez Ogórek, bez ludzi, bez nadziei. SLD jest dzis cieniem samego siebie;2;http://natemat.pl/141273,bez-ogorek-bez-ludzi-bez-nadziei-sld-swietuje-wprowadzenie-polski-do-unii-i-przypomina-ze-jest-cieniem-siebie
2015-05-02;http://natemat.pl/;Komorowski traci, Kukiz juz z dwucyfrowym wynikiem;2;http://natemat.pl/141275,zaskakujacy-sondaz-prezydencki-komorowski-traci-kukiz-juz-z-dwucyfrowym-wynikiem
2015-05-02;http://natemat.pl/;Nowy spot Kukiza to plagiat;2;http://natemat.pl/141049,spot-pawla-kukiza-plagiatem-ludzaco-przypomina-polski-teledysk-wydawca-podejmie-kroki-prawne
2015-05-02;http://natemat.pl/;Solidarnosc : Zaden pracownik nie powinien poprzec Komorowskiego;1;http://natemat.pl/141269,solidarnosc-podpisze-umowe-z-andrzejem-duda-zaden-pracownik-nie-powinien-glosowac-na-komorowskiego
2015-05-02;http://natemat.pl/;Ciag dalszy wojny Ogórek i SLD. Kandydatka odmówila udzialu w obchodach 1 maja;1;http://natemat.pl/141247,ciag-dalszy-wojny-ogorek-i-sld-kandydatka-odmowila-udzialu-w-obchodach-1-maja
2015-05-02;http://natemat.pl/;Jerzy Zelnik: Wybory nie sa wiarygodne. Prezydent Komorowski to karierowicz;1;http://natemat.pl/141245,jerzy-zelnik-nie-uwazam-wyborow-za-wiarygodne-prezydent-komorowski-to-karierowicz
2015-05-02;http://natemat.pl/;Komorowski o swoich przeciwnikach: darujmy im, bo nie wiedza, co czynia;1;http://natemat.pl/141231,bronislaw-komorowski-o-swoich-przeciwnikach-odpuscmy-im-bo-nie-wiedza-co-czynia
2015-05-02;http://natemat.pl/;Kazik i Muniek nie ciagna Jarocina? Kukiz tez wpisuje sie w upadek dawnych idealów;1;http://natemat.pl/141047,kazik-i-muniek-nie-ciagna-jarocina-kukiz-ma-pretensje-choc-sam-wpisuje-sie-w-upadek-idealow-jarocina
2015-05-02;http://natemat.pl/;Ogórek zatrzymana na wiecu SLD. Krzyczala  precz z komuna  i rzucala jajkami w Millera;1;http://aszdziennik.pl/114773,magdalena-ogorek-zatrzymana-na-wiecu-sld-krzyczala-precz-z-komuna-i-rzucala-jajkami-w-millera
2015-05-02;http://natemat.pl/;Maciej Kowalski;1;http://maciejkowalski.natemat.pl/
2015-05-02;http://www.gazeta.pl;Wyborczy sondaż TNS Polska. Komorowski traci 7 pkt. Nieoczekiwany wynik Kukiza;1;http://wiadomosci.gazeta.pl/wiadomosci/1,143907,17846215,Nowy_sondaz_prezydencki__Komorowski_ponizej_40_proc_.html#BoxNewsLink
2015-05-02;http://www.gazeta.pl;Komorowski: Na kłótniach w Polsce zawsze korzystali inni;1;http://wiadomosci.gazeta.pl/wiadomosci/1,114871,17848384,Prezydent__Na_klotniach_w_Polsce_zawsze_korzystali.html#BoxNewsLink
2015-05-02;http://www.gazeta.pl;Prezydent Niemiec mówi o odszkodowaniu dla Grecji;1;http://wiadomosci.gazeta.pl/wiadomosci/1,114871,17848275,Niemcy__rzad_mowi__nie___a_prezydent_sugeruje_mozliwosc.html#BoxNewsLink
2015-05-02;http://www.dziennik.pl;Wystrzeliło poparcie dla Kukiza. Komorowski poniżej 40 proc.;2;http://wiadomosci.dziennik.pl/wybory-prezydenckie/artykuly/489330,wybory-prezydenckie-komorowski-w-dol-duda-i-kukiz-w-gore-sondaz.html
2015-05-02;http://www.dziennik.pl;Kandydat znaleziony na Allegro . Celebryci o wyborach prezydenckich;2;http://rozrywka.dziennik.pl/plotki/galeria/489285,polskie-gwiazdy-mowia-co-mysla-o-kandydatach-na-prezydenta-polski.html
2015-05-02;http://www.dziennik.pl;Cezary Grabarczyk nie jest już ministrem. Prezydent przyjął jego dymisję;1;http://wiadomosci.dziennik.pl/polityka/artykuly/489306,bronislaw-komorowski-przyjal-dymisje-cezarego-grabarczyka.html
2015-05-02;http://www.dziennik.pl;Cezary Grabarczyk wycofał się z komitetu wyborczego Bronisława Komorowskiego;1;http://wiadomosci.dziennik.pl/polityka/artykuly/489305,cezary-grabarczyk-juz-nie-jest-w-komitecie-wyborczym-bronislawa-komorowskiego.html
2015-05-02;http://www.dziennik.pl;Bronisław Komorowski jeszcze dziś podpisze dymisję Cezarego Grabarczyka;1;http://wiadomosci.dziennik.pl/polityka/artykuly/489271,bronislaw-komorowski-jeszcze-dzis-podpisze-dymisje-cezarego-grabarczyka.html
2015-05-02;http://wyborcza.pl/0,0.html?piano_d=1;Nie chcę być prezydentem sumień Polaków. Prezydent nie jest od rozstrzygania dylematów moralnych;4;http://wyborcza.pl/magazyn/1,144511,17847406,Bronislaw_Komorowski__Prosze_nie_pytac_mnie_o_partie.html#TRwknd
2015-05-02;http://wyborcza.pl/0,0.html?piano_d=1;Komorowski ma już tylko 39 proc. poparcia, rośnie Kukizowi;3;http://wyborcza.pl/1,143644,17846388,Komorowski_ma_juz_tylko_39_proc__poparcia__rosnie.html
2015-05-02;http://wyborcza.pl/0,0.html?piano_d=1;Prezydent w orędziu: Na kłótniach w Polsce zawsze korzystali inni;3;http://wyborcza.pl/1,75478,17848294,Prezydent_w_oredziu_do_Polakow__Na_klotniach_w_Polsce.html
2015-05-02;http://wyborcza.pl/0,0.html?piano_d=1;Uniki Andrzeja Dudy;3;http://wyborcza.pl/1,143644,17832078,Uniki_Andrzeja_Dudy.html
2015-05-02;http://www.tvp.info/;Prezydent Niemiec: mozliwe zadoscuczynienie za zbrodnie nazistów popelnione w Grecji;2;http://www.tvp.info.pl/19894567/prezydent-niemiec-mozliwe-zadoscuczynienie-za-zbrodnie-nazistow-popelnione-w-grecji
2015-05-02;http://www.tvp.info/;Sondaz dla „Wiadomosci” TVP1: Komorowski mocno traci, Kukiz zyskuje. Zwyciezca dopiero w II turze;2;http://www.tvp.info.pl/19890140/sondaz-dla-wiadomosci-tvp1-komorowski-mocno-traci-kukiz-zyskuje-zwyciezca-dopiero-w-ii-turze
2015-05-02;http://www.wp.pl;Kukiz, Duda czy Komorowski. Jaka podjac decyzje?;3;http://www.biztok.pl/gospodarka/zus-podatki-i-euro-czyli-gospodarka-oczami-kandydatow-na-prezydenta_s21095
2015-05-02;http://www.wp.pl;wazneKrematorium w Gdyni? Jest decyzja prezydenta;2;http://wiadomosci.wp.pl/kat,1019379,title,Wojciech-Szczurek-nie-zgadza-sie-na-budowe-krematorium-w-Gdyni,wid,17491964,wiadomosc.html
2015-05-02;http://www.wprost.pl/;Duda: Czas, by Polacy mogli żyć godnie i odzyskali szacunek do władzy;2;http://www.wprost.pl/ar/505028/Duda-Czas-by-Polacy-mogli-zyc-godnie-i-odzyskali-szacunek-do-wladzy/
2015-05-02;http://www.wprost.pl/;Komorowski wręczył awanse generalskie.  Awanse istotne dla bezpieczeństwa kraju;2;http://www.wprost.pl/ar/505027/Komorowski-wreczyl-awanse-generalskie-Awanse-istotne-dla-bezpieczenstwa-kraju/
2015-05-02;http://www.wprost.pl/;SLD poza Sejmem? "Ich działania w kampanii ubliżają inteligencji elektoratu";1;http://www.wprost.pl/ar/504488/SLD-poza-Sejmem-Ich-dzialania-w-kampanii-ublizaja-inteligencji-elektoratu/
2015-05-02;http://www.wprost.pl/;Cicha wojna o podatki między Kopacz i Komorowskim;1;http://www.wprost.pl/ar/504571/Cicha-wojna-o-podatki-miedzy-Kopacz-i-Komorowskim/
2015-05-02;http://www.wprost.pl/;Jakich zmian w ordynacji podatkowej chce prezydent;1;http://www.wprost.pl/ar/504570/Jakich-zmian-w-ordynacji-podatkowej-chce-prezydent/
2015-05-02;http://www.newsweek.pl/;Komorowski wciaz traci, Kukiz na fali. Co wynika z sondazy?;4;http://polska.newsweek.pl/poparcie-dla-kandydatow-co-wynika-z-sondazy-prezydenckich-,artykuly,362398,1.html
2015-05-02;http://www.tvn24.pl/;Grecja Å¼Ä<U+0085>da od Niemiec 300 mld euro za zbrodnie nazistÃ³w. Prezydent Gauck: byÄ<U+0087> moÅ¼e;3;http://www.tvn24.pl/joachim-gauck-mozliwe-odszkodowania-za-wojne-dla-grecji,538615,s.html
2015-05-02;http://www.tvn24.pl/;MnÃ³stwo pytaÅ<U+0084> do kandydatÃ³w na prezydenta. MoÅ¼ecie je rÃ³wnieÅ¼ nagrywaÄ<U+0087>;3;http://kontakt24.tvn24.pl/zbliza-sie-czas-decyzji-zadajcie-pytanie-kandydatom-na-prezydenta,242,gt
2015-05-02;http://www.tvn24.pl/;Grecja Å¼Ä<U+0085>da od Niemiec 300 mld euro za zbrodnie nazistÃ³w. Prezydent Gauck: byÄ<U+0087> moÅ¼e;2;http://www.tvn24.pl/grecja-zada-od-niemiec-300-mld-euro-za-zbrodnie-nazistow-prezydent-gauck-byc-moze,538615,s.html
2015-05-02;http://www.tvn24.pl/;Grecja Å¼Ä<U+0085>da od Niemiec 300 mld euro za zbrodnie nazistÃ³w. Prezydent Gauck: byÄ<U+0087> moÅ¼e;1;http://www.tvn24.pl/joachim-gauck-mozliwe-odszkodowania-za-wojne-dla-grecji,538615,s.html
2015-05-02;http://www.tvn24.pl/;MnÃ³stwo pytaÅ<U+0084> do kandydatÃ³w na prezydenta. MoÅ¼ecie je rÃ³wnieÅ¼ nagrywaÄ<U+0087>;1;http://kontakt24.tvn24.pl/zbliza-sie-czas-decyzji-zadajcie-pytanie-kandydatom-na-prezydenta,242,gt
2015-05-02;http://natemat.pl/;Piec spotów Janusza Korwin-Mikkego. Ostrzezenie przed III wojna swiatowa i praca do 75. roku zycia;3;http://natemat.pl/141297,piec-spotow-korwin-mikkego-ostrzezenie-przed-iii-wojna-swiatowa-i-praca-do-75-roku-zycia
2015-05-02;http://natemat.pl/;Komorowski w oredziu:  Klótnie sa Polakom niepotrzebne. Korzystaja wrogowie;3;http://natemat.pl/141293,prezydent-komorowski-w-oredziu-klotnie-sa-polakom-niepotrzebne-tylko-wspolny-cel-gwarancja-sukcesu
2015-05-02;http://natemat.pl/;Jezus mówi:  Glosujcie na Grzegorza Brauna, gdyz on jest wybrany przez samego Boga Ojca;2;http://natemat.pl/141279,jezus-chrystus-kazal-glosowac-na-grzegorza-brauna-on-spowoduje-uhonorowanie-mnie-na-krola-polski-a-ocalejecie-wy-i-swiat
2015-05-02;http://natemat.pl/;Bez Ogórek, bez ludzi, bez nadziei. SLD jest dzis cieniem samego siebie;2;http://natemat.pl/141273,bez-ogorek-bez-ludzi-bez-nadziei-sld-swietuje-wprowadzenie-polski-do-unii-i-przypomina-ze-jest-cieniem-siebie
2015-05-02;http://natemat.pl/;Komorowski traci, Kukiz juz z dwucyfrowym wynikiem;2;http://natemat.pl/141275,zaskakujacy-sondaz-prezydencki-komorowski-traci-kukiz-juz-z-dwucyfrowym-wynikiem
2015-05-02;http://natemat.pl/;Nowy spot Kukiza to plagiat;1;http://natemat.pl/141049,spot-pawla-kukiza-plagiatem-ludzaco-przypomina-polski-teledysk-wydawca-podejmie-kroki-prawne
2015-05-02;http://natemat.pl/;Solidarnosc : Zaden pracownik nie powinien poprzec Komorowskiego;1;http://natemat.pl/141269,solidarnosc-podpisze-umowe-z-andrzejem-duda-zaden-pracownik-nie-powinien-glosowac-na-komorowskiego
2015-05-02;http://natemat.pl/;Ciag dalszy wojny Ogórek i SLD. Kandydatka odmówila udzialu w obchodach 1 maja;1;http://natemat.pl/141247,ciag-dalszy-wojny-ogorek-i-sld-kandydatka-odmowila-udzialu-w-obchodach-1-maja
2015-05-02;http://natemat.pl/;Jerzy Zelnik: Wybory nie sa wiarygodne. Prezydent Komorowski to karierowicz;1;http://natemat.pl/141245,jerzy-zelnik-nie-uwazam-wyborow-za-wiarygodne-prezydent-komorowski-to-karierowicz
2015-05-02;http://natemat.pl/;Komorowski o swoich przeciwnikach: darujmy im, bo nie wiedza, co czynia;1;http://natemat.pl/141231,bronislaw-komorowski-o-swoich-przeciwnikach-odpuscmy-im-bo-nie-wiedza-co-czynia
2015-05-02;http://natemat.pl/;Kazik i Muniek nie ciagna Jarocina? Kukiz tez wpisuje sie w upadek dawnych idealów;1;http://natemat.pl/141047,kazik-i-muniek-nie-ciagna-jarocina-kukiz-ma-pretensje-choc-sam-wpisuje-sie-w-upadek-idealow-jarocina
2015-05-02;http://natemat.pl/;Ogórek zatrzymana na wiecu SLD. Krzyczala  precz z komuna  i rzucala jajkami w Millera;1;http://aszdziennik.pl/114773,magdalena-ogorek-zatrzymana-na-wiecu-sld-krzyczala-precz-z-komuna-i-rzucala-jajkami-w-millera
2015-05-02;http://www.gazeta.pl;Wyborczy sondaż TNS Polska. Komorowski traci 7 pkt. Nieoczekiwany wynik Kukiza;1;http://wiadomosci.gazeta.pl/wiadomosci/1,143907,17846215,Nowy_sondaz_prezydencki__Komorowski_ponizej_40_proc_.html#BoxNewsLink
2015-05-02;http://www.gazeta.pl;Prezydent Niemiec mówi o odszkodowaniu dla Grecji;1;http://wiadomosci.gazeta.pl/wiadomosci/1,114871,17848275,Niemcy__rzad_mowi__nie___a_prezydent_sugeruje_mozliwosc.html#BoxNewsLink
2015-05-02;http://www.dziennik.pl;Kandydat znaleziony na Allegro . Celebryci o wyborach prezydenckich;2;http://rozrywka.dziennik.pl/plotki/galeria/489285,polskie-gwiazdy-mowia-co-mysla-o-kandydatach-na-prezydenta-polski.html
2015-05-02;http://www.dziennik.pl;Wystrzeliło poparcie dla Kukiza. Komorowski poniżej 40 proc.;2;http://wiadomosci.dziennik.pl/wybory-prezydenckie/artykuly/489330,wybory-prezydenckie-komorowski-w-dol-duda-i-kukiz-w-gore-sondaz.html
2015-05-02;http://www.dziennik.pl;Cezary Grabarczyk nie jest już ministrem. Prezydent przyjął jego dymisję;1;http://wiadomosci.dziennik.pl/polityka/artykuly/489306,bronislaw-komorowski-przyjal-dymisje-cezarego-grabarczyka.html
2015-05-02;http://www.dziennik.pl;Cezary Grabarczyk wycofał się z komitetu wyborczego Bronisława Komorowskiego;1;http://wiadomosci.dziennik.pl/polityka/artykuly/489305,cezary-grabarczyk-juz-nie-jest-w-komitecie-wyborczym-bronislawa-komorowskiego.html
2015-05-02;http://www.dziennik.pl;Bronisław Komorowski jeszcze dziś podpisze dymisję Cezarego Grabarczyka;1;http://wiadomosci.dziennik.pl/polityka/artykuly/489271,bronislaw-komorowski-jeszcze-dzis-podpisze-dymisje-cezarego-grabarczyka.html
2015-05-02;http://wyborcza.pl/0,0.html?piano_d=1;Nie chcę być prezydentem sumień Polaków. Prezydent nie jest od rozstrzygania dylematów moralnych;4;http://wyborcza.pl/magazyn/1,144511,17847406,Bronislaw_Komorowski__Prosze_nie_pytac_mnie_o_partie.html#TRwknd
2015-05-02;http://wyborcza.pl/0,0.html?piano_d=1;Prezydent Komorowski wręczył awanse generalskie dla szefów i oficerów służb;3;http://wyborcza.pl/1,75478,17848922,Prezydent_Komorowski_wreczyl_awanse_generalskie_dla.html
2015-05-02;http://wyborcza.pl/0,0.html?piano_d=1;Prezydent podczas obchodów Dnia Flagi RP: O sile obrony państwa decydują także rezerwiści;2;http://wyborcza.pl/1,75478,17849206,Prezydent_podczas_obchodow_Dnia_Flagi_RP__O_sile_obrony.html
2015-05-02;http://wyborcza.pl/0,0.html?piano_d=1;W wyborach nie zagłosują pozbawieni praw publicznych - takich osób jest 160;2;http://wyborcza.pl/1,75478,17849024,W_wyborach_nie_zaglosuja_pozbawieni_praw_publicznych.html
2015-05-02;http://wyborcza.pl/0,0.html?piano_d=1;Duda, Jarubas, Ogórek... Mogli się pokusić chociaż o II ligę;3;http://wyborcza.pl/1,143644,17848211,Uspiona_demokracja.html
2015-05-02;http://wyborcza.pl/0,0.html?piano_d=1;Uniki Andrzeja Dudy;3;http://wyborcza.pl/1,143644,17832078,Uniki_Andrzeja_Dudy.html
2015-05-02;http://www.tvp.info/;„Prosimy o szanse na normalny start”. Polacy z Donbasu pisza do prezydenta;3;http://www.tvp.info/19900467/prosimy-o-szanse-na-normalny-start-polacy-z-donbasu-pisza-do-prezydenta-chca-obywatelstwa
2015-05-02;http://www.wp.pl;Kampania chwytajaca za serce. Z ta choroba dozywa sie srednio 40 lat;3;http://kobieta.wp.pl/kat,65524,title,The-Salty-Girls-Kampania-spoleczna-na-rzecz-kobiet-z-mukowiscydoza,wid,17498913,wiadomosc.html
2015-05-02;http://www.wp.pl;Kukiz, Duda czy Komorowski. Jaka podjac decyzje?;3;http://www.biztok.pl/gospodarka/zus-podatki-i-euro-czyli-gospodarka-oczami-kandydatow-na-prezydenta_s21095
2015-05-02;http://www.wp.pl;1 godz.Kontrowersyjna decyzja niemieckiego prezydenta?;2;http://wiadomosci.wp.pl/kat,1356,title,Niemiecki-prezydent-Joachim-Gauck-zlozy-8-maja-hold-sowieckim-zolnierzom,wid,17504112,wiadomosc.html
2015-05-02;http://www.wp.pl;wazneKrematorium w Gdyni? Jest decyzja prezydenta;2;http://wiadomosci.wp.pl/kat,1019379,title,Wojciech-Szczurek-nie-zgadza-sie-na-budowe-krematorium-w-Gdyni,wid,17491964,wiadomosc.html
2015-05-02;http://www.wp.pl;Kampania chwytajaca za serce. Z ta choroba dozywa sie srednio 40 lat;2;http://kobieta.wp.pl/kat,65524,title,The-Salty-Girls-Kampania-spoleczna-na-rzecz-kobiet-z-mukowiscydoza,wid,17498913,wiadomosc.html
2015-05-02;http://www.wp.pl;Marian Kowalski za obniżeniem progu wyborczego.  Inaczej emocje społeczne znajdą upust na ulicy;1;/kat,140394,title,Marian-Kowalski-za-obnizeniem-progu-wyborczego-Inaczej-emocje-spoleczne-znajda-upust-na-ulicy,wid,17504268,wiadomosc.html
2015-05-02;http://www.wp.pl;Andrzej Duda: Polska potrzebuje odbudowy przemysłu;1;/kat,140394,title,Andrzej-Duda-Polska-potrzebuje-odbudowy-przemyslu,wid,17504269,wiadomosc.html
2015-05-02;http://www.wp.pl;Janusz Palikot: nowoczesny patriotyzm to nie silna armia, ale silna gospodarka i kultura;1;/kat,140394,title,Janusz-Palikot-nowoczesny-patriotyzm-to-nie-silna-armia-ale-silna-gospodarka-i-kultura,wid,17504118,wiadomosc.html
2015-05-02;http://www.wprost.pl/;Komorowski wręczył awanse generalskie.  Awanse istotne dla bezpieczeństwa kraju;3;http://www.wprost.pl/ar/505027/Komorowski-wreczyl-awanse-generalskie-Awanse-istotne-dla-bezpieczenstwa-kraju/
2015-05-02;http://www.wprost.pl/;Komorowski: Polska flaga to symbol trwania wspólnoty narodowej;2;http://www.wprost.pl/ar/505045/Komorowski-Polska-flaga-to-symbol-trwania-wspolnoty-narodowej/
2015-05-02;http://www.wprost.pl/;Duda: Czas, by Polacy mogli żyć godnie i odzyskali szacunek do władzy;2;http://www.wprost.pl/ar/505028/Duda-Czas-by-Polacy-mogli-zyc-godnie-i-odzyskali-szacunek-do-wladzy/
2015-05-02;http://www.wprost.pl/;Komorowski wręczył awanse generalskie.  Awanse istotne dla bezpieczeństwa kraju;2;http://www.wprost.pl/ar/505027/Komorowski-wreczyl-awanse-generalskie-Awanse-istotne-dla-bezpieczenstwa-kraju/
2015-05-02;http://www.wprost.pl/;SLD poza Sejmem? "Ich działania w kampanii ubliżają inteligencji elektoratu";1;http://www.wprost.pl/ar/504488/SLD-poza-Sejmem-Ich-dzialania-w-kampanii-ublizaja-inteligencji-elektoratu/
2015-05-02;http://www.wprost.pl/;Cicha wojna o podatki między Kopacz i Komorowskim;1;http://www.wprost.pl/ar/504571/Cicha-wojna-o-podatki-miedzy-Kopacz-i-Komorowskim/
2015-05-02;http://www.wprost.pl/;Jakich zmian w ordynacji podatkowej chce prezydent;1;http://www.wprost.pl/ar/504570/Jakich-zmian-w-ordynacji-podatkowej-chce-prezydent/
2015-05-02;http://www.onet.pl/;Polacy z Donbasu apeluja do B. Komorowskiego;2;http://wiadomosci.onet.pl/swiat/polacy-z-donbasu-poprosili-prezydenta-komorowskiego-o-obywatelstwo/93zctb
2015-05-02;http://www.onet.pl/;Prezydent Niemiec uczci sowieckich zolnierzy;2;http://wiadomosci.onet.pl/swiat/joachim-gauck-zlozy-8-maja-hold-sowieckim-zolnierzom/g1pr57
2015-05-02;http://www.onet.pl/;Prezydent wreczyl flagi przedstawicielom zasluzonych organizacji;1;http://wiadomosci.onet.pl/warszawa/prezydent-wreczyl-flagi-przedstawicielom-zasluzonych-organizacji/v1ryej
2015-05-02;http://www.newsweek.pl/;Komorowski wciaz traci, Kukiz na fali. Co wynika z sondazy?;4;http://polska.newsweek.pl/poparcie-dla-kandydatow-co-wynika-z-sondazy-prezydenckich-,artykuly,362398,1.html
2015-05-02;http://www.newsweek.pl/;Swiat,Niemcy,zaplaca,Grekom,za,zbrodnie,Prezydent,Niemiec,zasugerowal,mozliwosc,wyplacenia,przez,Niemcy,odszkodowania,za,zbrodnie,popelnione,przez,nazistów,w,Grecji;1;http://swiat.newsweek.pl/niemcy-wyplaca-grecji-odszkodowania-za-zbrodnie-nazistow-,artykuly,362389,1.html
2015-05-02;http://www.newsweek.pl/;Polacy,z,roku,na,rok,pracuja,coraz,wiecej,Z,badan,opublikowanych,przez,GUS,wynika,ze,Polacy,pracuja,dluzej,niz,jeszcze,w,2003,r,Mniej,czasu,poswiecamy,za,to,na,nauke;1;http://polska.newsweek.pl/ile-pracuja-polacy-gus,artykuly,362417,1.html
2015-05-02;http://www.newsweek.pl/;Wiecej;1;
2015-05-02;http://www.tvn24.pl/;Prezydent Niemiec: narody ZSRS naswyzwoliÅ<U+0082>y, naleÅ¼y siÄ<U+0099> im wdziÄ<U+0099>cznoÅ<U+009B>Ä<U+0087> i szacunek;3;http://www.tvn24.pl/gauck-odda-hold-poleglym-zolnierzom-sowieckim,538731,s.html
2015-05-02;http://www.tvn24.pl/;MnÃ³stwo pytaÅ<U+0084> do kandydatÃ³w na prezydenta. MoÅ¼ecie je rÃ³wnieÅ¼ nagrywaÄ<U+0087>;3;http://kontakt24.tvn24.pl/zbliza-sie-czas-decyzji-zadajcie-pytanie-kandydatom-na-prezydenta,242,gt
2015-05-02;http://www.tvn24.pl/;Grecja Å¼Ä<U+0085>da od Niemiec 300 mld euro za zbrodnie nazistÃ³w. Prezydent Gauck: byÄ<U+0087> moÅ¼e;3;http://www.tvn24.pl/joachim-gauck-mozliwe-odszkodowania-za-wojne-dla-grecji,538615,s.html
2015-05-02;http://www.tvn24.pl/;Prezydent Niemiec: narody ZSRS nas   wyzwoliÅ<U+0082>y, naleÅ¼y siÄ<U+0099> im wdziÄ<U+0099>cznoÅ<U+009B>Ä<U+0087> i szacunek;2;http://www.tvn24.pl/prezydent-niemiec-narody-zsrs-nas-wyzwolily-nalezy-sie-im-wdziecznosc-i-szacunek,538731,s.html
2015-05-02;http://www.tvn24.pl/;Grecja Å¼Ä<U+0085>da od Niemiec 300 mld euro za zbrodnie nazistÃ³w. Prezydent Gauck: byÄ<U+0087> moÅ¼e;2;http://www.tvn24.pl/grecja-zada-od-niemiec-300-mld-euro-za-zbrodnie-nazistow-prezydent-gauck-byc-moze,538615,s.html
2015-05-02;http://www.tvn24.pl/;MnÃ³stwo pytaÅ<U+0084> do kandydatÃ³w na prezydenta. MoÅ¼ecie je rÃ³wnieÅ¼ nagrywaÄ<U+0087>;1;http://kontakt24.tvn24.pl/zbliza-sie-czas-decyzji-zadajcie-pytanie-kandydatom-na-prezydenta,242,gt
2015-05-02;http://www.tvn24.pl/;Grecja Å¼Ä<U+0085>da od Niemiec 300 mld euro za zbrodnie nazistÃ³w. Prezydent Gauck: byÄ<U+0087> moÅ¼e;1;http://www.tvn24.pl/joachim-gauck-mozliwe-odszkodowania-za-wojne-dla-grecji,538615,s.html
2015-05-02;http://natemat.pl/;Duda prowadzi kampanie w kosciele. A jego sztab sam chwali sie tym w internecie;3;http://natemat.pl/141315,andrzej-duda-prowadzi-kampanie-wyborcza-w-kosciele-a-jego-sztab-sam-chwali-sie-tym-w-internecie
2015-05-02;http://natemat.pl/;Kogo Kukiz poprze w drugiej turze? Jego wyborcy zdecyduja... w glosowaniu na Facebooku;3;http://natemat.pl/141317,wyborcy-kukiza-w-internetowym-glosowaniu-zdecyduja-komu-przekazac-poparcie-przed-druga-tura-namiastka-referendum
2015-05-02;http://natemat.pl/;Byly posel Ruchu Palikota opisal partyjne kulisy.  Nagrywali kolegów i zanosili tasmy Palikotowi;3;http://natemat.pl/141311,byly-posel-ruchu-palikota-opisuje-kulisy-dzialania-partii-grupka-poslow-nagrywala-kolegow-i-zanosila-tasmy-palikotowi
2015-05-02;http://natemat.pl/;Komorowski kpi z Tuska: On tez wybral zyrandol, tyle ze europejski;3;http://natemat.pl/141309,bronislaw-komorowski-kpi-z-donalda-tuska-on-tez-wybral-zyrandol-tyle-ze-europejski
2015-05-02;http://natemat.pl/;Prezydent w oredziu: Klótnie sa Polakom niepotrzebne;3;http://natemat.pl/141293,prezydent-komorowski-w-oredziu-klotnie-sa-polakom-niepotrzebne-tylko-wspolny-cel-gwarancja-sukcesu
2015-05-02;http://natemat.pl/;Piec spotów Korwin-Mikkego. Ostrzezenie przed III wojna swiatowa i praca do 75. roku zycia;2;http://natemat.pl/141297,piec-spotow-korwin-mikkego-ostrzezenie-przed-iii-wojna-swiatowa-i-praca-do-75-roku-zycia
2015-05-02;http://natemat.pl/;Jezus mówi:  Glosujcie na Grzegorza Brauna, gdyz on jest wybrany przez samego Boga Ojca;1;http://natemat.pl/141279,jezus-chrystus-kazal-glosowac-na-grzegorza-brauna-on-spowoduje-uhonorowanie-mnie-na-krola-polski-a-ocalejecie-wy-i-swiat
2015-05-02;http://natemat.pl/;Niemcy jednak wyplaca reparacje wojenne? Wazna deklaracja prezydenta;1;http://natemat.pl/141301,joachim-gauck-bierze-pod-uwage-wyplacanie-reparacji-wojennych-wazna-deklaracja-niemieckiego-prezydenta
2015-05-02;http://natemat.pl/;Bez Ogórek, bez ludzi, bez nadziei. SLD jest dzis cieniem samego siebie;1;http://natemat.pl/141273,bez-ogorek-bez-ludzi-bez-nadziei-sld-swietuje-wprowadzenie-polski-do-unii-i-przypomina-ze-jest-cieniem-siebie
2015-05-02;http://natemat.pl/;Komorowski traci, Kukiz juz z dwucyfrowym wynikiem;1;http://natemat.pl/141275,zaskakujacy-sondaz-prezydencki-komorowski-traci-kukiz-juz-z-dwucyfrowym-wynikiem
2015-05-02;http://natemat.pl/;Nowy spot Kukiza to plagiat;1;http://natemat.pl/141049,spot-pawla-kukiza-plagiatem-ludzaco-przypomina-polski-teledysk-wydawca-podejmie-kroki-prawne
2015-05-02;http://natemat.pl/;Solidarnosc : Zaden pracownik nie powinien poprzec Komorowskiego;1;http://natemat.pl/141269,solidarnosc-podpisze-umowe-z-andrzejem-duda-zaden-pracownik-nie-powinien-glosowac-na-komorowskiego
2015-05-02;http://natemat.pl/;Ciag dalszy wojny Ogórek i SLD. Kandydatka odmówila udzialu w obchodach 1 maja;1;http://natemat.pl/141247,ciag-dalszy-wojny-ogorek-i-sld-kandydatka-odmowila-udzialu-w-obchodach-1-maja
2015-05-02;http://natemat.pl/;Jerzy Zelnik: Wybory nie sa wiarygodne. Prezydent Komorowski to karierowicz;1;http://natemat.pl/141245,jerzy-zelnik-nie-uwazam-wyborow-za-wiarygodne-prezydent-komorowski-to-karierowicz
2015-05-02;http://natemat.pl/;Komorowski o swoich przeciwnikach: darujmy im, bo nie wiedza, co czynia;1;http://natemat.pl/141231,bronislaw-komorowski-o-swoich-przeciwnikach-odpuscmy-im-bo-nie-wiedza-co-czynia
2015-05-02;http://natemat.pl/;Kazik i Muniek nie ciagna Jarocina? Kukiz tez wpisuje sie w upadek dawnych idealów;1;http://natemat.pl/141047,kazik-i-muniek-nie-ciagna-jarocina-kukiz-ma-pretensje-choc-sam-wpisuje-sie-w-upadek-idealow-jarocina
2015-05-02;http://natemat.pl/;Ogórek zatrzymana na wiecu SLD. Krzyczala  precz z komuna  i rzucala jajkami w Millera;1;http://aszdziennik.pl/114773,magdalena-ogorek-zatrzymana-na-wiecu-sld-krzyczala-precz-z-komuna-i-rzucala-jajkami-w-millera
2015-05-02;http://www.gazeta.pl;Prezydent Niemiec złoży hołd sowieckim żołnierzom;1;http://wiadomosci.gazeta.pl/wiadomosci/1,114871,17849636,Prezydent_Niemiec_zlozy_8_maja_hold_sowieckim_zolnierzom_.html#BoxNewsLink
2015-05-02;http://www.gazeta.pl;Sondaż: Komorowski traci. Nieoczekiwany wynik Kukiza;1;http://wiadomosci.gazeta.pl/wiadomosci/1,143907,17846215,Nowy_sondaz_prezydencki__Komorowski_ponizej_40_proc_.html#BoxNewsLink
2015-05-02;http://www.dziennik.pl;Kandydat znaleziony na Allegro . Celebryci o wyborach prezydenckich;2;http://rozrywka.dziennik.pl/plotki/galeria/489285,polskie-gwiazdy-mowia-co-mysla-o-kandydatach-na-prezydenta-polski.html
2015-05-02;http://www.dziennik.pl;Polacy z Donbasu apelują do prezydenta. Chcą obywatelstwa;2;http://wiadomosci.dziennik.pl/wydarzenia/artykuly/489365,polacy-z-donbasu-apeluja-do-prezydenta-o-polskie-obywatelstwo.html
2015-05-02;http://www.dziennik.pl;Wystrzeliło poparcie dla Kukiza. Komorowski poniżej 40 proc.;2;http://wiadomosci.dziennik.pl/wybory-prezydenckie/artykuly/489330,wybory-prezydenckie-komorowski-w-dol-duda-i-kukiz-w-gore-sondaz.html
2015-05-02;http://www.dziennik.pl;Cezary Grabarczyk nie jest już ministrem. Prezydent przyjął jego dymisję;1;http://wiadomosci.dziennik.pl/polityka/artykuly/489306,bronislaw-komorowski-przyjal-dymisje-cezarego-grabarczyka.html
2015-05-02;http://www.dziennik.pl;Cezary Grabarczyk wycofał się z komitetu wyborczego Bronisława Komorowskiego;1;http://wiadomosci.dziennik.pl/polityka/artykuly/489305,cezary-grabarczyk-juz-nie-jest-w-komitecie-wyborczym-bronislawa-komorowskiego.html
2015-05-02;http://www.dziennik.pl;Bronisław Komorowski jeszcze dziś podpisze dymisję Cezarego Grabarczyka;1;http://wiadomosci.dziennik.pl/polityka/artykuly/489271,bronislaw-komorowski-jeszcze-dzis-podpisze-dymisje-cezarego-grabarczyka.html
2015-05-02;http://wyborcza.pl/0,0.html?piano_d=1;Nie chcę być prezydentem sumień Polaków. Prezydent nie jest od rozstrzygania dylematów moralnych;4;http://wyborcza.pl/magazyn/1,144511,17847406,Bronislaw_Komorowski__Prosze_nie_pytac_mnie_o_partie.html#TRwknd
2015-05-02;http://wyborcza.pl/0,0.html?piano_d=1;Prezydent Komorowski wręczył awanse generalskie dla szefów i oficerów służb;3;http://wyborcza.pl/1,75478,17848922,Prezydent_Komorowski_wreczyl_awanse_generalskie_dla.html
2015-05-02;http://wyborcza.pl/0,0.html?piano_d=1;Duda, Jarubas, Ogórek... Mogli się pokusić chociaż o II ligę;3;http://wyborcza.pl/1,143644,17848211,Uspiona_demokracja.html
2015-05-02;http://wyborcza.pl/0,0.html?piano_d=1;Uniki Andrzeja Dudy;3;http://wyborcza.pl/1,143644,17832078,Uniki_Andrzeja_Dudy.html
2015-05-02;http://www.tvp.info/;„Prosimy o szanse na normalny start”. Polacy z Donbasu pisza do prezydenta;2;http://www.tvp.info.pl/19900467/prosimy-o-szanse-na-normalny-start-polacy-z-donbasu-pisza-do-prezydenta-chca-obywatelstwa
2015-05-02;http://www.wp.pl;Kampania chwytajaca za serce. Z ta choroba dozywa sie srednio 40 lat;3;http://kobieta.wp.pl/kat,65524,title,The-Salty-Girls-Kampania-spoleczna-na-rzecz-kobiet-z-mukowiscydoza,wid,17498913,wiadomosc.html
2015-05-02;http://www.wp.pl;Kukiz, Duda czy Komorowski. Jaka podjac decyzje?;3;http://www.biztok.pl/gospodarka/zus-podatki-i-euro-czyli-gospodarka-oczami-kandydatow-na-prezydenta_s21095
2015-05-02;http://www.wp.pl;1 godz.Kontrowersyjna decyzja niemieckiego prezydenta?;2;http://wiadomosci.wp.pl/kat,1356,title,Niemiecki-prezydent-Joachim-Gauck-zlozy-8-maja-hold-sowieckim-zolnierzom,wid,17504112,wiadomosc.html
2015-05-02;http://www.wp.pl;wazneKrematorium w Gdyni? Jest decyzja prezydenta;2;http://wiadomosci.wp.pl/kat,1019379,title,Wojciech-Szczurek-nie-zgadza-sie-na-budowe-krematorium-w-Gdyni,wid,17491964,wiadomosc.html
2015-05-02;http://www.wp.pl;Kampania chwytajaca za serce. Z ta choroba dozywa sie srednio 40 lat;2;http://kobieta.wp.pl/kat,65524,title,The-Salty-Girls-Kampania-spoleczna-na-rzecz-kobiet-z-mukowiscydoza,wid,17498913,wiadomosc.html
2015-05-02;http://www.wp.pl;Marian Kowalski za obniżeniem progu wyborczego.  Inaczej emocje społeczne znajdą upust na ulicy;1;/kat,140394,title,Marian-Kowalski-za-obnizeniem-progu-wyborczego-Inaczej-emocje-spoleczne-znajda-upust-na-ulicy,wid,17504268,wiadomosc.html
2015-05-02;http://www.wp.pl;Andrzej Duda: Polska potrzebuje odbudowy przemysłu;1;/kat,140394,title,Andrzej-Duda-Polska-potrzebuje-odbudowy-przemyslu,wid,17504269,wiadomosc.html
2015-05-02;http://www.wp.pl;Janusz Palikot: nowoczesny patriotyzm to nie silna armia, ale silna gospodarka i kultura;1;/kat,140394,title,Janusz-Palikot-nowoczesny-patriotyzm-to-nie-silna-armia-ale-silna-gospodarka-i-kultura,wid,17504118,wiadomosc.html
2015-05-02;http://www.wprost.pl/;Duda: Musimy odbudować przemysł;2;http://www.wprost.pl/ar/505049/Duda-Musimy-odbudowac-przemysl/
2015-05-02;http://www.wprost.pl/;Komorowski: Polska flaga to symbol trwania wspólnoty narodowej;2;http://www.wprost.pl/ar/505045/Komorowski-Polska-flaga-to-symbol-trwania-wspolnoty-narodowej/
2015-05-02;http://www.wprost.pl/;Duda: Czas, by Polacy mogli żyć godnie i odzyskali szacunek do władzy;2;http://www.wprost.pl/ar/505028/Duda-Czas-by-Polacy-mogli-zyc-godnie-i-odzyskali-szacunek-do-wladzy/
2015-05-02;http://www.wprost.pl/;Komorowski wręczył awanse generalskie.  Awanse istotne dla bezpieczeństwa kraju;2;http://www.wprost.pl/ar/505027/Komorowski-wreczyl-awanse-generalskie-Awanse-istotne-dla-bezpieczenstwa-kraju/
2015-05-02;http://www.wprost.pl/;SLD poza Sejmem? "Ich działania w kampanii ubliżają inteligencji elektoratu";1;http://www.wprost.pl/ar/504488/SLD-poza-Sejmem-Ich-dzialania-w-kampanii-ublizaja-inteligencji-elektoratu/
2015-05-02;http://www.wprost.pl/;Cicha wojna o podatki między Kopacz i Komorowskim;1;http://www.wprost.pl/ar/504571/Cicha-wojna-o-podatki-miedzy-Kopacz-i-Komorowskim/
2015-05-02;http://www.wprost.pl/;Jakich zmian w ordynacji podatkowej chce prezydent;1;http://www.wprost.pl/ar/504570/Jakich-zmian-w-ordynacji-podatkowej-chce-prezydent/
2015-05-02;http://www.onet.pl/;Prezydent wreczyl flagi przedstawicielom zasluzonych organizacji;1;http://wiadomosci.onet.pl/warszawa/prezydent-wreczyl-flagi-przedstawicielom-zasluzonych-organizacji/v1ryej
2015-05-02;http://www.newsweek.pl/;Komorowski wciaz traci, Kukiz na fali. Co wynika z sondazy?;4;http://polska.newsweek.pl/poparcie-dla-kandydatow-co-wynika-z-sondazy-prezydenckich-,artykuly,362398,1.html
2015-05-02;http://www.newsweek.pl/;Swiat,Niemcy,zaplaca,Grekom,za,zbrodnie,Prezydent,Niemiec,zasugerowal,mozliwosc,wyplacenia,przez,Niemcy,odszkodowania,za,zbrodnie,popelnione,przez,nazistów,w,Grecji;1;http://swiat.newsweek.pl/niemcy-wyplaca-grecji-odszkodowania-za-zbrodnie-nazistow-,artykuly,362389,1.html
2015-05-02;http://www.newsweek.pl/;Trzesienie,ziemi,w,Nepalu,1000,obywateli,UE,zaginionych,Dwunastu,obywateli,panstw,UE,zginelo,w,wyniku,trzesienia,ziemi,w,Nepalu,a,ok,1000,uznaje,sie,za,zaginionych,poinformowala,ambasador,UE,w,tym,kraju,Rensje,Teerink;1;http://swiat.newsweek.pl/trzesienie-ziemi-w-nepalu-ponad-1000-zaginionych-europejczykow,artykuly,362380,1.html
2015-05-02;http://www.newsweek.pl/;Wiecej;1;
2015-05-02;http://www.tvn24.pl/;Ankieta jak debata. Wszystko, co chcielibyscie wiedziec o pogladach kandydatów na prezydenta;4;http://fakty.tvn24.pl/r/ankieta-jak-debata-czyli-wszystko-co-chcielibyscie-wiedziec-o-pogladach-kandydatow-na-prezydenta,538295.html
2015-05-02;http://www.tvn24.pl/;Prezydent Niemiec: narody ZSRS naswyzwoliÅ<U+0082>y, naleÅ¼y siÄ<U+0099> im wdziÄ<U+0099>cznoÅ<U+009B>Ä<U+0087> i szacunek;3;http://www.tvn24.pl/gauck-odda-hold-poleglym-zolnierzom-sowieckim,538731,s.html
2015-05-02;http://www.tvn24.pl/;odtwÃ³rz: Prezydent Niemiec: narody ZSRS nas   wyzwoliÅ<U+0082>y, naleÅ¼y siÄ<U+0099> im wdziÄ<U+0099>cznoÅ<U+009B>Ä<U+0087> i szacunek;3;http://www.tvn24.pl/gauck-odda-hold-poleglym-zolnierzom-sowieckim,538731,s.html#autoplay
2015-05-02;http://www.tvn24.pl/;Prezydent nad Zalewem ZegrzyÅ<U+0084>skim, premierw Radomiu;3;http://www.tvn24.pl/majowka-prezydenta-nad-zegrzem-premier-w-radomiu,538754,s.html
2015-05-02;http://www.tvn24.pl/;odtwÃ³rz: Prezydent nad Zalewem ZegrzyÅ<U+0084>skim, premier   w Radomiu;3;http://www.tvn24.pl/majowka-prezydenta-nad-zegrzem-premier-w-radomiu,538754,s.html#autoplay
2015-05-02;http://www.tvn24.pl/;Kukiz i Korwin-Mikke przekonujÄ<U+0085>, dlaczego kobiety powinny na nich gÅ<U+0082>osowaÄ<U+0087>;3;http://www.tvn24.pl/dlaczego-panie-powinny-na-glosowac-na-kukiza-i-korwin-mikkego,538752,s.html
2015-05-02;http://www.tvn24.pl/;Odtwórz: Kukiz i Korwin-Mikke przekonujÄ<U+0085>, dlaczego kobiety powinny na nich gÅ<U+0082>osowaÄ<U+0087>;3;http://www.tvn24.pl/dlaczego-panie-powinny-na-glosowac-na-kukiza-i-korwin-mikkego,538752,s.html#autoplay
2015-05-02;http://www.tvn24.pl/;MnÃ³stwo pytaÅ<U+0084> do kandydatÃ³w na prezydenta. MoÅ¼ecie je rÃ³wnieÅ¼ nagrywaÄ<U+0087>;3;http://kontakt24.tvn24.pl/zbliza-sie-czas-decyzji-zadajcie-pytanie-kandydatom-na-prezydenta,242,gt
2015-05-02;http://www.tvn24.pl/;MiÅ<U+0082>ej majÃ³wki z PolskÄ<U+0085> . Prezydent nad Zalewem ZegrzyÅ<U+0084>skim, premier w Radomiu;2;http://www.tvn24.pl/wiadomosci-z-kraju,3/milej-majowki-z-polska-prezydent-nad-zalewem-zegrzynskim-premier-w-radomiu,538754.html
2015-05-02;http://www.tvn24.pl/;Kukiz i Korwin-Mikke przekonujÄ<U+0085>, dlaczego kobiety powinny na nich gÅ<U+0082>osowaÄ<U+0087>;2;http://www.tvn24.pl/wiadomosci-z-kraju,3/kukiz-i-korwin-mikke-przekonuja-dlaczego-kobiety-powinny-na-nich-glosowac,538752.html
2015-05-02;http://www.tvn24.pl/;Ankieta jak debata, czyli wszystko, co chcielibyÅ<U+009B>cie wiedzieÄ<U+0087> o poglÄ<U+0085>dach kandydatÃ³w na prezydenta;2;http://fakty.tvn24.pl/r/ankieta-jak-debata-czyli-wszystko-co-chcielibyscie-wiedziec-o-pogladach-kandydatow-na-prezydenta,538295.html
2015-05-02;http://www.tvn24.pl/;Prezydent Niemiec: narody ZSRS nas   wyzwoliÅ<U+0082>y, naleÅ¼y siÄ<U+0099> im wdziÄ<U+0099>cznoÅ<U+009B>Ä<U+0087> i szacunek;2;http://www.tvn24.pl/prezydent-niemiec-narody-zsrs-nas-wyzwolily-nalezy-sie-im-wdziecznosc-i-szacunek,538731,s.html
2015-05-02;http://www.tvn24.pl/;Prezydent nad Zalewem ZegrzyÅ<U+0084>skim, premier   w Radomiu;2;http://www.tvn24.pl/prezydent-nad-zalewem-zegrzynskim-premier-w-radomiu,538754,s.html
2015-05-02;http://www.tvn24.pl/;Kukiz i Korwin-Mikke przekonujÄ<U+0085>, dlaczego kobiety powinny na nich gÅ<U+0082>osowaÄ<U+0087>;2;http://www.tvn24.pl/kukiz-i-korwin-mikke-przekonuja-dlaczego-kobiety-powinny-na-nich-glosowac,538752,s.html
2015-05-02;http://www.tvn24.pl/;Prezydent Niemiec: narody ZSRS naswyzwoliÅ<U+0082>y, naleÅ¼y siÄ<U+0099> im wdziÄ<U+0099>cznoÅ<U+009B>Ä<U+0087> i szacunek;1;http://www.tvn24.pl/gauck-odda-hold-poleglym-zolnierzom-sowieckim,538731,s.html
2015-05-02;http://www.tvn24.pl/;odtwÃ³rz: Prezydent Niemiec: narody ZSRS nas   wyzwoliÅ<U+0082>y, naleÅ¼y siÄ<U+0099> im wdziÄ<U+0099>cznoÅ<U+009B>Ä<U+0087> i szacunek;1;http://www.tvn24.pl/gauck-odda-hold-poleglym-zolnierzom-sowieckim,538731,s.html#autoplay
2015-05-02;http://www.tvn24.pl/;Prezydent nad Zalewem ZegrzyÅ<U+0084>skim, premierw Radomiu;1;http://www.tvn24.pl/majowka-prezydenta-nad-zegrzem-premier-w-radomiu,538754,s.html
2015-05-02;http://www.tvn24.pl/;odtwÃ³rz: Prezydent nad Zalewem ZegrzyÅ<U+0084>skim, premier   w Radomiu;1;http://www.tvn24.pl/majowka-prezydenta-nad-zegrzem-premier-w-radomiu,538754,s.html#autoplay
2015-05-02;http://www.tvn24.pl/;Kukiz i Korwin-Mikke przekonujÄ<U+0085>, dlaczego kobiety powinny na nich gÅ<U+0082>osowaÄ<U+0087>;1;http://www.tvn24.pl/dlaczego-panie-powinny-na-glosowac-na-kukiza-i-korwin-mikkego,538752,s.html
2015-05-02;http://www.tvn24.pl/;Odtwórz: Kukiz i Korwin-Mikke przekonujÄ<U+0085>, dlaczego kobiety powinny na nich gÅ<U+0082>osowaÄ<U+0087>;1;http://www.tvn24.pl/dlaczego-panie-powinny-na-glosowac-na-kukiza-i-korwin-mikkego,538752,s.html#autoplay
2015-05-02;http://www.tvn24.pl/;MnÃ³stwo pytaÅ<U+0084> do kandydatÃ³w na prezydenta. MoÅ¼ecie je rÃ³wnieÅ¼ nagrywaÄ<U+0087>;1;http://kontakt24.tvn24.pl/zbliza-sie-czas-decyzji-zadajcie-pytanie-kandydatom-na-prezydenta,242,gt
2015-05-02;http://natemat.pl/;Andrzej Saramonowicz;4;http://andrzejsaramonowicz.natemat.pl/
2015-05-02;http://natemat.pl/;Duda prowadzi kampanie w kosciele. A jego sztab sam chwali sie tym w internecie;3;http://natemat.pl/141315,andrzej-duda-prowadzi-kampanie-wyborcza-w-kosciele-a-jego-sztab-sam-chwali-sie-tym-w-internecie
2015-05-02;http://natemat.pl/;Byly posel Palikota opisal kulisy partii.  Nagrywali kolegów i zanosili tasmy Palikotowi;3;http://natemat.pl/141311,byly-posel-ruchu-palikota-opisuje-kulisy-dzialania-partii-grupka-poslow-nagrywala-kolegow-i-zanosila-tasmy-palikotowi
2015-05-02;http://natemat.pl/;Kogo Kukiz poprze w drugiej turze? Jego wyborcy zdecyduja... w glosowaniu na Facebooku;3;http://natemat.pl/141317,wyborcy-kukiza-w-internetowym-glosowaniu-zdecyduja-komu-przekazac-poparcie-przed-druga-tura-namiastka-referendum
2015-05-02;http://natemat.pl/;Komorowski kpi z Tuska: On tez wybral zyrandol, tyle ze europejski;2;http://natemat.pl/141309,bronislaw-komorowski-kpi-z-donalda-tuska-on-tez-wybral-zyrandol-tyle-ze-europejski
2015-05-02;http://natemat.pl/;Prezydent w oredziu: Klótnie sa Polakom niepotrzebne;2;http://natemat.pl/141293,prezydent-komorowski-w-oredziu-klotnie-sa-polakom-niepotrzebne-tylko-wspolny-cel-gwarancja-sukcesu
2015-05-02;http://natemat.pl/;Jezus mówi:  Glosujcie na Grzegorza Brauna, gdyz on jest wybrany przez samego Boga Ojca;1;http://natemat.pl/141279,jezus-chrystus-kazal-glosowac-na-grzegorza-brauna-on-spowoduje-uhonorowanie-mnie-na-krola-polski-a-ocalejecie-wy-i-swiat
2015-05-02;http://natemat.pl/;Piec spotów Korwin-Mikkego. Ostrzezenie przed III wojna swiatowa i praca do 75. roku zycia;1;http://natemat.pl/141297,piec-spotow-korwin-mikkego-ostrzezenie-przed-iii-wojna-swiatowa-i-praca-do-75-roku-zycia
2015-05-02;http://natemat.pl/;Bez Ogórek, bez ludzi, bez nadziei. SLD jest dzis cieniem samego siebie;1;http://natemat.pl/141273,bez-ogorek-bez-ludzi-bez-nadziei-sld-swietuje-wprowadzenie-polski-do-unii-i-przypomina-ze-jest-cieniem-siebie
2015-05-02;http://natemat.pl/;Solidarnosc : Zaden pracownik nie powinien poprzec Komorowskiego;1;http://natemat.pl/141269,solidarnosc-podpisze-umowe-z-andrzejem-duda-zaden-pracownik-nie-powinien-glosowac-na-komorowskiego
2015-05-02;http://natemat.pl/;Jerzy Zelnik: Wybory nie sa wiarygodne. Prezydent Komorowski to karierowicz;1;http://natemat.pl/141245,jerzy-zelnik-nie-uwazam-wyborow-za-wiarygodne-prezydent-komorowski-to-karierowicz
2015-05-02;http://natemat.pl/;Komorowski traci, Kukiz juz z dwucyfrowym wynikiem;1;http://natemat.pl/141275,zaskakujacy-sondaz-prezydencki-komorowski-traci-kukiz-juz-z-dwucyfrowym-wynikiem
2015-05-02;http://natemat.pl/;Nowy spot Kukiza to plagiat;1;http://natemat.pl/141049,spot-pawla-kukiza-plagiatem-ludzaco-przypomina-polski-teledysk-wydawca-podejmie-kroki-prawne
2015-05-02;http://natemat.pl/;Niemcy jednak wyplaca reparacje wojenne? Wazna deklaracja prezydenta;1;http://natemat.pl/141301,joachim-gauck-bierze-pod-uwage-wyplacanie-reparacji-wojennych-wazna-deklaracja-niemieckiego-prezydenta
2015-05-02;http://natemat.pl/;Ciag dalszy wojny Ogórek i SLD. Kandydatka odmówila udzialu w obchodach 1 maja;1;http://natemat.pl/141247,ciag-dalszy-wojny-ogorek-i-sld-kandydatka-odmowila-udzialu-w-obchodach-1-maja
2015-05-02;http://natemat.pl/;Komorowski o swoich przeciwnikach: darujmy im, bo nie wiedza, co czynia;1;http://natemat.pl/141231,bronislaw-komorowski-o-swoich-przeciwnikach-odpuscmy-im-bo-nie-wiedza-co-czynia
2015-05-02;http://natemat.pl/;Kazik i Muniek nie ciagna Jarocina? Kukiz tez wpisuje sie w upadek dawnych idealów;1;http://natemat.pl/141047,kazik-i-muniek-nie-ciagna-jarocina-kukiz-ma-pretensje-choc-sam-wpisuje-sie-w-upadek-idealow-jarocina
2015-05-02;http://natemat.pl/;Ogórek zatrzymana na wiecu SLD. Krzyczala  precz z komuna  i rzucala jajkami w Millera;1;http://aszdziennik.pl/114773,magdalena-ogorek-zatrzymana-na-wiecu-sld-krzyczala-precz-z-komuna-i-rzucala-jajkami-w-millera
2015-05-02;http://www.gazeta.pl;Duda poszedł pod pomnik Kaczyńskich i...  Wstyd! Widać, jaki ta władza ma stosunek do Polski;2;http://wiadomosci.gazeta.pl/wiadomosci/1,138764,17847408,Przed_pomnikiem_bylo_morze_tulipanow__sa_chwasty.html#BoxNewsImg
2015-05-02;http://www.gazeta.pl;Prezydent Niemiec złoży hołd sowieckim żołnierzom;1;http://wiadomosci.gazeta.pl/wiadomosci/1,114871,17849636,Prezydent_Niemiec_zlozy_8_maja_hold_sowieckim_zolnierzom_.html#BoxNewsLink
2015-05-02;http://www.gazeta.pl;Sondaż: Komorowski traci. Nieoczekiwany wynik Kukiza;1;http://wiadomosci.gazeta.pl/wiadomosci/1,143907,17846215,Nowy_sondaz_prezydencki__Komorowski_ponizej_40_proc_.html#BoxNewsLink
2015-05-02;http://www.gazeta.pl;Duda broni skazanego Kamińskiego:  Służył państwu;1;http://wiadomosci.gazeta.pl/wiadomosci/1,138764,17850886,Andrzej_Duda__Polska_ziemia_ma_pozostac_w_polskich.html#BoxNewsLink
2015-05-02;http://www.dziennik.pl;Duda chce pomagać, nawet w niedozwolony sposób;3;http://wiadomosci.dziennik.pl/wybory-prezydenckie/artykuly/489371,andrzej-duda-chce-pomagac-za-wszelka-cene-nawet-w-niedozwolony-sposob.html
2015-05-02;http://www.dziennik.pl;Kandydat znaleziony na Allegro . Celebryci o wyborach prezydenckich;2;http://rozrywka.dziennik.pl/plotki/galeria/489285,polskie-gwiazdy-mowia-co-mysla-o-kandydatach-na-prezydenta-polski.html
2015-05-02;http://www.dziennik.pl;Polacy z Donbasu apelują do prezydenta. Chcą obywatelstwa;2;http://wiadomosci.dziennik.pl/wydarzenia/artykuly/489365,polacy-z-donbasu-apeluja-do-prezydenta-o-polskie-obywatelstwo.html
2015-05-02;http://www.dziennik.pl;Cezary Grabarczyk nie jest już ministrem. Prezydent przyjął jego dymisję;1;http://wiadomosci.dziennik.pl/polityka/artykuly/489306,bronislaw-komorowski-przyjal-dymisje-cezarego-grabarczyka.html
2015-05-02;http://www.dziennik.pl;Cezary Grabarczyk wycofał się z komitetu wyborczego Bronisława Komorowskiego;1;http://wiadomosci.dziennik.pl/polityka/artykuly/489305,cezary-grabarczyk-juz-nie-jest-w-komitecie-wyborczym-bronislawa-komorowskiego.html
2015-05-02;http://www.dziennik.pl;Bronisław Komorowski jeszcze dziś podpisze dymisję Cezarego Grabarczyka;1;http://wiadomosci.dziennik.pl/polityka/artykuly/489271,bronislaw-komorowski-jeszcze-dzis-podpisze-dymisje-cezarego-grabarczyka.html
2015-05-02;http://wyborcza.pl/0,0.html?piano_d=1;Nie chcę być prezydentem sumień Polaków. Prezydent nie jest od rozstrzygania dylematów moralnych;4;http://wyborcza.pl/magazyn/1,144511,17847406,Bronislaw_Komorowski__Prosze_nie_pytac_mnie_o_partie.html#TRwknd
2015-05-02;http://wyborcza.pl/0,0.html?piano_d=1;Prezydent podczas obchodów Dnia Flagi: Żyjemy w niespokojnych czasach;3;http://wyborcza.pl/1,75478,17849206,Prezydent_podczas_obchodow_Dnia_Flagi_RP__O_sile_obrony.html
2015-05-02;http://wyborcza.pl/0,0.html?piano_d=1;Duda, Jarubas, Ogórek... Mogli się pokusić chociaż o II ligę;3;http://wyborcza.pl/1,143644,17848211,Uspiona_demokracja.html
2015-05-02;http://wyborcza.pl/0,0.html?piano_d=1;Uniki Andrzeja Dudy;3;http://wyborcza.pl/1,143644,17832078,Uniki_Andrzeja_Dudy.html
