"date";"portal";"title";"position";"link"
2015-04-25;http://www.tvp.info/;Prezydent Bronislaw Komorowski: zegnamy czlowieka wielkiego formatu;3;http://www.tvp.info/19798256/prezydent-zegnamy-czlowieka-wielkiego-formatu
2015-04-25;http://www.tvp.info/;Tylko u nas   Palikot: sprawa Nocnych Wilków jest dziecinna. „Mam nadzieje, ze decyzja MSZ bedzie skuteczna”;2;http://www.tvp.info.pl/19797207/palikot-sprawa-nocnych-wilkow-jest-dziecinna-mam-nadzieje-ze-decyzja-msz-bedzie-skuteczna
2015-04-25;http://www.tvp.info/;CBOS: przewaga Bronislawa Komorowskiego topnieje. Andrzej Duda rosnie w sile. Pawel Kukiz na podium;2;http://www.tvp.info.pl/19793281/cbos-przewaga-bronislawa-komorowskiego-topnieje-andrzej-duda-rosnie-w-sile
2015-04-25;http://www.tvp.info/;Nowe spoty kandydatów. Dude chwali zona, Korwin-Mikke chce zagonic Kopacz do roboty;2;http://www.tvp.info.pl/19793433/nowe-spoty-kandydatow-dude-chwali-zona-korwinmikke-chce-zagonic-kopacz-do-roboty
2015-04-25;http://www.wp.pl;wazneKorwin-Mikke: jesli oni wygraja, mamy III wojne;2;http://wiadomosci.wp.pl/kat,140394,title,Korwin-Mikke-po-wystapieniu-Schetyny-krytykuje-min-polityke-wschodnia,wid,17478355,wiadomosc.html
2015-04-25;http://www.wp.pl;wazneNie wszyscy chca prezydenta na Podhalu;2;http://wiadomosci.wp.pl/kat,1019401,title,Bronislaw-Komorowski-odwiedzi-Podhale-Nie-wszyscy-sa-zadowoleni,wid,17481960,wiadomosc.html
2015-04-25;http://www.wprost.pl/;Rzecznik kampanii Ogórek: Prezydentura nie może być ukoronowaniem kariery;2;http://www.wprost.pl/ar/504033/Rzecznik-kampanii-Ogorek-Prezydentura-nie-moze-byc-ukoronowaniem-kariery/
2015-04-25;http://www.wprost.pl/;Schyłek Palikota;1;http://www.wprost.pl/ar/503992/Schylek-Palikota/
2015-04-25;http://www.wprost.pl/;Prezydent zlecał podsłuchy. Jak afera podsłuchowa "zmiotła" prezydenta;1;http://www.wprost.pl/ar/452873/Prezydent-zlecal-podsluchy-Jak-afera-podsluchowa-zmiotla-prezydenta/
2015-04-25;http://www.onet.pl/;Prezydent: ogromna strata, odszedl wielki Polak;2;http://wiadomosci.onet.pl/kraj/politycy-i-dziennikarze-wspominaja-bartoszewskiego/7sc5sh
2015-04-25;http://www.onet.pl/;Palikot: Rosja upokarza nas takimi zachowaniami;2;http://wiadomosci.onet.pl/kraj/palikot-rosja-upokarza-nas-takimi-zachowaniami/4ve6kr
2015-04-25;http://www.onet.pl/;Ziobro: prezydent popelnil tragiczny i straszny blad;2;http://wiadomosci.onet.pl/kraj/sp-apeluje-do-prezydenta-by-przeprosil-za-slowa-o-narodzie-sprawcow/5mkgcj
2015-04-25;http://www.newsweek.pl/;Ogórek zalatwila lewice;3;http://opinie.newsweek.pl/ogorek-zalatwila-lewice,artykuly,361789,1.html
2015-04-25;http://www.newsweek.pl/;„Marna debata, tanie grepsy”. Dosc juz tej kampanii;2;http://polska.newsweek.pl/kampania-wyborcza-wybory-prezydenckie-2015-tomasz-lis,artykuly,361744,1.html
2015-04-25;http://www.newsweek.pl/;Irytujaco sztuczna  Magdalena Ogórek w nowym spocie;2;http://polska.newsweek.pl/nowy-spot-wyborczy-magdaleny-ogorek-sld-wybory-prezydenckie,artykuly,361679,1.html
2015-04-25;http://www.tvn24.pl/;Prof. Dudek: najwaÅ¼niejsi kandydaci na prezydenta powinni byÄ<U+0087>...;3;#
2015-04-25;http://www.tvn24.pl/;Prezydent Ukrainy do oligarchÃ³w: dostaniecie po Å<U+0082>apach;2;http://www.tvn24.pl/wiadomosci-ze-swiata,2/prezydent-ukrainy-do-oligarchow-dostaniecie-po-lapach,536588.html
2015-04-25;http://www.tvn24.pl/;Prof. Dudek: najwaÅ¼niejsi kandydaci na prezydenta powinni byÄ<U+0087>...;1;http://www.tvn24.pl#
2015-04-25;http://natemat.pl/;Zobacz 7 najlepszych momentów naszej rozmowyz prezydentem Komorowskim!;2;http://natemat.pl/140523,komorowski-na-ama-z-natemat-wygram-ustawe-po-ktorej-skarbowka-bedzie-rozstrzygac-na-korzysc-podatnika
2015-04-25;http://natemat.pl/;Obejrzyj caly wywiad Bronislawa Komorowskiego z szefami redakcji Grupy naTemat;2;https://www.youtube.com/watch?t=81&v=QCczDeWF1F0
2015-04-25;http://natemat.pl/;Korwin o imigrantach.  Jesli plyna dobrowolnie i tona, to ich problem;2;http://natemat.pl/140559,korwin-mikke-o-imigrantach-jesli-plyna-dobrowolnie-i-tona-to-ich-problem
2015-04-25;http://natemat.pl/;Wiele twarzy Pawla Kukiza;1;http://natemat.pl/140635,50-twarzy-pawla-kukiza-bezkompromisowy-kandydat-ktory-zmienia-poglady-jak-rekawiczki-by-przypodobac-sie-tlumom
2015-04-25;http://natemat.pl/;Kandydat KNP: Nie walcze z Korwin-Mikkem. Rozczarowaly mnie jego ostatnie wolty;1;http://natemat.pl/140245,jacek-wilk-kandydat-knp-na-prezydenta-nie-walcze-z-korwin-mikkem-rozczarowaly-mnie-jego-ostatnie-wolty
2015-04-25;http://natemat.pl/;Komorowski twierdzi, ze Cameron tez nie bierze udzialu w debatach. Sprawdzilismy...;1;http://natemat.pl/140579,komorowski-w-natemat-cameron-tez-nie-bierze-udzialu-w-debatach-trzy-tygodnie-temu-rozmawial-z-faragem-i-reszta
2015-04-25;http://natemat.pl/;Maciej Kowalski;1;http://maciejkowalski.natemat.pl/
2015-04-25;http://natemat.pl/;Kandydaci na Prezydenta RP o marihuanie;1;http://maciejkowalski.natemat.pl/140563,kandydaci-na-prezydenta-rp-o-marihuanie-odpowiedzi
2015-04-25;http://natemat.pl/;Sarna z krzeslem na glowie, czyli kandydat mlodych Polaków;1;http://natemat.pl/140465,sarna-z-krzeslem-na-glowie-czyli-kandydat-mlodych-polakow
2015-04-25;http://natemat.pl/;Najnowszy sondaz CBOS: Partia KORWiN wchodzi do Sejmu;1;http://natemat.pl/140519,najnowszy-sondaz-cbos-36-proc-dla-po-30-proc-dla-pis
2015-04-25;http://www.gazeta.pl;Flagi opuszczone do połowy masztu. Prezydent: Odszedł wielki Polak. Będzie nam go brakowało;4;http://wiadomosci.gazeta.pl/wiadomosci/1,114871,17812166,Wladyslaw_Bartoszewski_nie_zyje__Prezydent__Odszedl.html#MT
2015-04-25;http://www.gazeta.pl;Sondaż CBOS: Przewaga Komorowskiego topnieje;1;http://wiadomosci.gazeta.pl/wiadomosci/1,114871,17808572,Najnowszy_sondaz_CBOS__Bedzie_druga_tura__Przewaga.html#BoxNewsLink
2015-04-25;http://wyborcza.pl/0,0.html?piano_d=1;Kukiz to czarny koń wyborów. Jest najgroźniejszy dla Komorowskiego. Ukradnie mu I turę?;3;http://wyborcza.pl/1,143644,17805545,Sondaz_prezydencki_TNS_dla__Gazety_Wyborczej___Pierwsza.html
2015-04-25;http://wyborcza.pl/0,0.html?piano_d=1;Bronisław Komorowski:  Śmierć Władysława Bartoszewskiego ma wymiar symboliczny;2;http://wyborcza.pl/1,75478,17812477,Bronislaw_Komorowski___Smierc_Wladyslawa_Bartoszewskiego.html
2015-04-25;http://wyborcza.pl/0,0.html?piano_d=1;Korwin chce haremu, bowiem jest katolik. Jak drżeć przed biskupem, katecheta szkoli;3;http://wyborcza.pl/1,75968,17809588,Korwin_chce_haremu__bowiem_jest_katolik__Jak_drzec.html
2015-04-25;http://wyborcza.pl/0,0.html?piano_d=1;Kampania wyborcza to świetna okazja, żeby napluć na prezydenta;3;http://wyborcza.pl/1,143644,17805598,Wizy_dla_Amerykanow.html
2015-04-25;http://www.tvp.info/;Prezydent Bronislaw Komorowski: zegnamy czlowieka wielkiego formatu;3;http://www.tvp.info/19798256/prezydent-zegnamy-czlowieka-wielkiego-formatu
2015-04-25;http://www.tvp.info/;Tylko u nas   Palikot: sprawa Nocnych Wilków jest dziecinna. „Mam nadzieje, ze decyzja MSZ bedzie skuteczna”;2;http://www.tvp.info.pl/19797207/palikot-sprawa-nocnych-wilkow-jest-dziecinna-mam-nadzieje-ze-decyzja-msz-bedzie-skuteczna
2015-04-25;http://www.tvp.info/;Nowe spoty kandydatów. Dude chwali zona, Korwin-Mikke chce zagonic Kopacz do roboty;2;http://www.tvp.info.pl/19793433/nowe-spoty-kandydatow-dude-chwali-zona-korwinmikke-chce-zagonic-kopacz-do-roboty
2015-04-25;http://www.wp.pl;wazneKorwin-Mikke: jesli oni wygraja, mamy III wojne;2;http://wiadomosci.wp.pl/kat,140394,title,Korwin-Mikke-po-wystapieniu-Schetyny-krytykuje-min-polityke-wschodnia,wid,17478355,wiadomosc.html
2015-04-25;http://www.wprost.pl/;Rzecznik kampanii Ogórek: Prezydentura nie może być ukoronowaniem kariery;2;http://www.wprost.pl/ar/504033/Rzecznik-kampanii-Ogorek-Prezydentura-nie-moze-byc-ukoronowaniem-kariery/
2015-04-25;http://www.wprost.pl/;Schyłek Palikota;1;http://www.wprost.pl/ar/503992/Schylek-Palikota/
2015-04-25;http://www.wprost.pl/;Prezydent zlecał podsłuchy. Jak afera podsłuchowa "zmiotła" prezydenta;1;http://www.wprost.pl/ar/452873/Prezydent-zlecal-podsluchy-Jak-afera-podsluchowa-zmiotla-prezydenta/
2015-04-25;http://www.onet.pl/;Sondaz: jak wiele zalezy od Pawla Kukiza?;2;http://wiadomosci.onet.pl/kraj/sondaz-prezydent-komorowski-moglby-wygrac-w-i-turze-gdyby-nie-pawel-kukiz/tqe8ft
2015-04-25;http://www.onet.pl/;"Fakt": Duda chce, by emeryci nie placili podatków;2;http://www.fakt.pl/polityka/duda-emeryci-zwolnieni-z-podatkow,artykuly,540764.html
2015-04-25;http://www.newsweek.pl/;Ogórek zalatwila lewice;3;http://opinie.newsweek.pl/ogorek-zalatwila-lewice,artykuly,361789,1.html
2015-04-25;http://www.tvn24.pl/;Prof. Dudek: najwaÅ¼niejsi kandydaci na prezydenta powinni byÄ<U+0087>...;3;#
2015-04-25;http://www.tvn24.pl/;Prof. Dudek: najwaÅ¼niejsi kandydaci na prezydenta powinni byÄ<U+0087>...;1;http://www.tvn24.pl#
2015-04-25;http://natemat.pl/;Zobacz 7 najlepszych momentów naszej rozmowyz prezydentem Komorowskim!;1;http://natemat.pl/140523,komorowski-na-ama-z-natemat-wygram-ustawe-po-ktorej-skarbowka-bedzie-rozstrzygac-na-korzysc-podatnika
2015-04-25;http://natemat.pl/;Obejrzyj caly wywiad szefów redakcji Grupy naTemat z Bronislawem Komorowskim;1;https://www.youtube.com/watch?v=tgDSXFliId8&feature=youtu.be
2015-04-25;http://natemat.pl/;Korwin o imigrantach.  Jesli plyna dobrowolnie i tona, to ich problem;1;http://natemat.pl/140559,korwin-mikke-o-imigrantach-jesli-plyna-dobrowolnie-i-tona-to-ich-problem
2015-04-25;http://natemat.pl/;Wiele twarzy Pawla Kukiza;1;http://natemat.pl/140635,50-twarzy-pawla-kukiza-bezkompromisowy-kandydat-ktory-zmienia-poglady-jak-rekawiczki-by-przypodobac-sie-tlumom
2015-04-25;http://natemat.pl/;Kandydat KNP: Nie walcze z Korwin-Mikkem. Rozczarowaly mnie jego ostatnie wolty;1;http://natemat.pl/140245,jacek-wilk-kandydat-knp-na-prezydenta-nie-walcze-z-korwin-mikkem-rozczarowaly-mnie-jego-ostatnie-wolty
2015-04-25;http://natemat.pl/;Komorowski twierdzi, ze Cameron tez nie bierze udzialu w debatach. Sprawdzilismy...;1;http://natemat.pl/140579,komorowski-w-natemat-cameron-tez-nie-bierze-udzialu-w-debatach-trzy-tygodnie-temu-rozmawial-z-faragem-i-reszta
2015-04-25;http://natemat.pl/;Maciej Kowalski;1;http://maciejkowalski.natemat.pl/
2015-04-25;http://natemat.pl/;Kandydaci na Prezydenta RP o marihuanie;1;http://maciejkowalski.natemat.pl/140563,kandydaci-na-prezydenta-rp-o-marihuanie-odpowiedzi
2015-04-25;http://natemat.pl/;Sarna z krzeslem na glowie, czyli kandydat mlodych Polaków;1;http://natemat.pl/140465,sarna-z-krzeslem-na-glowie-czyli-kandydat-mlodych-polakow
2015-04-25;http://natemat.pl/;Najnowszy sondaz CBOS: Partia KORWiN wchodzi do Sejmu;1;http://natemat.pl/140519,najnowszy-sondaz-cbos-36-proc-dla-po-30-proc-dla-pis
2015-04-25;http://www.gazeta.pl;Prezydent Niemiec do profesora Bartoszewskiego:  Kiedy my, Niemcy, myślimy o Polsce, widzimy Pana;3;http://wiadomosci.gazeta.pl/wiadomosci/1,114871,17812981,Wladyslaw_Bartoszewski_nie_zyje___Kiedy_my__Niemcy_.html#Czolka3Img
2015-04-25;http://www.gazeta.pl;Sondaż CBOS: Przewaga Komorowskiego topnieje;1;http://wiadomosci.gazeta.pl/wiadomosci/1,114871,17808572,Najnowszy_sondaz_CBOS__Bedzie_druga_tura__Przewaga.html#BoxNewsLink
2015-04-25;http://wyborcza.pl/0,0.html?piano_d=1;Korwin-Mikke: Straszą, że jak Korwin dorwie się do władzy, to dzieci będą gniły na śmietnikach;2;http://wyborcza.pl/1,75478,17812941,Korwin_Mikke__Strasza__ze_jak_Korwin_dorwie_sie_do.html
2015-04-25;http://wyborcza.pl/0,0.html?piano_d=1;Korwin chce haremu, bowiem jest katolik;3;http://wyborcza.pl/1,75968,17809588,Korwin_chce_haremu__bowiem_jest_katolik__Jak_drzec.html
2015-04-25;http://wyborcza.pl/0,0.html?piano_d=1;Świetna okazja, żeby napluć na prezydenta;3;http://wyborcza.pl/1,143644,17805598,Wizy_dla_Amerykanow.html
2015-04-25;http://www.tvp.info/;Tylko u nas   Palikot: sprawa Nocnych Wilków jest dziecinna. „Mam nadzieje, ze decyzja MSZ bedzie skuteczna”;2;http://www.tvp.info.pl/19797207/palikot-sprawa-nocnych-wilkow-jest-dziecinna-mam-nadzieje-ze-decyzja-msz-bedzie-skuteczna
2015-04-25;http://www.tvp.info/;Nowe spoty kandydatów. Dude chwali zona, Korwin-Mikke chce zagonic Kopacz do roboty;2;http://www.tvp.info.pl/19793433/nowe-spoty-kandydatow-dude-chwali-zona-korwinmikke-chce-zagonic-kopacz-do-roboty
2015-04-25;http://www.wp.pl;wazneKorwin-Mikke: jesli oni wygraja, mamy III wojne;2;http://wiadomosci.wp.pl/kat,140394,title,Korwin-Mikke-po-wystapieniu-Schetyny-krytykuje-min-polityke-wschodnia,wid,17478355,wiadomosc.html
2015-04-25;http://www.wprost.pl/;Schyłek Palikota;1;http://www.wprost.pl/ar/503992/Schylek-Palikota/
2015-04-25;http://www.wprost.pl/;Prezydent zlecał podsłuchy. Jak afera podsłuchowa "zmiotła" prezydenta;1;http://www.wprost.pl/ar/452873/Prezydent-zlecal-podsluchy-Jak-afera-podsluchowa-zmiotla-prezydenta/
2015-04-25;http://www.onet.pl/;Komunikat prezydenta po smierci Bartoszewskiego;2;http://wiadomosci.onet.pl/kraj/komorowski-bartoszewski-wzorem-patrioty/v4xckc
2015-04-25;http://www.onet.pl/;"Fakt": Duda chce, by emeryci nie placili podatków;2;http://www.fakt.pl/polityka/duda-emeryci-zwolnieni-z-podatkow,artykuly,540764.html
2015-04-25;http://www.onet.pl/;Sondaz: jak wiele zalezy od Pawla Kukiza?;2;http://wiadomosci.onet.pl/kraj/sondaz-prezydent-komorowski-moglby-wygrac-w-i-turze-gdyby-nie-pawel-kukiz/tqe8ft
2015-04-25;http://www.newsweek.pl/;Ogórek zalatwila lewice;3;http://opinie.newsweek.pl/ogorek-zalatwila-lewice,artykuly,361789,1.html
2015-04-25;http://www.tvn24.pl/;BronisÅ<U+0082>aw Komorowski wspomina WÅ<U+0082>adysÅ<U+0082>awa Bartoszewskiego;3;#
2015-04-25;http://www.tvn24.pl/;Prof. Dudek: najwaÅ¼niejsi kandydaci na prezydenta powinni byÄ<U+0087>...;3;#
2015-04-25;http://www.tvn24.pl/;BronisÅ<U+0082>aw Komorowski wspomina WÅ<U+0082>adysÅ<U+0082>awa Bartoszewskiego;1;http://www.tvn24.pl#
2015-04-25;http://www.tvn24.pl/;Prof. Dudek: najwaÅ¼niejsi kandydaci na prezydenta powinni byÄ<U+0087>...;1;http://www.tvn24.pl#
2015-04-25;http://natemat.pl/;Kobieta uderzyla prezydenta Wenezueli mango. Dostala za to mieszkanie;1;http://natemat.pl/140669,kobieta-uderzyla-prezydenta-venezueli-mango-dostala-za-to-mieszkanie
2015-04-25;http://natemat.pl/;Duda i Komorowski rywalizuja ulga na badania i rozwój. Kielbasa wyborcza?;1;http://innpoland.pl/116741,inn-tygodnia-podsumowujemy-tydzien-w-innowacjach
2015-04-25;http://natemat.pl/;Zobacz 7 najlepszych momentów naszej rozmowyz prezydentem Komorowskim!;1;http://natemat.pl/140523,komorowski-na-ama-z-natemat-wygram-ustawe-po-ktorej-skarbowka-bedzie-rozstrzygac-na-korzysc-podatnika
2015-04-25;http://natemat.pl/;Obejrzyj caly wywiad szefów redakcji Grupy naTemat z Bronislawem Komorowskim;1;https://www.youtube.com/watch?v=tgDSXFliId8&feature=youtu.be
2015-04-25;http://natemat.pl/;Korwin o imigrantach.  Jesli plyna dobrowolnie i tona, to ich problem;1;http://natemat.pl/140559,korwin-mikke-o-imigrantach-jesli-plyna-dobrowolnie-i-tona-to-ich-problem
2015-04-25;http://natemat.pl/;Kandydat KNP: Nie walcze z Korwin-Mikkem. Rozczarowaly mnie jego ostatnie wolty;1;http://natemat.pl/140245,jacek-wilk-kandydat-knp-na-prezydenta-nie-walcze-z-korwin-mikkem-rozczarowaly-mnie-jego-ostatnie-wolty
2015-04-25;http://natemat.pl/;Komorowski twierdzi, ze Cameron tez nie bierze udzialu w debatach. Sprawdzilismy...;1;http://natemat.pl/140579,komorowski-w-natemat-cameron-tez-nie-bierze-udzialu-w-debatach-trzy-tygodnie-temu-rozmawial-z-faragem-i-reszta
2015-04-25;http://natemat.pl/;Maciej Kowalski;1;http://maciejkowalski.natemat.pl/
2015-04-25;http://natemat.pl/;Kandydaci na Prezydenta RP o marihuanie;1;http://maciejkowalski.natemat.pl/140563,kandydaci-na-prezydenta-rp-o-marihuanie-odpowiedzi
2015-04-25;http://natemat.pl/;Wiele twarzy Pawla Kukiza;1;http://natemat.pl/140635,50-twarzy-pawla-kukiza-bezkompromisowy-kandydat-ktory-zmienia-poglady-jak-rekawiczki-by-przypodobac-sie-tlumom
2015-04-25;http://www.gazeta.pl;Sondaż CBOS: Przewaga Komorowskiego topnieje;1;http://wiadomosci.gazeta.pl/wiadomosci/1,114871,17808572,Najnowszy_sondaz_CBOS__Bedzie_druga_tura__Przewaga.html#BoxNewsLink
2015-04-25;http://wyborcza.pl/0,0.html?piano_d=1;Korwin-Mikke: To, co robią Duda i Komorowski, to prosta droga do wojny;3;http://wyborcza.pl/1,75478,17812941,Korwin_Mikke__Strasza__ze_jak_Korwin_dorwie_sie_do.html
2015-04-25;http://wyborcza.pl/0,0.html?piano_d=1;Korwin chce haremu, bowiem jest katolik;3;http://wyborcza.pl/1,75968,17809588,Korwin_chce_haremu__bowiem_jest_katolik__Jak_drzec.html
2015-04-25;http://wyborcza.pl/0,0.html?piano_d=1;Świetna okazja, żeby napluć na prezydenta;3;http://wyborcza.pl/1,143644,17805598,Wizy_dla_Amerykanow.html
2015-04-25;http://www.tvp.info/;Nowe spoty kandydatów. Dude chwali zona, Korwin-Mikke chce zagonic Kopacz do roboty;2;http://www.tvp.info.pl/19793433/nowe-spoty-kandydatow-dude-chwali-zona-korwinmikke-chce-zagonic-kopacz-do-roboty
2015-04-25;http://www.wp.pl;wazneKorwin-Mikke: jesli oni wygraja, mamy III wojne;2;http://wiadomosci.wp.pl/kat,140394,title,Korwin-Mikke-po-wystapieniu-Schetyny-krytykuje-min-polityke-wschodnia,wid,17478355,wiadomosc.html
2015-04-25;http://www.wprost.pl/;Schyłek Palikota;1;http://www.wprost.pl/ar/503992/Schylek-Palikota/
2015-04-25;http://www.wprost.pl/;Prezydent zlecał podsłuchy. Jak afera podsłuchowa "zmiotła" prezydenta;1;http://www.wprost.pl/ar/452873/Prezydent-zlecal-podsluchy-Jak-afera-podsluchowa-zmiotla-prezydenta/
2015-04-25;http://www.onet.pl/;Sondaz: jak wiele zalezy od Pawla Kukiza?;2;http://wiadomosci.onet.pl/kraj/sondaz-prezydent-komorowski-moglby-wygrac-w-i-turze-gdyby-nie-pawel-kukiz/tqe8ft
2015-04-25;http://natemat.pl/;Kobieta uderzyla prezydenta Wenezueli mango. Dostala za to mieszkanie;1;http://natemat.pl/140669,kobieta-uderzyla-prezydenta-venezueli-mango-dostala-za-to-mieszkanie
2015-04-25;http://natemat.pl/;Duda i Komorowski rywalizuja ulga na badania i rozwój. Kielbasa wyborcza?;1;http://innpoland.pl/116741,inn-tygodnia-podsumowujemy-tydzien-w-innowacjach
2015-04-25;http://natemat.pl/;Zobacz 7 najlepszych momentów naszej rozmowyz prezydentem Komorowskim!;1;http://natemat.pl/140523,komorowski-na-ama-z-natemat-wygram-ustawe-po-ktorej-skarbowka-bedzie-rozstrzygac-na-korzysc-podatnika
2015-04-25;http://natemat.pl/;Obejrzyj caly wywiad szefów redakcji Grupy naTemat z Bronislawem Komorowskim;1;https://www.youtube.com/watch?v=tgDSXFliId8&feature=youtu.be
2015-04-25;http://natemat.pl/;Korwin o imigrantach.  Jesli plyna dobrowolnie i tona, to ich problem;1;http://natemat.pl/140559,korwin-mikke-o-imigrantach-jesli-plyna-dobrowolnie-i-tona-to-ich-problem
2015-04-25;http://natemat.pl/;Kandydat KNP: Nie walcze z Korwin-Mikkem. Rozczarowaly mnie jego ostatnie wolty;1;http://natemat.pl/140245,jacek-wilk-kandydat-knp-na-prezydenta-nie-walcze-z-korwin-mikkem-rozczarowaly-mnie-jego-ostatnie-wolty
2015-04-25;http://natemat.pl/;Komorowski twierdzi, ze Cameron tez nie bierze udzialu w debatach. Sprawdzilismy...;1;http://natemat.pl/140579,komorowski-w-natemat-cameron-tez-nie-bierze-udzialu-w-debatach-trzy-tygodnie-temu-rozmawial-z-faragem-i-reszta
2015-04-25;http://natemat.pl/;Maciej Kowalski;1;http://maciejkowalski.natemat.pl/
2015-04-25;http://natemat.pl/;Kandydaci na Prezydenta RP o marihuanie;1;http://maciejkowalski.natemat.pl/140563,kandydaci-na-prezydenta-rp-o-marihuanie-odpowiedzi
2015-04-25;http://natemat.pl/;Wiele twarzy Pawla Kukiza;1;http://natemat.pl/140635,50-twarzy-pawla-kukiza-bezkompromisowy-kandydat-ktory-zmienia-poglady-jak-rekawiczki-by-przypodobac-sie-tlumom
2015-04-25;http://www.gazeta.pl;Sondaż CBOS: Przewaga Komorowskiego topnieje;1;http://wiadomosci.gazeta.pl/wiadomosci/1,114871,17808572,Najnowszy_sondaz_CBOS__Bedzie_druga_tura__Przewaga.html#BoxNewsLink
2015-04-25;http://www.dziennik.pl;Prezydent o Władysławie Bartoszewskim: Metr z Sevres polskiego patriotyzmu;1;http://wiadomosci.dziennik.pl/polityka/artykuly/488825,prezydent-o-wladyslawie-bartoszewskim-metr-z-sevres-polskiego-patriotyzmu.html
2015-04-25;http://wyborcza.pl/0,0.html?piano_d=1;Korwin-Mikke: To, co robią Duda i Komorowski, to prosta droga do wojny;3;http://wyborcza.pl/1,75478,17812941,Korwin_Mikke__Strasza__ze_jak_Korwin_dorwie_sie_do.html
2015-04-25;http://wyborcza.pl/0,0.html?piano_d=1;Korwin chce haremu, bowiem jest katolik;3;http://wyborcza.pl/1,75968,17809588,Korwin_chce_haremu__bowiem_jest_katolik__Jak_drzec.html
2015-04-25;http://wyborcza.pl/0,0.html?piano_d=1;Świetna okazja, żeby napluć na prezydenta;3;http://wyborcza.pl/1,143644,17805598,Wizy_dla_Amerykanow.html
2015-04-25;http://www.wp.pl;Palikot atakuje Radio Maryja.  Rydzyk, zrobie z Toba porzadek;3;http://wiadomosci.wp.pl/kat,1342,title,Janusz-Palikot-atakuje-Radio-Maryja-Chce-odebrania-koncesji,wid,17484502,wiadomosc.html
2015-04-25;http://www.wp.pl;wazneKorwin-Mikke: jesli oni wygraja, mamy III wojne;2;http://wiadomosci.wp.pl/kat,140394,title,Korwin-Mikke-po-wystapieniu-Schetyny-krytykuje-min-polityke-wschodnia,wid,17478355,wiadomosc.html
2015-04-25;http://www.wp.pl;Janusz Palikot atakuje Radio Maryja. Chce odebrania koncesji;1;/kat,140394,title,Janusz-Palikot-atakuje-Radio-Maryja-Chce-odebrania-koncesji,wid,17484502,wiadomosc.html
2015-04-25;http://www.wp.pl;Leszek Miller: wszystkie środki na kampanię Ogórek już przekazane;1;/kat,140394,title,Leszek-Miller-wszystkie-srodki-na-kampanie-Ogorek-juz-przekazane,wid,17484371,wiadomosc.html
2015-04-25;http://www.wprost.pl/;Trailer spotu Kukiza. Słychać w nim Piłsudskiego;3;http://www.wprost.pl/ar/504201/Trailer-spotu-Kukiza-Slychac-w-nim-Pilsudskiego/
2015-04-25;http://www.wprost.pl/;Trailer spotu Kukiza. Słychać w nim Piłsudskiego;2;http://www.wprost.pl/ar/504201/Trailer-spotu-Kukiza-Slychac-w-nim-Pilsudskiego/
2015-04-25;http://www.wprost.pl/;Schyłek Palikota;1;http://www.wprost.pl/ar/503992/Schylek-Palikota/
2015-04-25;http://www.wprost.pl/;Prezydent zlecał podsłuchy. Jak afera podsłuchowa "zmiotła" prezydenta;1;http://www.wprost.pl/ar/452873/Prezydent-zlecal-podsluchy-Jak-afera-podsluchowa-zmiotla-prezydenta/
2015-04-25;http://www.onet.pl/;Sondaz: jak wiele zalezy od Pawla Kukiza?;2;http://wiadomosci.onet.pl/kraj/sondaz-prezydent-komorowski-moglby-wygrac-w-i-turze-gdyby-nie-pawel-kukiz/tqe8ft
2015-04-25;http://www.tvn24.pl/;Komorowski na Kasprowym, Duda w PuÅ<U+0082>tusku, OgÃ³rek na zakupach;3;http://www.tvn24.pl/wideo/z-anteny/ogorek-na-zakupach-komorowski-na-kasprowym-wierchu-kampanijna-sobota,1416702.html?playlist_id=12799
2015-04-25;http://www.tvn24.pl/;OdtwÃ³rz:  Komorowski na Kasprowym, Duda w PuÅ<U+0082>tusku, OgÃ³rek na zakupach;3;http://www.tvn24.pl/wideo/z-anteny/ogorek-na-zakupach-komorowski-na-kasprowym-wierchu-kampanijna-sobota,1416702.html?playlist_id=12799
2015-04-25;http://www.tvn24.pl/;OgÃ³rek kontra  kompleks polityczno-medialny  wokÃ³Å<U+0082> Komorowskiego?;3;http://www.tvn24.pl/miller-o-ogorek-sld-nie-wycofa-sie-z-poparcia-kandydatki,536720,s.html
2015-04-25;http://www.tvn24.pl/;OgÃ³rek kontra  kompleks polityczno-medialny  wokÃ³Å<U+0082> Komorowskiego?;2;http://www.tvn24.pl/ogorek-kontra-kompleks-polityczno-medialny-wokol-komorowskiego,536720,s.html
2015-04-25;http://www.tvn24.pl/;Komorowski na Kasprowym, Duda w PuÅ<U+0082>tusku, OgÃ³rek na zakupach;1;http://www.tvn24.pl/wideo/z-anteny/ogorek-na-zakupach-komorowski-na-kasprowym-wierchu-kampanijna-sobota,1416702.html?playlist_id=12799
2015-04-25;http://www.tvn24.pl/;OdtwÃ³rz:  Komorowski na Kasprowym, Duda w PuÅ<U+0082>tusku, OgÃ³rek na zakupach;1;http://www.tvn24.pl/wideo/z-anteny/ogorek-na-zakupach-komorowski-na-kasprowym-wierchu-kampanijna-sobota,1416702.html?playlist_id=12799
2015-04-25;http://www.tvn24.pl/;OgÃ³rek kontra  kompleks polityczno-medialny  wokÃ³Å<U+0082> Komorowskiego?;1;http://www.tvn24.pl/miller-o-ogorek-sld-nie-wycofa-sie-z-poparcia-kandydatki,536720,s.html
2015-04-25;http://natemat.pl/;Kukiz z glosem Pilsudskiego, Braun z pila motorowa. Antysysemowi kandydaci prezentuja nowe klipy;4;http://natemat.pl/140685,klipy-antysystemowcow-kukiz-z-glosem-pilsudskiego-braun-z-pila-motorowa
2015-04-25;http://natemat.pl/;Prawica zarzuca Komorowskiemu „granie Bartoszewskim”, lecz sama wpisuje jego smierc w kampanie;1;http://natemat.pl/140677,prawica-zarzuca-granie-bartoszewskim-lecz-sama-wpisuje-jego-smierc-jako-element-kampanii
2015-04-25;http://natemat.pl/;Kobieta uderzyla prezydenta Wenezueli mango. Dostala za to mieszkanie;1;http://natemat.pl/140669,kobieta-uderzyla-prezydenta-venezueli-mango-dostala-za-to-mieszkanie
2015-04-25;http://natemat.pl/;Duda i Komorowski rywalizuja ulga na badania i rozwój. Kielbasa wyborcza?;1;http://innpoland.pl/116741,inn-tygodnia-podsumowujemy-tydzien-w-innowacjach
2015-04-25;http://natemat.pl/;Zobacz 7 najlepszych momentów naszej rozmowyz prezydentem Komorowskim!;1;http://natemat.pl/140523,komorowski-na-ama-z-natemat-wygram-ustawe-po-ktorej-skarbowka-bedzie-rozstrzygac-na-korzysc-podatnika
2015-04-25;http://natemat.pl/;Obejrzyj caly wywiad szefów redakcji Grupy naTemat z Bronislawem Komorowskim;1;https://www.youtube.com/watch?v=tgDSXFliId8&feature=youtu.be
2015-04-25;http://natemat.pl/;Korwin o imigrantach.  Jesli plyna dobrowolnie i tona, to ich problem;1;http://natemat.pl/140559,korwin-mikke-o-imigrantach-jesli-plyna-dobrowolnie-i-tona-to-ich-problem
2015-04-25;http://natemat.pl/;Kandydat KNP: Nie walcze z Korwin-Mikkem. Rozczarowaly mnie jego ostatnie wolty;1;http://natemat.pl/140245,jacek-wilk-kandydat-knp-na-prezydenta-nie-walcze-z-korwin-mikkem-rozczarowaly-mnie-jego-ostatnie-wolty
2015-04-25;http://natemat.pl/;Komorowski twierdzi, ze Cameron tez nie bierze udzialu w debatach. Sprawdzilismy...;1;http://natemat.pl/140579,komorowski-w-natemat-cameron-tez-nie-bierze-udzialu-w-debatach-trzy-tygodnie-temu-rozmawial-z-faragem-i-reszta
2015-04-25;http://natemat.pl/;Maciej Kowalski;1;http://maciejkowalski.natemat.pl/
2015-04-25;http://natemat.pl/;Kandydaci na Prezydenta RP o marihuanie;1;http://maciejkowalski.natemat.pl/140563,kandydaci-na-prezydenta-rp-o-marihuanie-odpowiedzi
2015-04-25;http://natemat.pl/;Wiele twarzy Pawla Kukiza;1;http://natemat.pl/140635,50-twarzy-pawla-kukiza-bezkompromisowy-kandydat-ktory-zmienia-poglady-jak-rekawiczki-by-przypodobac-sie-tlumom
2015-04-25;http://www.gazeta.pl;Palikot:  Rydzyku, zrobię z tobą porządek!;1;http://wiadomosci.gazeta.pl/wiadomosci/1,138764,17814572,Palikot_w_Toruniu____Rydzyku__zrobie_z_toba_porzadek.html#BoxNewsLink
2015-04-25;http://www.gazeta.pl;Sondaż CBOS: Przewaga Komorowskiego topnieje;1;http://wiadomosci.gazeta.pl/wiadomosci/1,114871,17808572,Najnowszy_sondaz_CBOS__Bedzie_druga_tura__Przewaga.html#BoxNewsLink
2015-04-25;http://www.dziennik.pl;Poeta nie chce nagrody od prezydent stolicy. Zrezygnował ze 100 tys.;3;http://kultura.dziennik.pl/ksiazki/artykuly/488819,jaroslaw-marek-rymkiewicz-odmawia-przyjecia-nagrody-od-miasta-ktorym-rzadzi-hanna-gronkiewicz-waltz.html
2015-04-25;http://www.dziennik.pl;Palikot ostro atakuje Radio Maryja, chce odebrania koncesji;2;http://wiadomosci.dziennik.pl/wybory-prezydenckie/artykuly/488839,janusz-palikot-atakuje-radio-maryja-chce-odebrania-koncesji.html
2015-04-25;http://www.dziennik.pl;Prezydent o Władysławie Bartoszewskim: Metr z Sevres polskiego patriotyzmu;1;http://wiadomosci.dziennik.pl/polityka/artykuly/488825,prezydent-o-wladyslawie-bartoszewskim-metr-z-sevres-polskiego-patriotyzmu.html
2015-04-25;http://wyborcza.pl/0,0.html?piano_d=1;Korwin-Mikke: To, co robią Duda i Komorowski, to prosta droga do wojny;3;http://wyborcza.pl/1,75478,17812941,Korwin_Mikke__Strasza__ze_jak_Korwin_dorwie_sie_do.html
2015-04-25;http://wyborcza.pl/0,0.html?piano_d=1;Palikot w Toruniu: - Rydzyku, zrobię z tobą porządek [ZDJĘCIA];2;http://torun.gazeta.pl/torun/1,48723,17814572,Palikot_w_Toruniu____Rydzyku__zrobie_z_toba_porzadek.html
2015-04-25;http://wyborcza.pl/0,0.html?piano_d=1;Korwin chce haremu, bowiem jest katolik;3;http://wyborcza.pl/1,75968,17809588,Korwin_chce_haremu__bowiem_jest_katolik__Jak_drzec.html
2015-04-25;http://wyborcza.pl/0,0.html?piano_d=1;Świetna okazja, żeby napluć na prezydenta;3;http://wyborcza.pl/1,143644,17805598,Wizy_dla_Amerykanow.html
2015-04-25;http://www.wp.pl;Palikot atakuje Radio Maryja.  Rydzyk, zrobie z Toba porzadek;3;http://wiadomosci.wp.pl/kat,1342,title,Janusz-Palikot-atakuje-Radio-Maryja-Chce-odebrania-koncesji,wid,17484502,wiadomosc.html
2015-04-25;http://www.wp.pl;wazneKorwin-Mikke: jesli oni wygraja, mamy III wojne;2;http://wiadomosci.wp.pl/kat,140394,title,Korwin-Mikke-po-wystapieniu-Schetyny-krytykuje-min-polityke-wschodnia,wid,17478355,wiadomosc.html
2015-04-25;http://www.wp.pl;Janusz Palikot atakuje Radio Maryja. Chce odebrania koncesji;1;/kat,140394,title,Janusz-Palikot-atakuje-Radio-Maryja-Chce-odebrania-koncesji,wid,17484502,wiadomosc.html
2015-04-25;http://www.wp.pl;Leszek Miller: wszystkie środki na kampanię Ogórek już przekazane;1;/kat,140394,title,Leszek-Miller-wszystkie-srodki-na-kampanie-Ogorek-juz-przekazane,wid,17484371,wiadomosc.html
2015-04-25;http://www.wprost.pl/;Nocne Wilki w Polsce, mimo zakazu MSZ. Palikot: Schetyna do dymisji;3;http://www.wprost.pl/ar/504210/Nocne-Wilki-w-Polsce-mimo-zakazu-MSZ-Palikot-Schetyna-do-dymisji/
2015-04-25;http://www.wprost.pl/;Palikot w Toruniu przed siedzibą Radia Maryja.  Zrobię z nimi porządek;2;http://www.wprost.pl/ar/504212/Palikot-w-Toruniu-przed-siedziba-Radia-Maryja-Zrobie-z-nimi-porzadek/
2015-04-25;http://www.wprost.pl/;Nocne Wilki w Polsce, mimo zakazu MSZ. Palikot: Schetyna do dymisji;2;http://www.wprost.pl/ar/504210/Nocne-Wilki-w-Polsce-mimo-zakazu-MSZ-Palikot-Schetyna-do-dymisji/
2015-04-25;http://www.wprost.pl/;Trailer spotu Kukiza. Słychać w nim Piłsudskiego;2;http://www.wprost.pl/ar/504201/Trailer-spotu-Kukiza-Slychac-w-nim-Pilsudskiego/
2015-04-25;http://www.wprost.pl/;Schyłek Palikota;1;http://www.wprost.pl/ar/503992/Schylek-Palikota/
2015-04-25;http://www.wprost.pl/;Prezydent zlecał podsłuchy. Jak afera podsłuchowa "zmiotła" prezydenta;1;http://www.wprost.pl/ar/452873/Prezydent-zlecal-podsluchy-Jak-afera-podsluchowa-zmiotla-prezydenta/
2015-04-25;http://www.onet.pl/;Janusz Korwin-Mikke: Polska jeszcze jest krajem niepodleglym, ale juz nie suwerennym;2;http://wiadomosci.onet.pl/poznan/janusz-korwin-mikke-w-poznaniu-o-silnej-armii-i-nocnych-wilkach/l74l38
2015-04-25;http://www.onet.pl/;Sondaz: jak wiele zalezy od Pawla Kukiza?;2;http://wiadomosci.onet.pl/kraj/sondaz-prezydent-komorowski-moglby-wygrac-w-i-turze-gdyby-nie-pawel-kukiz/tqe8ft
2015-04-25;http://www.newsweek.pl/;Wspólna,historia,Zlosliwie,o,Polakach,zlosliwie,o,Niemcach,Rozmowa,z,historykiem,Andrzejem,Klimem,autorem,ksiazki,Polska,Niemcy,1,0,w,której,przedstawia,ponad,1000,lat,polsko,niemieckiej,historii;1;http://historia.newsweek.pl/ksiazka-o-historii-polski-i-niemiec-polska-niemcy-1-0-klim,artykuly,361846,1.html
2015-04-25;http://www.newsweek.pl/;4;1;/newsweek,kategoria,2150,4.html
2015-04-25;http://www.tvn24.pl/;Komorowski na Kasprowym, Duda w PuÅ<U+0082>tusku, OgÃ³rek na zakupach;3;http://www.tvn24.pl/wideo/z-anteny/ogorek-na-zakupach-komorowski-na-kasprowym-wierchu-kampanijna-sobota,1416702.html?playlist_id=12799
2015-04-25;http://www.tvn24.pl/;OdtwÃ³rz:  Komorowski na Kasprowym, Duda w PuÅ<U+0082>tusku, OgÃ³rek na zakupach;3;http://www.tvn24.pl/wideo/z-anteny/ogorek-na-zakupach-komorowski-na-kasprowym-wierchu-kampanijna-sobota,1416702.html?playlist_id=12799
2015-04-25;http://www.tvn24.pl/;Przyspieszone wybory w Grecji? Szef MSW nie wyklucza;3;http://www.tvn24.pl/szef-msw-grecji-nie-wyklucza-przyspieszonych-wyborow,536748,s.html
2015-04-25;http://www.tvn24.pl/;Przyspieszone wybory w Grecji? Szef MSW nie wyklucza;2;http://www.tvn24.pl/wiadomosci-ze-swiata,2/przyspieszone-wybory-w-grecji-szef-msw-nie-wyklucza,536748.html
2015-04-25;http://www.tvn24.pl/;Przyspieszone wybory w Grecji? Szef MSW nie wyklucza;2;http://www.tvn24.pl/przyspieszone-wybory-w-grecji-szef-msw-nie-wyklucza,536748,s.html
2015-04-25;http://www.tvn24.pl/;Komorowski na Kasprowym, Duda w PuÅ<U+0082>tusku, OgÃ³rek na zakupach;1;http://www.tvn24.pl/wideo/z-anteny/ogorek-na-zakupach-komorowski-na-kasprowym-wierchu-kampanijna-sobota,1416702.html?playlist_id=12799
2015-04-25;http://www.tvn24.pl/;OdtwÃ³rz:  Komorowski na Kasprowym, Duda w PuÅ<U+0082>tusku, OgÃ³rek na zakupach;1;http://www.tvn24.pl/wideo/z-anteny/ogorek-na-zakupach-komorowski-na-kasprowym-wierchu-kampanijna-sobota,1416702.html?playlist_id=12799
2015-04-25;http://www.tvn24.pl/;Przyspieszone wybory w Grecji? Szef MSW nie wyklucza;1;http://www.tvn24.pl/szef-msw-grecji-nie-wyklucza-przyspieszonych-wyborow,536748,s.html
2015-04-25;http://natemat.pl/;Andrzej Duda: Platforma Obywatelska kuchennymi drzwiami wprowadza obce tresci ideologiczne;4;http://natemat.pl/140695,andrzej-duda-w-kontrze-do-prezydenta-krytykuje-jego-ostatnie-hasla-punktuje-za-brak-wizji-innowacji-i-fatalna-gospodarke
2015-04-25;http://natemat.pl/;Kukiz z glosem Pilsudskiego, Braun z pila motorowa. Antysysemowi kandydaci prezentuja nowe klipy;3;http://natemat.pl/140685,klipy-antysystemowcow-kukiz-z-glosem-pilsudskiego-braun-z-pila-motorowa
2015-04-25;http://natemat.pl/;Prawica zarzuca Komorowskiemu „granie Bartoszewskim”, lecz sama wpisuje jego smierc w kampanie;3;http://natemat.pl/140677,prawica-zarzuca-granie-bartoszewskim-lecz-sama-wpisuje-jego-smierc-jako-element-kampanii
2015-04-25;http://natemat.pl/;Duda i Komorowski rywalizuja ulga na badania i rozwój. Kielbasa wyborcza?;1;http://innpoland.pl/116741,inn-tygodnia-podsumowujemy-tydzien-w-innowacjach
2015-04-25;http://natemat.pl/;Zobacz 7 najlepszych momentów naszej rozmowyz prezydentem Komorowskim!;1;http://natemat.pl/140523,komorowski-na-ama-z-natemat-wygram-ustawe-po-ktorej-skarbowka-bedzie-rozstrzygac-na-korzysc-podatnika
2015-04-25;http://natemat.pl/;Obejrzyj caly wywiad szefów redakcji Grupy naTemat z Bronislawem Komorowskim;1;https://www.youtube.com/watch?v=tgDSXFliId8&feature=youtu.be
2015-04-25;http://natemat.pl/;Korwin o imigrantach.  Jesli plyna dobrowolnie i tona, to ich problem;1;http://natemat.pl/140559,korwin-mikke-o-imigrantach-jesli-plyna-dobrowolnie-i-tona-to-ich-problem
2015-04-25;http://natemat.pl/;Komorowski twierdzi, ze Cameron tez nie bierze udzialu w debatach. Sprawdzilismy...;1;http://natemat.pl/140579,komorowski-w-natemat-cameron-tez-nie-bierze-udzialu-w-debatach-trzy-tygodnie-temu-rozmawial-z-faragem-i-reszta
2015-04-25;http://natemat.pl/;Maciej Kowalski;1;http://maciejkowalski.natemat.pl/
2015-04-25;http://natemat.pl/;Kandydaci na Prezydenta RP o marihuanie;1;http://maciejkowalski.natemat.pl/140563,kandydaci-na-prezydenta-rp-o-marihuanie-odpowiedzi
2015-04-25;http://natemat.pl/;Wiele twarzy Pawla Kukiza;1;http://natemat.pl/140635,50-twarzy-pawla-kukiza-bezkompromisowy-kandydat-ktory-zmienia-poglady-jak-rekawiczki-by-przypodobac-sie-tlumom
2015-04-25;http://natemat.pl/;Kobieta uderzyla prezydenta Wenezueli mango. Dostala za to mieszkanie;1;http://natemat.pl/140669,kobieta-uderzyla-prezydenta-venezueli-mango-dostala-za-to-mieszkanie
2015-04-25;http://www.gazeta.pl;JKM o Nocnych Wilkach:  Drogi są po to...;1;http://wiadomosci.gazeta.pl/wiadomosci/1,114871,17815273,Korwin_Mikke_o__Nocnych_Wilkach____Drogi_sa_po_to_.html#BoxNewsLink
2015-04-25;http://www.gazeta.pl;Palikot w Toruniu:  Rydzyku, zrobię z tobą porządek!;1;http://wiadomosci.gazeta.pl/wiadomosci/1,138764,17814572,Palikot_w_Toruniu____Rydzyku__zrobie_z_toba_porzadek.html#BoxNewsLink
2015-04-25;http://www.gazeta.pl;Sondaż CBOS: Przewaga Komorowskiego topnieje;1;http://wiadomosci.gazeta.pl/wiadomosci/1,114871,17808572,Najnowszy_sondaz_CBOS__Bedzie_druga_tura__Przewaga.html#BoxNewsLink
2015-04-25;http://www.dziennik.pl;Poeta nie chce nagrody od prezydent stolicy. Zrezygnował ze 100 tys.;2;http://kultura.dziennik.pl/ksiazki/artykuly/488819,jaroslaw-marek-rymkiewicz-odmawia-przyjecia-nagrody-od-miasta-ktorym-rzadzi-hanna-gronkiewicz-waltz.html
2015-04-25;http://www.dziennik.pl;Palikot ostro atakuje Radio Maryja, chce odebrania koncesji;2;http://wiadomosci.dziennik.pl/wybory-prezydenckie/artykuly/488839,janusz-palikot-atakuje-radio-maryja-chce-odebrania-koncesji.html
2015-04-25;http://www.dziennik.pl;Prezydent o Władysławie Bartoszewskim: Metr z Sevres polskiego patriotyzmu;1;http://wiadomosci.dziennik.pl/polityka/artykuly/488825,prezydent-komorowski-o-wladyslawie-bartoszewskim-metr-z-sevres-polskiego-patriotyzmu.html
2015-04-25;http://wyborcza.pl/0,0.html?piano_d=1;Korwin-Mikke: To, co robią Duda i Komorowski, to prosta droga do wojny;3;http://wyborcza.pl/1,75478,17812941,Korwin_Mikke__Strasza__ze_jak_Korwin_dorwie_sie_do.html
2015-04-25;http://wyborcza.pl/0,0.html?piano_d=1;Palikot w Toruniu: - Rydzyku, zrobię z tobą porządek [ZDJĘCIA];2;http://torun.gazeta.pl/torun/1,48723,17814572,Palikot_w_Toruniu____Rydzyku__zrobie_z_toba_porzadek.html
2015-04-25;http://wyborcza.pl/0,0.html?piano_d=1;Korwin chce haremu, bowiem jest katolik;3;http://wyborcza.pl/1,75968,17809588,Korwin_chce_haremu__bowiem_jest_katolik__Jak_drzec.html
2015-04-25;http://wyborcza.pl/0,0.html?piano_d=1;Świetna okazja, żeby napluć na prezydenta;3;http://wyborcza.pl/1,143644,17805598,Wizy_dla_Amerykanow.html
