date;portal;title;position;link
2015-03-25;http://www.wp.pl;4 min.Nielegalne finansowanie kampanii Dutkiewicza?;2;http://wiadomosci.wp.pl/kat,1342,title,Akt-oskarzenia-ws-kampanii-komitetu-pod-patronatem-Rafala-Dutkiewicza,wid,17389521,wiadomosc.html
2015-03-25;http://www.wp.pl;wazneBalcerowicz nie zostawia suchej nitki na Dudzie.  Wciskaja nam kit;2;http://finanse.wp.pl/kat,1033787,title,Balcerowicz-Wciskaja-nam-kit,wid,17388424,wiadomosc.html
2015-03-25;http://www.wp.pl;1 godz.Kiedy przyjmiemy euro? Komorowski odpowiada;2;http://www.money.pl/gospodarka/wiadomosci/artykul/polska-w-strefie-euro-nie-ma-na-razie,184,0,1745080.html
2015-03-25;http://www.wp.pl;Łukasz Warzecha dla WP: ja chcę do Polski Racjonalnej. Tylko proszę najpierw o wyjaśnienie;1;/kat,140394,title,Lukasz-Warzecha-dla-WP-ja-chce-do-Polski-Racjonalnej-Tylko-prosze-najpierw-o-wyjasnienie,wid,17388987,wiadomosc.html
2015-03-25;http://www.wp.pl;Jan Rostowski: Polska nie wejdzie do strefy euro w przyszłej kadencji;1;/kat,140394,title,Jan-Rostowski-Polska-nie-wejdzie-do-strefy-euro-w-przyszlej-kadencji,wid,17388261,wiadomosc.html
2015-03-25;http://www.wprost.pl/;Duda straszy drożyzną po wprowadzeniu euro. Ekonomiści: Działanie propagandowe;4;http://www.wprost.pl/ar/499867/Duda-straszy-drozyzna-po-wprowadzeniu-euro-Ekonomisci-Dzialanie-propagandowe/
2015-03-25;http://www.wprost.pl/;Komorowski spotkał się z żołnierzami.  Czujemy bezpieczeństwo dzięki...;2;http://www.wprost.pl/ar/500018/Komorowski-spotkal-sie-z-zolnierzami-Czujemy-bezpieczenstwo-dzieki/
2015-03-25;http://www.wprost.pl/;Komorowski: Likwidacja WSI to zbrodnia i hańba;2;http://www.wprost.pl/ar/500012/Komorowski-Likwidacja-WSI-to-zbrodnia-i-hanba/
2015-03-25;http://www.wprost.pl/;Duda straszy drożyzną po wprowadzeniu euro. Ekonomiści: Działanie propagandowe;1;http://www.wprost.pl/ar/499867/Duda-straszy-drozyzna-po-wprowadzeniu-euro-Ekonomisci-Dzialanie-propagandowe/
2015-03-25;http://www.wprost.pl/;SLD oddaje wybory walkowerem;1;http://www.wprost.pl/ar/499809/SLD-oddaje-wybory-walkowerem/
2015-03-25;http://www.wprost.pl/;Duda musi udowadniać wyborcom, że jest naprawdę kandydatem PiS;1;http://www.wprost.pl/ar/499663/Duda-musi-udowadniac-wyborcom-ze-jest-naprawde-kandydatem-PiS/
2015-03-25;http://www.wprost.pl/;Komorowski: Tu ginęli żołnierze radzieccy. Nałęcz: Kto to kwestionuje, jest propagandystą;1;http://www.wprost.pl/ar/498752/Komorowski-Tu-gineli-zolnierze-radzieccy-Nalecz-Kto-to-kwestionuje-jest-propagandysta/
2015-03-25;http://www.wprost.pl/;Gdzie poszła kasa Palikota?;1;http://www.wprost.pl/ar/498397/Gdzie-poszla-kasa-Palikota/
2015-03-25;http://www.onet.pl/;Prezydent zabral glos w sprawie euro w Polsce;1;http://biznes.onet.pl/waluty/wiadomosci/komorowski-polska-nie-jest-obecnie-gotowa-by-wejsc-do-strefy-euro/v5mcn1
2015-03-25;http://www.onet.pl/;Ogórek: prawo podatkowe trzeba napisac od nowa;1;http://biznes.onet.pl/podatki/wiadomosci/ogorek-prawo-podatkowe-powinno-zostac-napisane-od-nowa/qjn177
2015-03-25;http://www.newsweek.pl/;Kukiz-artysta? Mimo wszystko lepiej, niz Kukiz-polityk;4;http://opinie.newsweek.pl/szanse-pawla-kukiza-w-wyborach-prezydenckich,artykuly,359737,1.html
2015-03-25;http://www.newsweek.pl/;Eurodemony Andrzeja Dudy;4;http://swiat.newsweek.pl/czy-w-polsce-bedzie-euro-pis-nie-chce-wprowadzic-euro,artykuly,359698,1.html
2015-03-25;http://www.newsweek.pl/;Magdalena Ogórek jest za legalizacja marihuany;2;http://polska.newsweek.pl/legalizacja-marihuany-magdalena-ogorek-wybory-2015,artykuly,359684,1.html
2015-03-25;http://www.tvn24.pl/;Palikot z podpisami w PKW, Ogórek na targowisku.  Prosze was o serdecznosc;3;http://www.tvn24.pl/kampania-wyborcza-palikot-sklada-podpisy-w-pkw-ogorek-na-bazarze,527533,s.html
2015-03-25;http://www.tvn24.pl/;Odtwórz: Palikot z podpisami w PKW, Ogórek na targowisku.  Prosze was o serdecznosc;3;http://www.tvn24.pl/kampania-wyborcza-palikot-sklada-podpisy-w-pkw-ogorek-na-bazarze,527533,s.html
2015-03-25;http://www.tvn24.pl/;Pojechac  dudabusem  do  bronkomarketu  i wrócic  tram korwin one . Bogaty jezyk w szarej kampanii;3;/lodz,69/pojechac-dudabusem-do-bronkomarketu-i-wrocic-tram-korwin-one-bogaty-jezyk-w-szarej-kampanii,527123.html
2015-03-25;http://www.tvn24.pl/;Gdzie jest obalony prezydent Jemenu?;3;http://www.tvn24.pl/huti-zdobyli-wielka-wojskowa-baze-wkrotce-bitwa-o-aden,527473,s.html
2015-03-25;http://www.tvn24.pl/;Gdzie jest obalony prezydent Jemenu? Aden szykuje sie na wielka bitwe;2;http://www.tvn24.pl/wiadomosci-ze-swiata,2/gdzie-jest-obalony-prezydent-jemenu-aden-szykuje-sie-na-wielka-bitwe,527473.html
2015-03-25;http://www.tvn24.pl/;Komorowski: Polska nie jest gotowa na przyjecie euro;2;http://tvn24bis.pl/redirect/komorowski-polska-nie-jest-gotowa-na-przyjecie-euro,527465.html
2015-03-25;http://www.tvn24.pl/;ZUS bez szefa na dluzej? Przez wybory;2;http://tvn24bis.pl/redirect/zus-bez-szefa-na-dluzej-przez-wybory,527407.html
2015-03-25;http://www.tvn24.pl/;Rostowski: Polska nie wejdzie do strefy euro w przyszlej kadencji prezydenta;2;http://tvn24bis.pl/redirect/rostowski-polska-nie-wejdzie-do-strefy-euro-w-przyszlej-kadencji-prezydenta,527334.html
2015-03-25;http://www.tvn24.pl/;Palikot z podpisami w PKW, Ogórek na targowisku.  Prosze was o serdecznosc;2;http://www.tvn24.pl/palikot-z-podpisami-w-pkw-ogorek-na-targowisku-prosze-was-o-serdecznosc,527533,s.html
2015-03-25;http://www.tvn24.pl/;Gdzie jest obalony prezydent Jemenu?;2;http://www.tvn24.pl/gdzie-jest-obalony-prezydent-jemenu,527473,s.html
2015-03-25;http://www.tvn24.pl/;Palikot z podpisami w PKW, Ogórek na targowisku.  Prosze was o serdecznosc;1;http://www.tvn24.pl/kampania-wyborcza-palikot-sklada-podpisy-w-pkw-ogorek-na-bazarze,527533,s.html
2015-03-25;http://www.tvn24.pl/;Odtwórz: Palikot z podpisami w PKW, Ogórek na targowisku.  Prosze was o serdecznosc;1;http://www.tvn24.pl/kampania-wyborcza-palikot-sklada-podpisy-w-pkw-ogorek-na-bazarze,527533,s.html
2015-03-25;http://www.tvn24.pl/;Pojechac  dudabusem  do  bronkomarketu  i wrócic  tram korwin one . Bogaty jezyk w szarej kampanii;1;http://www.tvn24.pl/lodz,69/pojechac-dudabusem-do-bronkomarketu-i-wrocic-tram-korwin-one-bogaty-jezyk-w-szarej-kampanii,527123.html
2015-03-25;http://www.tvn24.pl/;Gdzie jest obalony prezydent Jemenu?;1;http://www.tvn24.pl/huti-zdobyli-wielka-wojskowa-baze-wkrotce-bitwa-o-aden,527473,s.html
2015-03-25;http://natemat.pl/;Komorowski nie boi sie Dudy i drugiej tury.  Mam 74 proc. zaufania . Pomija jednak inne sondaze;3;http://natemat.pl/137689,komorowski-nie-boi-sie-dudy-i-drugiej-tury-mam-74-procent-zaufania
2015-03-25;http://natemat.pl/;Czlowiek ze zdjecia, który ma  rozlozyc  kampanie Komorowskiego;1;http://natemat.pl/137621,czlowiek-ze-zdjecia-kariera-piotra-p-ktorego-przypadkowy-uscisk-reki-ma-rozlozyc-kampanie-bronislawa-komorowskiego
2015-03-25;http://natemat.pl/;Szklany sufit Dudy;1;http://natemat.pl/137585,szklany-sufit-dudy-prawica-wieszczy-sukces-a-on-nie-przekonal-do-siebie-nawet-wyborcow-pis
2015-03-25;http://natemat.pl/;Panstwo Komorowscy sa mile widzianymi goscmi;1;http://natemat.pl/137661,panstwo-komorowscy-sa-mile-widzianymi-goscmi-mojej-restauracji-amaro-zaprzecza-ze-odmowil-rezerwacji-prezydentowi
2015-03-25;http://www.gazeta.pl;Komorowski pytany o związki ze SKOK-ami.  Pozwę ich;1;http://wiadomosci.gazeta.pl/wiadomosci/1,143907,17654090,Olejnik_pyta_Komorowskiego_o_zwiazki_ze_SKOK_ami_.html?lokale=local
2015-03-25;http://www.dziennik.pl;Mobilizacja narodowców i  kuców  Korwina. Ile zebrali podpisów?;2;http://wiadomosci.dziennik.pl/wybory-prezydenckie/galeria/486239,rekordowa-lista-dudy-ile-podpisow-zebrali-kandydaci-na-prezydenta.html
2015-03-25;http://www.dziennik.pl;Jarosław Kaczyński: To są w gruncie rzeczy wybory o euro;1;http://wiadomosci.dziennik.pl/polityka/artykuly/486183,wybory-prezydenckie-2015-kaczynski-prezes-pis-to-sa-wybory-o-euro.html
2015-03-25;http://wyborcza.pl/0,0.html?piano_d=1;Komorowski: Likwidacja WSI była hańbą i zbrodnią;3;http://wyborcza.pl/1,75478,17654465,Komorowski__Likwidacja_WSI_byla_hanba_i_zbrodnia_.html
2015-03-25;http://wyborcza.pl/0,0.html?piano_d=1;Andrzej Duda wyciąga zwietrzałe euro. Kiedy Polska w strefie euro?;3;http://wyborcza.pl/1,75478,17653130,Andrzej_Duda_wyciaga_zwietrzale_euro__Kiedy_Polska.html
2015-03-25;http://wyborcza.pl/0,0.html?piano_d=1;Komorowski wyrównał szereg;3;http://wyborcza.pl/politykaekstra/1,144442,17653383,Komorowski_wyrownal_szereg.html
2015-03-25;http://www.wp.pl;1 godz.Jest czwarty kandydat w wyborach;2;http://wiadomosci.wp.pl/kat,1342,title,PKW-zarejestrowala-kandydature-Kukiza-Zlozyl-prawie-200-tys-podpisow-poparcia,wid,17390989,wiadomosc.html
2015-03-25;http://www.wp.pl;wazneBalcerowicz nie zostawia suchej nitki na Dudzie.  Wciskaja nam kit;2;http://finanse.wp.pl/kat,1033787,title,Balcerowicz-Wciskaja-nam-kit,wid,17388424,wiadomosc.html
2015-03-25;http://www.wp.pl;wazneKiedy przyjmiemy euro? Komorowski odpowiada;2;http://www.money.pl/gospodarka/wiadomosci/artykul/polska-w-strefie-euro-nie-ma-na-razie,184,0,1745080.html
2015-03-25;http://www.wp.pl;Łukasz Warzecha dla WP: ja chcę do Polski Racjonalnej. Tylko proszę najpierw o wyjaśnienie;1;/kat,140394,title,Lukasz-Warzecha-dla-WP-ja-chce-do-Polski-Racjonalnej-Tylko-prosze-najpierw-o-wyjasnienie,wid,17388987,wiadomosc.html
2015-03-25;http://www.wp.pl;Jan Rostowski: Polska nie wejdzie do strefy euro w przyszłej kadencji;1;/kat,140394,title,Jan-Rostowski-Polska-nie-wejdzie-do-strefy-euro-w-przyszlej-kadencji,wid,17388261,wiadomosc.html
2015-03-25;http://www.wprost.pl/;Komorowski spotkał się z żołnierzami.  Czujemy bezpieczeństwo dzięki...;2;http://www.wprost.pl/ar/500018/Komorowski-spotkal-sie-z-zolnierzami-Czujemy-bezpieczenstwo-dzieki/
2015-03-25;http://www.wprost.pl/;Duda straszy drożyzną po wprowadzeniu euro. Ekonomiści: Działanie propagandowe;1;http://www.wprost.pl/ar/499867/Duda-straszy-drozyzna-po-wprowadzeniu-euro-Ekonomisci-Dzialanie-propagandowe/
2015-03-25;http://www.wprost.pl/;SLD oddaje wybory walkowerem;1;http://www.wprost.pl/ar/499809/SLD-oddaje-wybory-walkowerem/
2015-03-25;http://www.wprost.pl/;Duda musi udowadniać wyborcom, że jest naprawdę kandydatem PiS;1;http://www.wprost.pl/ar/499663/Duda-musi-udowadniac-wyborcom-ze-jest-naprawde-kandydatem-PiS/
2015-03-25;http://www.wprost.pl/;Komorowski: Tu ginęli żołnierze radzieccy. Nałęcz: Kto to kwestionuje, jest propagandystą;1;http://www.wprost.pl/ar/498752/Komorowski-Tu-gineli-zolnierze-radzieccy-Nalecz-Kto-to-kwestionuje-jest-propagandysta/
2015-03-25;http://www.wprost.pl/;Gdzie poszła kasa Palikota?;1;http://www.wprost.pl/ar/498397/Gdzie-poszla-kasa-Palikota/
2015-03-25;http://www.onet.pl/;PKW: czterech kandydatów na prezydenta Polski;2;http://wiadomosci.onet.pl/kraj/pkw-czterech-kandydatow-na-prezydenta-polski/d1lbhe
2015-03-25;http://www.onet.pl/;Ziobro atakuje B. Komorowskiego ws. SKOK-ów;2;http://wiadomosci.onet.pl/kraj/solidarna-polska-chce-przesluchania-komorowskiego-po-prokuratura-nie-dzialala-na/j6gjpq
2015-03-25;http://www.onet.pl/;Prezydent zabral glos w sprawie euro w Polsce;1;http://biznes.onet.pl/waluty/wiadomosci/komorowski-polska-nie-jest-obecnie-gotowa-by-wejsc-do-strefy-euro/v5mcn1
2015-03-25;http://www.onet.pl/;Ogórek: prawo podatkowe trzeba napisac od nowa;1;http://biznes.onet.pl/podatki/wiadomosci/ogorek-prawo-podatkowe-powinno-zostac-napisane-od-nowa/qjn177
2015-03-25;http://www.newsweek.pl/;Kukiz-artysta? Mimo wszystko lepiej, niz Kukiz-polityk;4;http://opinie.newsweek.pl/szanse-pawla-kukiza-w-wyborach-prezydenckich,artykuly,359737,1.html
2015-03-25;http://www.newsweek.pl/;6,powodów,by,Andrzej,Duda,przestal,straszyc,Euro,Dyskusja,o,wprowadzeniu,euro,w,Polsce,to,dowód,ze,spin,doktorzy,PiS,uwazaja,wyborców,za,stado,baranów,którym,mozna,wmówic,kazda,bzdure;1;http://swiat.newsweek.pl/czy-w-polsce-bedzie-euro-pis-nie-chce-wprowadzic-euro,artykuly,359698,1.html
2015-03-25;http://www.newsweek.pl/;Koniec,konfliktu,oligarchów,na,Ukrainie,W,moim,kraju,nikt,nie,bedzie,mial,prywatnej,armii,mówil,prezydent,Ukrainy,Petro,Poroszenko,komentujac,dzialania,Kolomojskiego,Kolomojski,zlozyl,dymisje;1;http://swiat.newsweek.pl/kolomojski-oligarchowie-na-ukrainie-najbogatsi-ukraincy,artykuly,359735,1.html
2015-03-25;http://www.tvn24.pl/;Slupsk nie chce fotoradarów.  To niezgodne z programem prezydenta Biedronia;3;/pomorze,42/slupsk-nie-chce-fotoradarow-to-niezgodne-z-programem-prezydenta-biedronia,511456.html
2015-03-25;http://www.tvn24.pl/;Kurczy sie lista gosci na Paradzie Zwyciestwa. Prezydent Finlandii nie jedzie do Moskwy;3;http://www.tvn24.pl/defilada-na-placu-czerwonym-do-moskwy-nie-jedzie-prezydent-finlandii,527584,s.html
2015-03-25;http://www.tvn24.pl/;Gdzie jest obalony prezydent Jemenu?;3;http://www.tvn24.pl/huti-zdobyli-wielka-wojskowa-baze-wkrotce-bitwa-o-aden,527473,s.html
2015-03-25;http://www.tvn24.pl/;Przesluchac Komorowskiego ws. SKOK-ów . Grupinski: prokuratura nie realizuje zlecen polityków;2;http://www.tvn24.pl/wiadomosci-z-kraju,3/przesluchac-komorowskiego-ws-skok-ow-grupinski-prokuratura-nie-realizuje-zlecen-politykow,527614.html
2015-03-25;http://www.tvn24.pl/;Kurczy sie lista gosci na Paradzie Zwyciestwa. Prezydent Finlandii nie jedzie do Moskwy;2;http://www.tvn24.pl/kurczy-sie-lista-gosci-na-paradzie-zwyciestwa-prezydent-finlandii-nie-jedzie-do-moskwy,527584,s.html
2015-03-25;http://www.tvn24.pl/;Gdzie jest obalony prezydent Jemenu?;2;http://www.tvn24.pl/gdzie-jest-obalony-prezydent-jemenu,527473,s.html
2015-03-25;http://www.tvn24.pl/;Komorowski: Polska nie jest gotowa na przyjecie euro;2;http://tvn24bis.pl/redirect/komorowski-polska-nie-jest-gotowa-na-przyjecie-euro,527465.html
2015-03-25;http://www.tvn24.pl/;Slupsk nie chce fotoradarów.  To niezgodne z programem prezydenta Biedronia;1;http://www.tvn24.pl/pomorze,42/slupsk-nie-chce-fotoradarow-to-niezgodne-z-programem-prezydenta-biedronia,511456.html
2015-03-25;http://www.tvn24.pl/;Kurczy sie lista gosci na Paradzie Zwyciestwa. Prezydent Finlandii nie jedzie do Moskwy;1;http://www.tvn24.pl/defilada-na-placu-czerwonym-do-moskwy-nie-jedzie-prezydent-finlandii,527584,s.html
2015-03-25;http://www.tvn24.pl/;Gdzie jest obalony prezydent Jemenu?;1;http://www.tvn24.pl/huti-zdobyli-wielka-wojskowa-baze-wkrotce-bitwa-o-aden,527473,s.html
2015-03-25;http://natemat.pl/;Komorowski nie boi sie Dudy i drugiej tury.  Mam 74 proc. zaufania . Pomija jednak inne sondaze;2;http://natemat.pl/137689,komorowski-nie-boi-sie-dudy-i-drugiej-tury-mam-74-procent-zaufania
2015-03-25;http://natemat.pl/;Szklany sufit Dudy;1;http://natemat.pl/137585,szklany-sufit-dudy-prawica-wieszczy-sukces-a-on-nie-przekonal-do-siebie-nawet-wyborcow-pis
2015-03-25;http://natemat.pl/;Panstwo Komorowscy sa mile widzianymi goscmi;1;http://natemat.pl/137661,panstwo-komorowscy-sa-mile-widzianymi-goscmi-mojej-restauracji-amaro-zaprzecza-ze-odmowil-rezerwacji-prezydentowi
2015-03-25;http://www.gazeta.pl;Ziobro chce przesłuchania Komorowskiego. A PO na to...;1;http://wiadomosci.gazeta.pl/wiadomosci/1,114871,17657190,Ziobro_chce_przesluchania_Komorowskiego__PO__prokuratura.html
2015-03-25;http://www.dziennik.pl;Jarosław Kaczyński: To są w gruncie rzeczy wybory o euro;1;http://wiadomosci.dziennik.pl/polityka/artykuly/486183,wybory-prezydenckie-2015-kaczynski-prezes-pis-to-sa-wybory-o-euro.html
2015-03-25;http://wyborcza.pl/0,0.html?piano_d=1;Komorowski: Likwidacja WSI była hańbą i zbrodnią;3;http://wyborcza.pl/1,75478,17654465,Komorowski__Likwidacja_WSI_byla_hanba_i_zbrodnia_.html
2015-03-25;http://wyborcza.pl/0,0.html?piano_d=1;Komorowski wyrównał szereg;3;http://wyborcza.pl/politykaekstra/1,144442,17653383,Komorowski_wyrownal_szereg.html
2015-03-24;http://wpolityce.pl/szukaj?q=wybory%20prezydenckie&page=1;Pawel Kukiz zarejestrowany jako kandydat na prezydenta;2;http://www.wpolityce.pl/polityka/238571-pawel-kukiz-zarejestrowany-jako-kandydat-na-prezydenta
2015-03-24;http://wpolityce.pl/szukaj?q=wybory%20prezydenckie&page=1;Jan Olszewski o Komorowskim i WSI:  trzeba podziwiac pana prezydenta Komorowskiego za pelna stalosc jego uczuc i pogladów;2;http://www.wpolityce.pl/polityka/238548-jan-olszewski-o-komorowskim-i-wsi-trzeba-podziwiac-pana-prezydenta-komorowskiego-za-pelna-stalosc-jego-uczuc-i-pogladow
2015-03-24;http://wpolityce.pl/szukaj?q=wybory%20prezydenckie&page=1;Prezydencka kampania przebiega wedle zasady, temu damy konia z rzedem, temu buzi, temu w gebe. Rzeczowa debata dopiero nastapi;2;http://www.wpolityce.pl/polityka/238480-prezydencka-kampania-przebiega-wedle-zasady-temu-damy-konia-z-rzedem-temu-buzi-temu-w-gebe-rzeczowa-debata-dopiero-nastapi
2015-03-23;http://wpolityce.pl/szukaj?q=wybory%20prezydenckie&page=1;Kopacz i Komorowski bez teflonu.  Racjonalnosc nie najlepiej przystaje do nerwowosci i chaotycznosci pani premier lub wujowatosci prezydenta;2;http://www.wpolityce.pl/polityka/238461-kopacz-i-komorowski-bez-teflonu-racjonalnosc-nie-najlepiej-przystaje-do-nerwowosci-i-chaotycznosci-pani-premier-lub-wujowatosci-prezydenta
2015-03-23;http://wpolityce.pl/szukaj?q=wybory%20prezydenckie&page=1;Myhailo Krasiuk: Czy naprawde 20 procent Polaków chce Wladimira Wladimirowicza na Prezydenta Polski?;2;http://www.wpolityce.pl/swiat/238455-myhailo-krasiuk-czy-naprawde-20-procent-polakow-chce-wladimira-wladimirowicza-na-prezydenta-polski
2015-03-23;http://wpolityce.pl/szukaj?q=wybory%20prezydenckie&page=1;Euro to dobry temat kampanii. Wiecej - to jeden z naszych najwazniejszych politycznych dylematów;2;http://www.wpolityce.pl/polityka/238445-euro-to-dobry-temat-kampanii-wiecej-to-jeden-z-naszych-najwazniejszych-politycznych-dylematow
2015-03-23;http://wpolityce.pl/szukaj?q=wybory%20prezydenckie&page=1;Adam Hofman: 1,6 mln podpisów dla Dudy to nieformalne zobowiazanie konkretnych wyborców. I pokaz sily struktur. NASZ WYWIAD;2;http://www.wpolityce.pl/polityka/238438-adam-hofman-16-mln-podpisow-dla-dudy-to-nieformalne-zobowiazanie-konkretnych-wyborcow-i-pokaz-sily-struktur-nasz-wywiad
2015-03-23;http://wpolityce.pl/szukaj?q=wybory%20prezydenckie&page=1;Ludwik Dorn we  wSieci : Kampania Komorowskiego przypomina dwie najbardziej nieudane kampanie po roku 1989: Mazowieckiego i Kuronia;2;http://www.wpolityce.pl/smolensk/238437-ludwik-dorn-we-wsieci-kampania-komorowskiego-przypomina-dwie-najbardziej-nieudane-kampanie-po-roku-1989-mazowieckiego-i-kuronia
2015-03-23;http://wpolityce.pl/szukaj?q=wybory%20prezydenckie&page=1;Ponad póltora miliona podpisów dla Andrzeja Dudy! PiS pokazuje sile. „To zapowiedz dobrego, bardzo dobrego wyniku”;2;http://www.wpolityce.pl/polityka/238391-ponad-poltora-miliona-podpisow-andrzeja-dudy-pis-pokazuje-sile-to-zapowiedz-dobrego-bardzo-dobrego-wyniku
2015-03-23;http://wpolityce.pl/szukaj?q=wybory%20prezydenckie&page=1;Paradne! Gronkiewicz-Waltz: Duda nie moze byc przeciw euro, bo zarabia w tej walucie!;2;http://www.wpolityce.pl/polityka/238383-paradne-gronkiewicz-waltz-duda-nie-moze-byc-przeciw-euro-bo-zarabia-w-tej-walucie
2015-03-23;http://wpolityce.pl/szukaj?q=wybory%20prezydenckie&page=1;Kowalski i Wilk z podpisami. Narodowiec zlozyl w PKW 188 tys. autografów, a kandydat KNP - 145 tys.;2;http://www.wpolityce.pl/polityka/238378-kowalski-i-wilk-z-podpisami-narodowiec-zlozyl-w-pkw-188-tys-autografow-a-kandydat-knp-145-tys
2015-03-25;http://www.tvp.info/;Tylko u nas   „Duda byl bardzo wazna osoba w akcji oslonowej SKOK-ów”;2;http://www.tvp.info.pl/19403622/duda-byl-bardzo-wazna-osoba-w-akcji-oslonowej-skokow
2015-03-25;http://www.wp.pl;wazneJest czwarty kandydat w wyborach;2;http://wiadomosci.wp.pl/kat,1342,title,PKW-zarejestrowala-kandydature-Kukiza-Zlozyl-prawie-200-tys-podpisow-poparcia,wid,17390989,wiadomosc.html
2015-03-25;http://www.wp.pl;wazneBalcerowicz nie zostawia suchej nitki na Dudzie;2;http://finanse.wp.pl/kat,1033787,title,Balcerowicz-Wciskaja-nam-kit,wid,17388424,wiadomosc.html
2015-03-25;http://www.wp.pl;wazneKiedy przyjmiemy euro? Komorowski odpowiada;2;http://www.money.pl/gospodarka/wiadomosci/artykul/polska-w-strefie-euro-nie-ma-na-razie,184,0,1745080.html
2015-03-25;http://www.wp.pl;Jarosław Kaczyński dla WP: II tura? To już jest przeliczone;1;/kat,140394,title,Jaroslaw-Kaczynski-dla-WP-II-tura-To-juz-jest-przeliczone,wid,17391883,wiadomosc.html
2015-03-25;http://www.wp.pl;Łukasz Warzecha dla WP: ja chcę do Polski Racjonalnej. Tylko proszę najpierw o wyjaśnienie;1;/kat,140394,title,Lukasz-Warzecha-dla-WP-ja-chce-do-Polski-Racjonalnej-Tylko-prosze-najpierw-o-wyjasnienie,wid,17388987,wiadomosc.html
2015-03-25;http://www.wp.pl;Jan Rostowski: Polska nie wejdzie do strefy euro w przyszłej kadencji;1;/kat,140394,title,Jan-Rostowski-Polska-nie-wejdzie-do-strefy-euro-w-przyszlej-kadencji,wid,17388261,wiadomosc.html
2015-03-25;http://www.wprost.pl/;Ziobro złożył wniosek o przesłuchanie prezydenta ws. SKOK-ów;3;http://www.wprost.pl/ar/500046/Ziobro-zlozyl-wniosek-o-przesluchanie-prezydenta-ws-SKOK-ow/
2015-03-25;http://www.wprost.pl/;Air Force One prezydenta USA jest starszy niż rozbity Airbus;2;http://www.wprost.pl/ar/500058/Air-Force-One-prezydenta-USA-jest-starszy-niz-rozbity-Airbus/
2015-03-25;http://www.wprost.pl/;Ziobro złożył wniosek o przesłuchanie prezydenta ws. SKOK-ów;2;http://www.wprost.pl/ar/500046/Ziobro-zlozyl-wniosek-o-przesluchanie-prezydenta-ws-SKOK-ow/
2015-03-25;http://www.wprost.pl/;Duda straszy drożyzną po wprowadzeniu euro. Ekonomiści: Działanie propagandowe;1;http://www.wprost.pl/ar/499867/Duda-straszy-drozyzna-po-wprowadzeniu-euro-Ekonomisci-Dzialanie-propagandowe/
2015-03-25;http://www.wprost.pl/;SLD oddaje wybory walkowerem;1;http://www.wprost.pl/ar/499809/SLD-oddaje-wybory-walkowerem/
2015-03-25;http://www.wprost.pl/;Duda musi udowadniać wyborcom, że jest naprawdę kandydatem PiS;1;http://www.wprost.pl/ar/499663/Duda-musi-udowadniac-wyborcom-ze-jest-naprawde-kandydatem-PiS/
2015-03-25;http://www.wprost.pl/;Komorowski: Tu ginęli żołnierze radzieccy. Nałęcz: Kto to kwestionuje, jest propagandystą;1;http://www.wprost.pl/ar/498752/Komorowski-Tu-gineli-zolnierze-radzieccy-Nalecz-Kto-to-kwestionuje-jest-propagandysta/
2015-03-25;http://www.wprost.pl/;Gdzie poszła kasa Palikota?;1;http://www.wprost.pl/ar/498397/Gdzie-poszla-kasa-Palikota/
2015-03-25;http://www.onet.pl/;Kwasniewski: Andrzej Duda popelnia istotny blad;2;http://wiadomosci.onet.pl/kraj/kwasniewski-andrzej-duda-w-sprawie-euro-popelnia-blad/p0yznp
2015-03-25;http://www.onet.pl/;M. Kowalski - przez start w wyborach stracil prace?;2;http://wiadomosci.onet.pl/kraj/klopoty-mariana-kowalskiego-przez-start-w-wyborach-stracil-prace/cv08wp
2015-03-25;http://www.newsweek.pl/;Kukiz-artysta? Mimo wszystko lepiej, niz Kukiz-polityk;3;http://opinie.newsweek.pl/szanse-pawla-kukiza-w-wyborach-prezydenckich,artykuly,359737,1.html
2015-03-25;http://www.newsweek.pl/;Brytania,juz,wcale,nie,Wielka,Wielka,Brytania,ma,powazny,problem,Z,jednej,strony,wyborcy,chetnie,odsuneliby,na,boczny,tor,Davida,Camerona,z,drugiej,nie,ma,ani,jednego,powaznego,kandydata,który,móglby;1;http://swiat.newsweek.pl/wybory-w-wielkiej-brytanii-2015-david-cameron-czy-ed-miliband,artykuly,359792,1.html
2015-03-25;http://www.newsweek.pl/;6,powodów,by,Andrzej,Duda,przestal,straszyc,Euro,Dyskusja,o,wprowadzeniu,euro,w,Polsce,to,dowód,ze,spin,doktorzy,PiS,uwazaja,wyborców,za,stado,baranów,którym,mozna,wmówic,kazda,bzdure;1;http://swiat.newsweek.pl/czy-w-polsce-bedzie-euro-pis-nie-chce-wprowadzic-euro,artykuly,359698,1.html
2015-03-25;http://www.newsweek.pl/;Ukraina,minister,i,jego,zastepca,aresztowani,za,korupcje,Zatrzymani,to,Serhij,Boczkowski,i,jego,zastepca,Wasyl,Stojecki,Obaj,podejrzani,sa,o,zakup,paliw,po,zawyzonych,cenach;1;http://swiat.newsweek.pl/sytuacja-na-ukrainie-minister-i-jego-zastepca-zatrzymani-za-korupcje,artykuly,359779,1.html
2015-03-25;http://www.newsweek.pl/;Piloci,Germanwings,boja,sie,wsiadac,za,stery,Loty,odwolane,Kilku,czlonków,zalogi,niemieckich,linii,zrezygnowalo,z,pilotowania,maszyn,Germanwings,boja,sie,kolejnych,awarii,Mówia,ze,katastrofa,mogla,byc,zwiazana,z,usterka,która;1;http://swiat.newsweek.pl/katastrofa-we-francji-piloci-nie-chca-latac-germanwings,artykuly,359741,1.html
2015-03-25;http://www.tvn24.pl/;Palikot: Minister Siemoniak jest psem wojny. Mamy amunicji na kilka godzin;3;http://www.tvn24.pl/janusz-palikot-i-gen-waldemar-skrzypczak-w-kropce-na-i,527685,s.html
2015-03-25;http://www.tvn24.pl/;Odtwórz: Palikot: Minister Siemoniak jest psem wojny. Mamy amunicji na kilka godzin;3;http://www.tvn24.pl/janusz-palikot-i-gen-waldemar-skrzypczak-w-kropce-na-i,527685,s.html
2015-03-25;http://www.tvn24.pl/;Kurczy sie lista gosci na Paradzie Zwyciestwa. Prezydent Finlandii nie jedzie do Moskwy;3;http://www.tvn24.pl/defilada-na-placu-czerwonym-do-moskwy-nie-jedzie-prezydent-finlandii,527584,s.html
2015-03-25;http://www.tvn24.pl/;Prezydent  dobrowolnie  opuscil rezydencje i zniknal;3;http://www.tvn24.pl/wojna-domowa-w-jemenie-prezydent-al-hadi-zniknal,527473,s.html
2015-03-25;http://www.tvn24.pl/;Spot Komorowskiego zle odebrany w czesci PO, Ogórek w ostatniej chwili zlozy podpisy;2;http://www.tvn24.pl/wiadomosci-z-kraju,3/spot-komorowskiego-zle-odebrany-w-czesci-po-ogorek-w-ostatniej-chwili-zlozy-podpisy,527692.html
2015-03-25;http://www.tvn24.pl/;Palikot: Minister Siemoniak jest psem wojny. Mamy amunicji na kilka godzin;2;http://www.tvn24.pl/palikot-minister-siemoniak-jest-psem-wojny-mamy-amunicji-na-kilka-godzin,527685,s.html
2015-03-25;http://www.tvn24.pl/;Kurczy sie lista gosci na Paradzie Zwyciestwa. Prezydent Finlandii nie jedzie do Moskwy;2;http://www.tvn24.pl/kurczy-sie-lista-gosci-na-paradzie-zwyciestwa-prezydent-finlandii-nie-jedzie-do-moskwy,527584,s.html
2015-03-25;http://www.tvn24.pl/;Prezydent  dobrowolnie  opuscil rezydencje i zniknal;2;http://www.tvn24.pl/prezydent-dobrowolnie-opuscil-rezydencje-i-zniknal,527473,s.html
2015-03-25;http://www.tvn24.pl/;Kurczy sie lista gosci na Paradzie Zwyciestwa. Prezydent Finlandii nie jedzie do Moskwy;1;http://www.tvn24.pl/defilada-na-placu-czerwonym-do-moskwy-nie-jedzie-prezydent-finlandii,527584,s.html
2015-03-25;http://www.tvn24.pl/;Prezydent  dobrowolnie  opuscil rezydencje i zniknal;1;http://www.tvn24.pl/wojna-domowa-w-jemenie-prezydent-al-hadi-zniknal,527473,s.html
2015-03-25;http://natemat.pl/;Komorowski poprowadzi limuzyne Pilsudskiego w czerwonych spodniach.  Jesli BOR pozwoli;3;http://natemat.pl/137785,komorowski-chce-wziac-udzial-w-wylicytowanej-przez-wosp-przejazdzce-limuzyna-pilsudskiego-jesli-bor-pozwoli
2015-03-25;http://natemat.pl/;Czlowiek ze zdjecia, który ma  rozlozyc  kampanie prezydenta;2;http://natemat.pl/137621,czlowiek-ze-zdjecia-kariera-piotra-p-ktorego-przypadkowy-uscisk-reki-ma-rozlozyc-kampanie-bronislawa-komorowskiego
2015-03-25;http://natemat.pl/;Duda o Polsce w UE: powinnismy prowadzic swoja polityke, a nie plynac w glównym nurcie;2;http://natemat.pl/137763,andrzej-duda-o-polsce-w-ue-powinnismy-prowadzic-swoja-polityke-a-nie-plynac-w-glownym-nurcie
2015-03-25;http://natemat.pl/;Komorowski nie boi sie Dudy i drugiej tury.  Mam 74 proc. zaufania . Pomija jednak inne sondaze;1;http://natemat.pl/137689,komorowski-nie-boi-sie-dudy-i-drugiej-tury-mam-74-procent-zaufania
2015-03-25;http://natemat.pl/;Szklany sufit Dudy;1;http://natemat.pl/137585,szklany-sufit-dudy-prawica-wieszczy-sukces-a-on-nie-przekonal-do-siebie-nawet-wyborcow-pis
2015-03-25;http://www.gazeta.pl;Kropka nad i . Palikot ostro o armii i zdrajcach. Dostało się Komorowskiemu;3;http://wiadomosci.gazeta.pl/wiadomosci/1,114871,17659068,Tyrada_Palikota_u_Olejnik__Wzmacnianie_armii_to_produkcja.html
2015-03-25;http://www.gazeta.pl;Ziobro chce przesłuchania Komorowskiego. A PO na to...;1;http://wiadomosci.gazeta.pl/wiadomosci/1,114871,17657190,Ziobro_chce_przesluchania_Komorowskiego__PO__prokuratura.html
2015-03-25;http://www.dziennik.pl;Andrzej Duda ważną postacią w akcji osłonowej SKOK-ów;3;http://wiadomosci.dziennik.pl/polityka/artykuly/486299,tomasz-nalecz-andrzej-duda-wazna-postacia-w-akcji-oslonowej-skok-ziobro-to-matwa.html
2015-03-25;http://www.dziennik.pl;Prezydent Komorowski dziękuje Owsiakowi za WOŚP. ZDJĘCIA;2;http://wiadomosci.dziennik.pl/wydarzenia/galeria/486293,prezydent-bronislaw-komorowski-zaprosil-jerzego-owsiaka-i-podziekowal-za-wosp.html
2015-03-25;http://www.dziennik.pl;Prezydent przesłuchany ws. SKOK?  Politycznie odpowiedzialny;2;http://wiadomosci.dziennik.pl/polityka/artykuly/486287,afera-skok-zbigniew-ziobro-chce-przesluchania-prezydenta-komorowskiego.html
2015-03-25;http://www.dziennik.pl;Ziobro chce przesłuchania prezydenta. Wini go za aferę wokół SKOK Wołomin;1;http://wiadomosci.dziennik.pl/polityka/artykuly/486287,afera-skok-zbigniew-ziobro-chce-przesluchania-prezydenta-komorowskiego.html
2015-03-25;http://www.dziennik.pl;Olejnik pyta Komorowskiego o aneks do raportu z likwidacji WSI: Może się pani domyślić;1;http://wiadomosci.dziennik.pl/polityka/artykuly/486250,olejnik-pyta-komorowskiego-o-aneks-do-raportu-z-likwidacji-wsi-moze-sie-pani-domyslic.html
2015-03-25;http://wyborcza.pl/0,0.html?piano_d=1;Komorowski: Likwidacja WSI była hańbą i zbrodnią;3;http://wyborcza.pl/1,75478,17654465,Komorowski__Likwidacja_WSI_byla_hanba_i_zbrodnia_.html
2015-03-25;http://wyborcza.pl/0,0.html?piano_d=1;Komorowski wyrównał szereg;3;http://wyborcza.pl/politykaekstra/1,144442,17653383,Komorowski_wyrownal_szereg.html
2015-03-21;http://www.wp.pl;3 min.Gowin atakuje Komorowskiego;2;http://wiadomosci.wp.pl/kat,130496,title,Bic-kobiety-czy-nie-bic-Gowin-kontra-Komorowski,wid,17367015,wiadomosc.html
2015-03-21;http://www.wp.pl;wazneCzerwony Korsarz prosi prezydenta o ulaskawienie;2;http://wiadomosci.wp.pl/kat,1019379,title,Czerwony-Korsarz-z-Gdanska-napisal-list-do-prezydenta-z-prosba-o-ulaskawienie,wid,17367881,wiadomosc.html
2015-03-21;http://www.wp.pl;Zbigniew Ziobro: zwycięstwo Dudy w wyborach najlepszym scenariuszem dla Polski;1;/kat,140394,title,Zbigniew-Ziobro-zwyciestwo-Dudy-w-wyborach-najlepszym-scenariuszem-dla-Polski,wid,17372267,wiadomosc.html
2015-03-21;http://www.wp.pl;Paweł Kukiz: wysyłając broń na Ukrainę, strzelimy sobie w kolano;1;/kat,140394,title,Pawel-Kukiz-wysylajac-bron-na-Ukraine-strzelimy-sobie-w-kolano,wid,17371350,wiadomosc.html
2015-03-21;http://www.wp.pl;Ruchy ochrony wyborów;1;/kat,140394,title,Ruchy-ochrony-wyborow,wid,17371335,wiadomosc.html
2015-03-21;http://www.wprost.pl/;Kukiz: Bez struktur, bez pieniędzy obudził się duch obywatelski;2;http://www.wprost.pl/ar/499425/Kukiz-Bez-struktur-bez-pieniedzy-obudzil-sie-duch-obywatelski/
2015-03-21;http://www.wprost.pl/;Komorowski: Tu ginęli żołnierze radzieccy. Nałęcz: Kto to kwestionuje, jest propagandystą;1;http://www.wprost.pl/ar/498752/Komorowski-Tu-gineli-zolnierze-radzieccy-Nalecz-Kto-to-kwestionuje-jest-propagandysta/
2015-03-21;http://www.wprost.pl/;Gdzie poszła kasa Palikota?;1;http://www.wprost.pl/ar/498397/Gdzie-poszla-kasa-Palikota/
2015-03-21;http://www.onet.pl/;A. Duda apeluje do Bronislawa Komorowskiego. Polacy powinni uzyskac odpowiedz;2;http://wiadomosci.onet.pl/kraj/andrzej-duda-polacy-powinni-wiedziec-czy-komorowski-jest-za-wprowadzeniem-euro/mhm59f
2015-03-21;http://www.onet.pl/;Nowy sondaz: PiS goni PO, KORWiN w Sejmie;2;http://polska.newsweek.pl/poparcie-dla-partii-politycznych-sondaz-newsweeka,artykuly,359410,1.html
2015-03-21;http://www.newsweek.pl/;CBOS: Komorowski w II turze z z Duda;2;http://polska.newsweek.pl/kto-wygra-wybory-prezydenckie-sondaz-cbos,artykuly,359428,1.html
2015-03-21;http://www.newsweek.pl/;Komorowski w I turze. Kukiz czarnym koniem wyborów;2;http://polska.newsweek.pl/kto-wygra-wybory-prezydenckie-kukiz-czarnym-koniem-wyborow,artykuly,359357,1.html
2015-03-21;http://www.tvn24.pl/;Ogórek: zwieksze kwote wolna od podatku do 20 tys. zl. Eksperci: nierealistyczne;3;http://tvn24bis.pl/redirect/magdalena-ogorek-zwieksze-kwoty-wolnej-od-podatku-do-20-tys-zlotych,525369.html
2015-03-21;http://www.tvn24.pl/;Komorowski i jego  szogun  rozlozyli konkurencje na lopatki. Wybraliscie wideo tygodnia;3;/ciekawostki-michalki,5/komorowski-i-jego-szogun-rozlozyli-konkurencje-na-lopatki-wybraliscie-wideo-tygodnia,519514.html
2015-03-21;http://www.tvn24.pl/;Ogórek: zwieksze kwote wolna od podatku do 20 tys. zl. “To nierealistyczne”;2;http://tvn24bis.pl/redirect/ogorek-zwieksze-kwote-wolna-od-podatku-do-20-tys-zl-to-nierealistyczne,525369.html
2015-03-21;http://www.tvn24.pl/;Ogórek: zwieksze kwote wolna od podatku do 20 tys. zl. Eksperci: nierealistyczne;2;http://tvn24bis.pl/redirect/ogorek-zwieksze-kwote-wolna-od-podatku-do-20-tys-zl-eksperci-nierealistyczne,525369.html
2015-03-21;http://www.tvn24.pl/;Ogórek: zwieksze kwote wolna od podatku do 20 tys. zl. Eksperci: nierealistyczne;1;http://tvn24bis.pl/redirect/magdalena-ogorek-zwieksze-kwoty-wolnej-od-podatku-do-20-tys-zlotych,525369.html
2015-03-21;http://www.tvn24.pl/;Komorowski i jego  szogun  rozlozyli konkurencje na lopatki. Wybraliscie wideo tygodnia;1;http://www.tvn24.pl/ciekawostki-michalki,5/komorowski-i-jego-szogun-rozlozyli-konkurencje-na-lopatki-wybraliscie-wideo-tygodnia,519514.html
2015-03-21;http://natemat.pl/;Palikot w spocie pokazuje swoja rodzine i wspólpracowników. A przy okazji lamie prawo;4;http://natemat.pl/137319,palikot-w-spocie-pokazuje-swoja-rodzine-i-wspolpracownikow-w-nowym-spocie-a-przy-okazji-lamie-prawo
2015-03-21;http://natemat.pl/;„Nie” dla euro i krytyka Komorowskiego. Nowy pomysl na kampanie Dudy;3;http://natemat.pl/137309,nie-dla-wprowadzenia-euro-i-krytyka-komorowskiego-andrzej-duda-z-nowym-pomyslem-na-kampanie
2015-03-21;http://natemat.pl/;Korwin-Mikke wieszczy koniec naszej cywilizacji: „Podbija nas muzulmanie lub wykupia Chinczycy”;3;http://natemat.pl/137301,janusz-korwin-mikke-wieszczy-koniec-naszej-cywilizacji-podbija-nas-muzulmanie-lub-wykupia-chinczycy
2015-03-21;http://natemat.pl/;Kamizelki kuloodporne zamiast broni. Kukiz przeciwko zbrojnej pomocy Ukraincom;2;http://natemat.pl/137295,kamizelki-kuloodporne-zamiast-broni-kukiz-przeciwko-zbrojnej-pomocy-ukraincom
2015-03-21;http://natemat.pl/;To oczywiste kogo wspieram . Tusk otwarcie poparl Bronislawa Komorowskiego;2;http://natemat.pl/137269,donald-tusk-otwarcie-poparl-kandydature-komorowskiego-to-oczywiste-kogo-wspieram
2015-03-21;http://natemat.pl/;Dziennikarka TVP, Korwin-Mikke i pytanie na podstawie tekstu z ASZdziennika;1;http://aszdziennik.pl/114609,dziennikarka-tvp-korwin-mikke-i-pytanie-na-podstawie-tekstu-z-aszdziennika-wideo
2015-03-21;http://natemat.pl/;Kublik twierdzi, ze wybory na prezesa PAN powinna wygrac kobieta. Odpowiadamy: Plec nie decyduje o stanowisku;1;http://katarzynazachariasz.innpoland.pl/115957,kobiety-nie-wymagaja-specjalnej-troski
2015-03-21;http://natemat.pl/;Od lowcy gryzoni po niedoszlego prezydenta. O tym, jak koty zdominowaly swiat;1;http://natemat.pl/137265,od-lowcy-gryzoni-po-niedoszlego-prezydenta-jak-koty-zdominowaly-swiat-i-podzielily-ludzi
2015-03-21;http://natemat.pl/;Staniszkis z Czarzastym w TVN24 komentuja zdjecie z lat. 80:  Wygladalam podobnie do Ogórek;1;http://natemat.pl/137281,staniszkis-z-czarzastym-w-tvn24-komentuja-zdjecie-z-lat-80-wygladalam-podobnie-do-pani-ogorek
2015-03-21;http://natemat.pl/;Andrzej Duda jak Lech Kaczynski;1;http://natemat.pl/134077,andrzej-duda-jak-lech-kaczynski-tez-ma-swoj-obywatelski-ruch-poparcia-a-w-nim-sami-ludzie-pis-u
2015-03-21;http://www.gazeta.pl;Polska w strefie euro od 2016? Duda: Powinniśmy wiedzieć, czy prezydent jest za wprowadzeniem tej waluty;2;http://wiadomosci.gazeta.pl/wiadomosci/1,143907,17635570,Wybory_prezydenckie_2015__Duda__Polacy_powinni_wiedziec_.html
2015-03-21;http://www.gazeta.pl;JKM w Zielonej Górze: Zabiorą nasze córki do haremów;1;http://wiadomosci.gazeta.pl/wiadomosci/1,138764,17634690,Korwin_Mikke_w_Zielonej_Gorze__Zabiora_nasze_corki.html
2015-03-21;http://www.gazeta.pl;Na TT wrzawa ws. słów Dudy. Naprawdę to powiedział?;1;http://wiadomosci.gazeta.pl/wiadomosci/1,114871,17607488,Wybory_prezydenckie_2015__Na_Twitterze_wrzawa___Kandydat.html
2015-03-21;http://www.dziennik.pl;Euro w Polsce? Duda: Nie, póki nie będzie godnych zarobków;2;http://wiadomosci.dziennik.pl/wybory-prezydenckie/artykuly/485919,euro-w-polsce-juz-w-2016-andrzej-duda-pyta-prezydenta-o-plany.html
2015-03-21;http://www.dziennik.pl;Komorowski: Zobowiązania przyjęte przez UE dotyczące sankcji wobec Rosji, będą wykonane;1;http://wiadomosci.dziennik.pl/polityka/artykuly/485904,komorowski-zobowiazania-przyjete-przez-ue-dotyczace-sankcji-wobec-rosji-beda-wykonane.html
2015-03-21;http://www.dziennik.pl;Prezydent Warszawy dołącza do krytyków Sikorskiego. Mówi o pewnym syndromie;1;http://wiadomosci.dziennik.pl/polityka/artykuly/485778,hanna-gronkiewicz-waltz-krytycznie-o-wypowiedzi-radoslawa-sikorskiego.html
2015-03-21;http://www.dziennik.pl;Szczurek kontra Komorowski. Cicha wojna rządu z prezydentem;1;http://gospodarka.dziennik.pl/news/artykuly/485822,szczurek-kontra-komorowski-cicha-wojna-rzadu-z-prezydentem-ustawa-o-rozstrzyganiu-watpliwosci-na-korzysc-podatnikow.html
2015-03-21;http://wyborcza.pl/0,0.html?piano_d=1;Bronisław Komorowski - 48 procent. Andrzej Duda - 20 procent [SONDAŻ CBOS];3;http://wyborcza.pl/1,75478,17621064,Bronislaw_Komorowski___48_procent__Andrzej_Duda__.html
2015-03-21;http://www.wp.pl;wazneGowin atakuje Komorowskiego;2;http://wiadomosci.wp.pl/kat,130496,title,Bic-kobiety-czy-nie-bic-Gowin-kontra-Komorowski,wid,17367015,wiadomosc.html
2015-03-21;http://www.wp.pl;wazneCzerwony Korsarz prosi prezydenta o ulaskawienie;2;http://wiadomosci.wp.pl/kat,1019379,title,Czerwony-Korsarz-z-Gdanska-napisal-list-do-prezydenta-z-prosba-o-ulaskawienie,wid,17367881,wiadomosc.html
2015-03-21;http://www.wp.pl;Zbigniew Ziobro: zwycięstwo Dudy w wyborach najlepszym scenariuszem dla Polski;1;/kat,140394,title,Zbigniew-Ziobro-zwyciestwo-Dudy-w-wyborach-najlepszym-scenariuszem-dla-Polski,wid,17372267,wiadomosc.html
2015-03-21;http://www.wp.pl;Paweł Kukiz: wysyłając broń na Ukrainę, strzelimy sobie w kolano;1;/kat,140394,title,Pawel-Kukiz-wysylajac-bron-na-Ukraine-strzelimy-sobie-w-kolano,wid,17371350,wiadomosc.html
2015-03-21;http://www.wp.pl;Ruchy ochrony wyborów;1;/kat,140394,title,Ruchy-ochrony-wyborow,wid,17371335,wiadomosc.html
2015-03-21;http://www.wprost.pl/;Jarubas: Wierzę w dwucyfrowy wynik;2;http://www.wprost.pl/ar/499438/Jarubas-Wierze-w-dwucyfrowy-wynik/
2015-03-21;http://www.wprost.pl/;Komorowski: Tu ginęli żołnierze radzieccy. Nałęcz: Kto to kwestionuje, jest propagandystą;1;http://www.wprost.pl/ar/498752/Komorowski-Tu-gineli-zolnierze-radzieccy-Nalecz-Kto-to-kwestionuje-jest-propagandysta/
2015-03-21;http://www.wprost.pl/;Gdzie poszła kasa Palikota?;1;http://www.wprost.pl/ar/498397/Gdzie-poszla-kasa-Palikota/
2015-03-21;http://www.onet.pl/; TYLKO W ONECIE Zapytalismy Aleksandra Kwasniewskiego, czy zaglosuje na Magdalene Ogórek. Co odpowiedzial?  ;3;http://biznes.pl/kraj/jezeli-bedzie-druga-tura-spelni-sie-marzenie-b-komorowskiego/mp5yk8
2015-03-21;http://www.newsweek.pl/;Aktywny prezydent - Palikot zaprezentowal spot wyborczy;3;http://polska.newsweek.pl/spot-wyborczy-palikota-wybory-2015,artykuly,359551,1.html
2015-03-21;http://www.tvn24.pl/;Prezydent Duda?  Najlepszy scenariusz;3;http://www.tvn24.pl/ziobrysci-beda-glosowac-na-dude-polska-wymaga-dobrej-zmiany,526389,s.html
2015-03-21;http://www.tvn24.pl/;odtwórz: Prezydent Duda?  Najlepszy scenariusz;3;http://www.tvn24.pl/ziobrysci-beda-glosowac-na-dude-polska-wymaga-dobrej-zmiany,526389,s.html
2015-03-21;http://www.tvn24.pl/;Ogórek: zwieksze kwote wolna od podatku do 20 tys. zl. Eksperci: nierealistyczne;3;http://tvn24bis.pl/redirect/magdalena-ogorek-zwieksze-kwoty-wolnej-od-podatku-do-20-tys-zlotych,525369.html
2015-03-21;http://www.tvn24.pl/;Komorowski i jego  szogun  rozlozyli konkurencje na lopatki. Wybraliscie wideo tygodnia;3;/ciekawostki-michalki,5/komorowski-i-jego-szogun-rozlozyli-konkurencje-na-lopatki-wybraliscie-wideo-tygodnia,519514.html
2015-03-21;http://www.tvn24.pl/;Prezydent Duda?  Najlepszy scenariusz;2;http://www.tvn24.pl/prezydent-duda-najlepszy-scenariusz,526389,s.html
2015-03-21;http://www.tvn24.pl/;Ogórek: zwieksze kwote wolna od podatku do 20 tys. zl. Eksperci: nierealistyczne;2;http://tvn24bis.pl/redirect/ogorek-zwieksze-kwote-wolna-od-podatku-do-20-tys-zl-eksperci-nierealistyczne,525369.html
2015-03-21;http://www.tvn24.pl/;Prezydent Duda?  Najlepszy scenariusz;1;http://www.tvn24.pl/ziobrysci-beda-glosowac-na-dude-polska-wymaga-dobrej-zmiany,526389,s.html
2015-03-21;http://www.tvn24.pl/;odtwórz: Prezydent Duda?  Najlepszy scenariusz;1;http://www.tvn24.pl/ziobrysci-beda-glosowac-na-dude-polska-wymaga-dobrej-zmiany,526389,s.html
2015-03-21;http://www.tvn24.pl/;Ogórek: zwieksze kwote wolna od podatku do 20 tys. zl. Eksperci: nierealistyczne;1;http://tvn24bis.pl/redirect/magdalena-ogorek-zwieksze-kwoty-wolnej-od-podatku-do-20-tys-zlotych,525369.html
2015-03-21;http://www.tvn24.pl/;Komorowski i jego  szogun  rozlozyli konkurencje na lopatki. Wybraliscie wideo tygodnia;1;http://www.tvn24.pl/ciekawostki-michalki,5/komorowski-i-jego-szogun-rozlozyli-konkurencje-na-lopatki-wybraliscie-wideo-tygodnia,519514.html
2015-03-21;http://natemat.pl/;Pierwszy wywiad Ogórek w ogólnopolskiej TV: „Nie umiem przegrywac. Bede walczyc do konca”;4;http://natemat.pl/137339,magdalena-ogorek-nie-umiem-przegrywac-bede-walczyc-do-konca-pierwszy-wywiad-w-ogolnopolskiej-telewizji
2015-03-21;http://natemat.pl/;Palikot w spocie pokazuje swoja rodzine i wspólpracowników. Przy okazji lamie prawo;3;http://natemat.pl/137319,palikot-w-spocie-pokazuje-swoja-rodzine-i-wspolpracownikow-w-nowym-spocie-a-przy-okazji-lamie-prawo
2015-03-21;http://natemat.pl/;Prezydent nie pamieta dokumentów, które podpisywal . Gowin atakuje Komorowskiego;2;http://natemat.pl/137323,prezydent-nie-pamieta-dokumentow-ktore-podpisywal-gowin-atakuje-komorowskiego-w-zwiazku-z-konwencja
2015-03-21;http://natemat.pl/;„Nie” dla euro i krytyka Komorowskiego. Nowy pomysl na kampanie Dudy;1;http://natemat.pl/137309,nie-dla-wprowadzenia-euro-i-krytyka-komorowskiego-andrzej-duda-z-nowym-pomyslem-na-kampanie
2015-03-21;http://natemat.pl/;Korwin-Mikke wieszczy koniec naszej cywilizacji: „Podbija nas muzulmanie;1;http://natemat.pl/137301,janusz-korwin-mikke-wieszczy-koniec-naszej-cywilizacji-podbija-nas-muzulmanie-lub-wykupia-chinczycy
2015-03-21;http://natemat.pl/;Kamizelki kuloodporne zamiast broni. Kukiz przeciwko zbrojnej pomocy Ukraincom;1;http://natemat.pl/137295,kamizelki-kuloodporne-zamiast-broni-kukiz-przeciwko-zbrojnej-pomocy-ukraincom
2015-03-21;http://natemat.pl/;Dziennikarka TVP, Korwin-Mikke i pytanie na podstawie tekstu z ASZdziennika;1;http://aszdziennik.pl/114609,dziennikarka-tvp-korwin-mikke-i-pytanie-na-podstawie-tekstu-z-aszdziennika-wideo
2015-03-21;http://natemat.pl/;To oczywiste kogo wspieram . Tusk otwarcie poparl Bronislawa Komorowskiego;1;http://natemat.pl/137269,donald-tusk-otwarcie-poparl-kandydature-komorowskiego-to-oczywiste-kogo-wspieram
2015-03-21;http://natemat.pl/;Kublik twierdzi, ze wybory na prezesa PAN powinna wygrac kobieta. Odpowiadamy: Plec nie decyduje o stanowisku;1;http://katarzynazachariasz.innpoland.pl/115957,kobiety-nie-wymagaja-specjalnej-troski
2015-03-21;http://natemat.pl/;Od lowcy gryzoni po niedoszlego prezydenta. O tym, jak koty zdominowaly swiat;1;http://natemat.pl/137265,od-lowcy-gryzoni-po-niedoszlego-prezydenta-jak-koty-zdominowaly-swiat-i-podzielily-ludzi
2015-03-21;http://www.gazeta.pl;Dziennikarz Polsatu News zagadnął Ogórek. Pytanie o marihuanę, a ta: Biblią prezydenta jest...;3;http://wiadomosci.gazeta.pl/wiadomosci/1,114871,17636700,Dziennikarz_Polsatu_zagadnal_Ogorek_na_targach_ksiazki_.html
2015-03-21;http://www.gazeta.pl;Prezydent Poznania prosi o spokój. Pisze do arcybiskupa (Jeśli pomnik Chrystusa stanie...) i do szefa Malty;3;http://poznan.gazeta.pl/poznan/1,36001,17633780,Jaskowiak_prosi__by_na_festiwalu_Malta_2016_unikac.html
2015-03-21;http://www.gazeta.pl;Nowy spot Palikota.  Kosztował ok. 200 tysięcy złotych;1;http://wiadomosci.gazeta.pl/wiadomosci/1,143907,17636291,Wybory_prezydenckie_2015__Palikot_jezdzi_po_Polsce.html
2015-03-21;http://www.dziennik.pl;Euro w Polsce? Duda: Nie, póki nie będzie godnych zarobków;2;http://wiadomosci.dziennik.pl/wybory-prezydenckie/artykuly/485919,euro-w-polsce-juz-w-2016-andrzej-duda-pyta-prezydenta-o-plany.html
2015-03-21;http://www.dziennik.pl;Komorowski: Zobowiązania przyjęte przez UE dotyczące sankcji wobec Rosji, będą wykonane;1;http://wiadomosci.dziennik.pl/polityka/artykuly/485904,komorowski-zobowiazania-przyjete-przez-ue-dotyczace-sankcji-wobec-rosji-beda-wykonane.html
2015-03-21;http://www.dziennik.pl;Prezydent Warszawy dołącza do krytyków Sikorskiego. Mówi o pewnym syndromie;1;http://wiadomosci.dziennik.pl/polityka/artykuly/485778,hanna-gronkiewicz-waltz-krytycznie-o-wypowiedzi-radoslawa-sikorskiego.html
2015-03-21;http://www.dziennik.pl;Szczurek kontra Komorowski. Cicha wojna rządu z prezydentem;1;http://gospodarka.dziennik.pl/news/artykuly/485822,szczurek-kontra-komorowski-cicha-wojna-rzadu-z-prezydentem-ustawa-o-rozstrzyganiu-watpliwosci-na-korzysc-podatnikow.html
2015-03-21;http://wyborcza.pl/0,0.html?piano_d=1;Bronisław Komorowski - 48 procent. Andrzej Duda - 20 procent [SONDAŻ CBOS];3;http://wyborcza.pl/1,75478,17621064,Bronislaw_Komorowski___48_procent__Andrzej_Duda__.html
2015-03-21;http://wyborcza.pl/0,0.html?piano_d=1;Hyde Park z Andrzejem Dudą. Kampania prezydencka PiS [ZDJĘCIA];2;http://wyborcza.pl/1,75248,17637017,Hyde_Park_z_Andrzejem_Duda__Kampania_prezydencka_PiS.html
