"date";"portal";"title";"position";"link"
2015-04-26;http://www.wp.pl;wazneKorwin-Mikke: jesli oni wygraja, mamy III wojne;2;http://wiadomosci.wp.pl/kat,140394,title,Korwin-Mikke-po-wystapieniu-Schetyny-krytykuje-min-polityke-wschodnia,wid,17478355,wiadomosc.html
2015-04-26;http://www.wprost.pl/;Nocne Wilki w Polsce, mimo zakazu MSZ. Palikot: Schetyna do dymisji;3;http://www.wprost.pl/ar/504210/Nocne-Wilki-w-Polsce-mimo-zakazu-MSZ-Palikot-Schetyna-do-dymisji/
2015-04-26;http://www.wprost.pl/;Tusk: 7 maja będę na Westerpelatte. To bardzo dobra idea Komorowskiego;2;http://www.wprost.pl/ar/504224/Tusk-7-maja-bede-na-Westerpelatte-To-bardzo-dobra-idea-Komorowskiego/
2015-04-26;http://www.wprost.pl/;Duda: Trzeba odgrzebać wszystkich bohaterów;2;http://www.wprost.pl/ar/504216/Duda-Trzeba-odgrzebac-wszystkich-bohaterow/
2015-04-26;http://www.wprost.pl/;Palikot w Toruniu przed siedzibą Radia Maryja.  Zrobię z nimi porządek;2;http://www.wprost.pl/ar/504212/Palikot-w-Toruniu-przed-siedziba-Radia-Maryja-Zrobie-z-nimi-porzadek/
2015-04-26;http://www.wprost.pl/;Nocne Wilki w Polsce, mimo zakazu MSZ. Palikot: Schetyna do dymisji;2;http://www.wprost.pl/ar/504210/Nocne-Wilki-w-Polsce-mimo-zakazu-MSZ-Palikot-Schetyna-do-dymisji/
2015-04-26;http://www.wprost.pl/;Trailer spotu Kukiza. Słychać w nim Piłsudskiego;2;http://www.wprost.pl/ar/504201/Trailer-spotu-Kukiza-Slychac-w-nim-Pilsudskiego/
2015-04-26;http://www.wprost.pl/;Schyłek Palikota;1;http://www.wprost.pl/ar/503992/Schylek-Palikota/
2015-04-26;http://www.wprost.pl/;Prezydent zlecał podsłuchy. Jak afera podsłuchowa "zmiotła" prezydenta;1;http://www.wprost.pl/ar/452873/Prezydent-zlecal-podsluchy-Jak-afera-podsluchowa-zmiotla-prezydenta/
2015-04-26;http://www.onet.pl/;Ostra reakcja Turcji na slowa prezydenta Niemiec;2;http://wiadomosci.onet.pl/swiat/niemcy-ostra-reakcja-turcji-na-slowa-gaucka-o-ludobojstwie/9j1stn
2015-04-26;http://www.onet.pl/;Andrzej Halicki: Bartoszewski byl autorem cudu;2;http://wiadomosci.onet.pl/tylko-w-onecie/andrzej-halicki-bartoszewski-jest-osoba-niezastepowalna/srwl1c
2015-04-26;http://www.newsweek.pl/;Wspólna,historia,Zlosliwie,o,Polakach,zlosliwie,o,Niemcach,Rozmowa,z,historykiem,Andrzejem,Klimem,autorem,ksiazki,Polska,Niemcy,1,0,w,której,przedstawia,ponad,1000,lat,polsko,niemieckiej,historii;1;http://historia.newsweek.pl/ksiazka-o-historii-polski-i-niemiec-polska-niemcy-1-0-klim,artykuly,361846,1.html
2015-04-26;http://www.newsweek.pl/;4;1;/newsweek,kategoria,2150,4.html
2015-04-26;http://www.tvn24.pl/;Przyspieszone wybory w Grecji? Szef MSW nie wyklucza;3;http://www.tvn24.pl/szef-msw-grecji-nie-wyklucza-przyspieszonych-wyborow,536748,s.html
2015-04-26;http://www.tvn24.pl/;Przyspieszone wybory w Grecji? Szef MSW nie wyklucza;2;http://www.tvn24.pl/przyspieszone-wybory-w-grecji-szef-msw-nie-wyklucza,536748,s.html
2015-04-26;http://www.tvn24.pl/;Przyspieszone wybory w Grecji? Szef MSW nie wyklucza;1;http://www.tvn24.pl/szef-msw-grecji-nie-wyklucza-przyspieszonych-wyborow,536748,s.html
2015-04-26;http://natemat.pl/;Prezydencka kampania zapuka do naszych drzwi. Na ostatniej prostej PO rusza z reklama bezposrednia;3;http://natemat.pl/140699,po-rusza-z-kampania-bezposrednia-do-czyich-drzwi-zapukac-moze-prezydent-komorowski
2015-04-26;http://natemat.pl/;Andrzej Duda: Platforma Obywatelska kuchennymi drzwiami wprowadza obce tresci ideologiczne;3;http://natemat.pl/140695,andrzej-duda-w-kontrze-do-prezydenta-krytykuje-jego-ostatnie-hasla-punktuje-za-brak-wizji-innowacji-i-fatalna-gospodarke
2015-04-26;http://natemat.pl/;Kukiz z glosem Pilsudskiego, Braun z pila motorowa. Antysysemowi kandydaci prezentuja nowe klipy;3;http://natemat.pl/140685,klipy-antysystemowcow-kukiz-z-glosem-pilsudskiego-braun-z-pila-motorowa
2015-04-26;http://natemat.pl/;Stracilem noge, ale zyskalem cos innego . Oto historia zwyciezcy  Celebrity Splash , narciarza Andrzeja Szczesnego;1;http://natemat.pl/47945,stracilem-noge-ale-zyskalem-cos-innego-historia-swietnego-narciarza-andrzeja-szczesnego-wywiad
2015-04-26;http://natemat.pl/;Ostatnia droga Janusza Palikota;1;http://natemat.pl/140679,ostatnia-droga-janusza-palikota-kampanijny-wyjazd-do-torunia-jak-orszak-zalobny-skloconej-rodziny
2015-04-26;http://natemat.pl/;Prawica zarzuca Komorowskiemu „granie Bartoszewskim”, lecz sama wpisuje jego smierc w kampanie;1;http://natemat.pl/140677,prawica-zarzuca-granie-bartoszewskim-lecz-sama-wpisuje-jego-smierc-jako-element-kampanii
2015-04-26;http://natemat.pl/;Duda i Komorowski rywalizuja ulga na badania i rozwój. Kielbasa wyborcza?;1;http://innpoland.pl/116741,inn-tygodnia-podsumowujemy-tydzien-w-innowacjach
2015-04-26;http://natemat.pl/;Zobacz 7 najlepszych momentów naszej rozmowyz prezydentem Komorowskim!;1;http://natemat.pl/140523,komorowski-na-ama-z-natemat-wygram-ustawe-po-ktorej-skarbowka-bedzie-rozstrzygac-na-korzysc-podatnika
2015-04-26;http://natemat.pl/;Obejrzyj caly wywiad szefów redakcji Grupy naTemat z Bronislawem Komorowskim;1;https://www.youtube.com/watch?v=tgDSXFliId8&feature=youtu.be
2015-04-26;http://natemat.pl/;Korwin o imigrantach.  Jesli plyna dobrowolnie i tona, to ich problem;1;http://natemat.pl/140559,korwin-mikke-o-imigrantach-jesli-plyna-dobrowolnie-i-tona-to-ich-problem
2015-04-26;http://natemat.pl/;Maciej Kowalski;1;http://maciejkowalski.natemat.pl/
2015-04-26;http://natemat.pl/;Kandydaci na Prezydenta RP o marihuanie;1;http://maciejkowalski.natemat.pl/140563,kandydaci-na-prezydenta-rp-o-marihuanie-odpowiedzi
2015-04-26;http://natemat.pl/;Wiele twarzy Pawla Kukiza;1;http://natemat.pl/140635,50-twarzy-pawla-kukiza-bezkompromisowy-kandydat-ktory-zmienia-poglady-jak-rekawiczki-by-przypodobac-sie-tlumom
2015-04-26;http://natemat.pl/;Kobieta uderzyla prezydenta Wenezueli mango. Dostala za to mieszkanie;1;http://natemat.pl/140669,kobieta-uderzyla-prezydenta-venezueli-mango-dostala-za-to-mieszkanie
2015-04-26;http://www.gazeta.pl;Korwin-Mikke o Nocnych Wilkach:  Drogi są po to...;1;http://wiadomosci.gazeta.pl/wiadomosci/1,114871,17815273,Korwin_Mikke_o__Nocnych_Wilkach____Drogi_sa_po_to_.html#BoxNewsLink
2015-04-26;http://www.gazeta.pl;Palikot w Toruniu:  Rydzyku, zrobię z tobą porządek!;1;http://wiadomosci.gazeta.pl/wiadomosci/1,138764,17814572,Palikot_w_Toruniu____Rydzyku__zrobie_z_toba_porzadek.html#BoxNewsLink
2015-04-26;http://www.dziennik.pl;Poeta nie chce nagrody od prezydent stolicy. Zrezygnował ze 100 tys.;2;http://kultura.dziennik.pl/ksiazki/artykuly/488819,jaroslaw-marek-rymkiewicz-odmawia-przyjecia-nagrody-od-miasta-ktorym-rzadzi-hanna-gronkiewicz-waltz.html
2015-04-26;http://www.dziennik.pl;Palikot ostro atakuje Radio Maryja, chce odebrania koncesji;2;http://wiadomosci.dziennik.pl/wybory-prezydenckie/artykuly/488839,janusz-palikot-atakuje-radio-maryja-chce-odebrania-koncesji.html
2015-04-26;http://www.dziennik.pl;Prezydent o Władysławie Bartoszewskim: Metr z Sevres polskiego patriotyzmu;1;http://wiadomosci.dziennik.pl/polityka/artykuly/488825,prezydent-komorowski-o-wladyslawie-bartoszewskim-metr-z-sevres-polskiego-patriotyzmu.html
2015-04-26;http://wyborcza.pl/0,0.html?piano_d=1;Palikot w Toruniu: - Rydzyku, zrobię z tobą porządek [ZDJĘCIA];2;http://torun.gazeta.pl/torun/1,48723,17814572,Palikot_w_Toruniu____Rydzyku__zrobie_z_toba_porzadek.html
2015-04-26;http://wyborcza.pl/0,0.html?piano_d=1;Korwin chce haremu, bowiem jest katolik;3;http://wyborcza.pl/1,75968,17809588,Korwin_chce_haremu__bowiem_jest_katolik__Jak_drzec.html
2015-04-26;http://wyborcza.pl/0,0.html?piano_d=1;Świetna okazja, żeby napluć na prezydenta;3;http://wyborcza.pl/1,143644,17805598,Wizy_dla_Amerykanow.html
2015-04-26;http://www.wp.pl;wazneKorwin-Mikke: jesli oni wygraja, mamy III wojne;2;http://wiadomosci.wp.pl/kat,140394,title,Korwin-Mikke-po-wystapieniu-Schetyny-krytykuje-min-polityke-wschodnia,wid,17478355,wiadomosc.html
2015-04-26;http://www.wp.pl;2 godz.Bedzie transport dla niepelnosprawnych na wybory;2;http://wiadomosci.wp.pl/kat,1019409,title,Bezplatny-transport-dla-niepelnosprawnych-ze-Slaska-podczas-wyborow-prezydenckich,wid,17468262,wiadomosc.html
2015-04-26;http://www.wprost.pl/;Nocne Wilki w Polsce, mimo zakazu MSZ. Palikot: Schetyna do dymisji;3;http://www.wprost.pl/ar/504210/Nocne-Wilki-w-Polsce-mimo-zakazu-MSZ-Palikot-Schetyna-do-dymisji/
2015-04-26;http://www.wprost.pl/;Tusk: 7 maja będę na Westerpelatte. To bardzo dobra idea Komorowskiego;2;http://www.wprost.pl/ar/504224/Tusk-7-maja-bede-na-Westerpelatte-To-bardzo-dobra-idea-Komorowskiego/
2015-04-26;http://www.wprost.pl/;Duda: Trzeba odgrzebać wszystkich bohaterów;2;http://www.wprost.pl/ar/504216/Duda-Trzeba-odgrzebac-wszystkich-bohaterow/
2015-04-26;http://www.wprost.pl/;Palikot w Toruniu przed siedzibą Radia Maryja.  Zrobię z nimi porządek;2;http://www.wprost.pl/ar/504212/Palikot-w-Toruniu-przed-siedziba-Radia-Maryja-Zrobie-z-nimi-porzadek/
2015-04-26;http://www.wprost.pl/;Nocne Wilki w Polsce, mimo zakazu MSZ. Palikot: Schetyna do dymisji;2;http://www.wprost.pl/ar/504210/Nocne-Wilki-w-Polsce-mimo-zakazu-MSZ-Palikot-Schetyna-do-dymisji/
2015-04-26;http://www.wprost.pl/;Schyłek Palikota;1;http://www.wprost.pl/ar/503992/Schylek-Palikota/
2015-04-26;http://www.wprost.pl/;Prezydent zlecał podsłuchy. Jak afera podsłuchowa "zmiotła" prezydenta;1;http://www.wprost.pl/ar/452873/Prezydent-zlecal-podsluchy-Jak-afera-podsluchowa-zmiotla-prezydenta/
2015-04-26;http://www.onet.pl/;Andrzej Halicki: Bartoszewski byl autorem cudu;2;http://wiadomosci.onet.pl/tylko-w-onecie/andrzej-halicki-bartoszewski-jest-osoba-niezastepowalna/srwl1c
2015-04-26;http://www.newsweek.pl/;Wspólna,historia,Zlosliwie,o,Polakach,zlosliwie,o,Niemcach,Rozmowa,z,historykiem,Andrzejem,Klimem,autorem,ksiazki,Polska,Niemcy,1,0,w,której,przedstawia,ponad,1000,lat,polsko,niemieckiej,historii;1;http://historia.newsweek.pl/ksiazka-o-historii-polski-i-niemiec-polska-niemcy-1-0-klim,artykuly,361846,1.html
2015-04-26;http://www.newsweek.pl/;4;1;/newsweek,kategoria,2150,4.html
2015-04-26;http://www.tvn24.pl/;RzÄ<U+0085>dzi od 26 lat. WygranÄ<U+0085> w wyborach prezydenckich ma przesÄ<U+0085>dzonÄ;3;http://www.tvn24.pl/wybory-w-kazachstanie-nazarbajew-pewny-reelekcji,536813,s.html
2015-04-26;http://www.tvn24.pl/;RzÄ<U+0085>dzi od 26 lat. WygranÄ<U+0085> w wyborach prezydenckich ma przesÄ<U+0085>dzonÄ;2;http://www.tvn24.pl/rzadzi-od-26-lat-wygrana-w-wyborach-prezydenckich-ma-przesadzona,536813,s.html
2015-04-26;http://www.tvn24.pl/;RzÄ<U+0085>dzi od 26 lat. WygranÄ<U+0085> w wyborach prezydenckich ma przesÄ<U+0085>dzonÄ;1;http://www.tvn24.pl/wybory-w-kazachstanie-nazarbajew-pewny-reelekcji,536813,s.html
2015-04-26;http://natemat.pl/;Prezydencka kampania zapuka do naszych drzwi. Na ostatniej prostej PO rusza z reklama bezposrednia;3;http://natemat.pl/140699,po-rusza-z-kampania-bezposrednia-do-czyich-drzwi-zapukac-moze-prezydent-komorowski
2015-04-26;http://natemat.pl/;Andrzej Duda: Platforma Obywatelska kuchennymi drzwiami wprowadza obce tresci ideologiczne;3;http://natemat.pl/140695,andrzej-duda-w-kontrze-do-prezydenta-krytykuje-jego-ostatnie-hasla-punktuje-za-brak-wizji-innowacji-i-fatalna-gospodarke
2015-04-26;http://natemat.pl/;Kukiz z glosem Pilsudskiego, Braun z pila motorowa. Antysysemowi kandydaci prezentuja nowe klipy;3;http://natemat.pl/140685,klipy-antysystemowcow-kukiz-z-glosem-pilsudskiego-braun-z-pila-motorowa
2015-04-26;http://natemat.pl/;Stracilem noge, ale zyskalem cos innego . Oto historia zwyciezcy  Celebrity Splash , narciarza Andrzeja Szczesnego;1;http://natemat.pl/47945,stracilem-noge-ale-zyskalem-cos-innego-historia-swietnego-narciarza-andrzeja-szczesnego-wywiad
2015-04-26;http://natemat.pl/;Ostatnia droga Janusza Palikota;1;http://natemat.pl/140679,ostatnia-droga-janusza-palikota-kampanijny-wyjazd-do-torunia-jak-orszak-zalobny-skloconej-rodziny
2015-04-26;http://natemat.pl/;Prawica zarzuca Komorowskiemu „granie Bartoszewskim”, lecz sama wpisuje jego smierc w kampanie;1;http://natemat.pl/140677,prawica-zarzuca-granie-bartoszewskim-lecz-sama-wpisuje-jego-smierc-jako-element-kampanii
2015-04-26;http://natemat.pl/;Duda i Komorowski rywalizuja ulga na badania i rozwój. Kielbasa wyborcza?;1;http://innpoland.pl/116741,inn-tygodnia-podsumowujemy-tydzien-w-innowacjach
2015-04-26;http://natemat.pl/;Zobacz 7 najlepszych momentów naszej rozmowyz prezydentem Komorowskim!;1;http://natemat.pl/140523,komorowski-na-ama-z-natemat-wygram-ustawe-po-ktorej-skarbowka-bedzie-rozstrzygac-na-korzysc-podatnika
2015-04-26;http://natemat.pl/;Obejrzyj caly wywiad szefów redakcji Grupy naTemat z Bronislawem Komorowskim;1;https://www.youtube.com/watch?v=tgDSXFliId8&feature=youtu.be
2015-04-26;http://natemat.pl/;Korwin o imigrantach.  Jesli plyna dobrowolnie i tona, to ich problem;1;http://natemat.pl/140559,korwin-mikke-o-imigrantach-jesli-plyna-dobrowolnie-i-tona-to-ich-problem
2015-04-26;http://natemat.pl/;Maciej Kowalski;1;http://maciejkowalski.natemat.pl/
2015-04-26;http://natemat.pl/;Kandydaci na Prezydenta RP o marihuanie;1;http://maciejkowalski.natemat.pl/140563,kandydaci-na-prezydenta-rp-o-marihuanie-odpowiedzi
2015-04-26;http://natemat.pl/;Wiele twarzy Pawla Kukiza;1;http://natemat.pl/140635,50-twarzy-pawla-kukiza-bezkompromisowy-kandydat-ktory-zmienia-poglady-jak-rekawiczki-by-przypodobac-sie-tlumom
2015-04-26;http://natemat.pl/;Kobieta uderzyla prezydenta Wenezueli mango. Dostala za to mieszkanie;1;http://natemat.pl/140669,kobieta-uderzyla-prezydenta-venezueli-mango-dostala-za-to-mieszkanie
2015-04-26;http://www.gazeta.pl;Korwin-Mikke o Nocnych Wilkach:  Drogi są po to...;1;http://wiadomosci.gazeta.pl/wiadomosci/1,114871,17815273,Korwin_Mikke_o__Nocnych_Wilkach____Drogi_sa_po_to_.html#BoxNewsLink
2015-04-26;http://www.gazeta.pl;Palikot w Toruniu:  Rydzyku, zrobię z tobą porządek!;1;http://wiadomosci.gazeta.pl/wiadomosci/1,138764,17814572,Palikot_w_Toruniu____Rydzyku__zrobie_z_toba_porzadek.html#BoxNewsLink
2015-04-26;http://www.dziennik.pl;Poeta nie chce nagrody od prezydent stolicy. Zrezygnował ze 100 tys.;2;http://kultura.dziennik.pl/ksiazki/artykuly/488819,jaroslaw-marek-rymkiewicz-odmawia-przyjecia-nagrody-od-miasta-ktorym-rzadzi-hanna-gronkiewicz-waltz.html
2015-04-26;http://www.dziennik.pl;Palikot ostro atakuje Radio Maryja, chce odebrania koncesji;2;http://wiadomosci.dziennik.pl/wybory-prezydenckie/artykuly/488839,janusz-palikot-atakuje-radio-maryja-chce-odebrania-koncesji.html
2015-04-26;http://www.dziennik.pl;Prezydent o Władysławie Bartoszewskim: Metr z Sevres polskiego patriotyzmu;1;http://wiadomosci.dziennik.pl/polityka/artykuly/488825,prezydent-komorowski-o-wladyslawie-bartoszewskim-metr-z-sevres-polskiego-patriotyzmu.html
2015-04-26;http://wyborcza.pl/0,0.html?piano_d=1;Korwin chce haremu, bowiem jest katolik;3;http://wyborcza.pl/1,75968,17809588,Korwin_chce_haremu__bowiem_jest_katolik__Jak_drzec.html
2015-04-26;http://wyborcza.pl/0,0.html?piano_d=1;Świetna okazja, żeby napluć na prezydenta;3;http://wyborcza.pl/1,143644,17805598,Wizy_dla_Amerykanow.html
2015-04-26;http://www.wp.pl;wazneKorwin-Mikke: jesli oni wygraja, mamy III wojne;2;http://wiadomosci.wp.pl/kat,140394,title,Korwin-Mikke-po-wystapieniu-Schetyny-krytykuje-min-polityke-wschodnia,wid,17478355,wiadomosc.html
2015-04-26;http://www.wp.pl;wazneBedzie transport dla niepelnosprawnych na wybory;2;http://wiadomosci.wp.pl/kat,1019409,title,Bezplatny-transport-dla-niepelnosprawnych-ze-Slaska-podczas-wyborow-prezydenckich,wid,17468262,wiadomosc.html
2015-04-26;http://www.wprost.pl/;Tusk: 7 maja będę na Westerpelatte. To bardzo dobra idea Komorowskiego;2;http://www.wprost.pl/ar/504224/Tusk-7-maja-bede-na-Westerpelatte-To-bardzo-dobra-idea-Komorowskiego/
2015-04-26;http://www.wprost.pl/;Schyłek Palikota;1;http://www.wprost.pl/ar/503992/Schylek-Palikota/
2015-04-26;http://www.wprost.pl/;Prezydent zlecał podsłuchy. Jak afera podsłuchowa "zmiotła" prezydenta;1;http://www.wprost.pl/ar/452873/Prezydent-zlecal-podsluchy-Jak-afera-podsluchowa-zmiotla-prezydenta/
2015-04-26;http://www.onet.pl/;Posel PSL: ja sie dziwie Komorowskiemu;2;http://wiadomosci.onet.pl/tylko-w-onecie/eugeniusz-klopotek-w-ustalmy-jedno-dziwie-sie-komorowskiemu-powinien-zadzwonic-do/br4q0c
2015-04-26;http://www.newsweek.pl/;Wspólna,historia,Zlosliwie,o,Polakach,zlosliwie,o,Niemcach,Rozmowa,z,historykiem,Andrzejem,Klimem,autorem,ksiazki,Polska,Niemcy,1,0,w,której,przedstawia,ponad,1000,lat,polsko,niemieckiej,historii;1;http://historia.newsweek.pl/ksiazka-o-historii-polski-i-niemiec-polska-niemcy-1-0-klim,artykuly,361846,1.html
2015-04-26;http://www.newsweek.pl/;4;1;/newsweek,kategoria,2150,4.html
2015-04-26;http://www.tvn24.pl/;RzÄ<U+0085>dzi od 26 lat. WygranÄ<U+0085> w wyborach prezydenckich ma przesÄ<U+0085>dzonÄ;3;http://www.tvn24.pl/wybory-w-kazachstanie-nazarbajew-pewny-reelekcji,536813,s.html
2015-04-26;http://www.tvn24.pl/;RzÄ<U+0085>dzi od 26 lat. WygranÄ<U+0085> w wyborach prezydenckich ma przesÄ<U+0085>dzonÄ;2;http://www.tvn24.pl/rzadzi-od-26-lat-wygrana-w-wyborach-prezydenckich-ma-przesadzona,536813,s.html
2015-04-26;http://www.tvn24.pl/;RzÄ<U+0085>dzi od 26 lat. WygranÄ<U+0085> w wyborach prezydenckich ma przesÄ<U+0085>dzonÄ;1;http://www.tvn24.pl/wybory-w-kazachstanie-nazarbajew-pewny-reelekcji,536813,s.html
2015-04-26;http://natemat.pl/;Kazik Staszewski glosowal kiedys na Korwin-Mikkego. Teraz nie idzie na wybory;3;http://natemat.pl/140715,kazik-staszewski-glosowal-kiedys-na-korwin-mikkego-teraz-nie-idzie-na-wybory
2015-04-26;http://natemat.pl/;Andrzej Duda: Platforma Obywatelska kuchennymi drzwiami wprowadza obce tresci ideologiczne;2;http://natemat.pl/140695,andrzej-duda-w-kontrze-do-prezydenta-krytykuje-jego-ostatnie-hasla-punktuje-za-brak-wizji-innowacji-i-fatalna-gospodarke
2015-04-26;http://natemat.pl/;Kukiz z glosem Pilsudskiego, Braun z pila motorowa. Antysysemowi kandydaci prezentuja nowe klipy;2;http://natemat.pl/140685,klipy-antysystemowcow-kukiz-z-glosem-pilsudskiego-braun-z-pila-motorowa
2015-04-26;http://natemat.pl/;Stracilem noge, ale zyskalem cos innego . Oto historia zwyciezcy  Celebrity Splash , narciarza Andrzeja Szczesnego;1;http://natemat.pl/47945,stracilem-noge-ale-zyskalem-cos-innego-historia-swietnego-narciarza-andrzeja-szczesnego-wywiad
2015-04-26;http://natemat.pl/;Ostatnia droga Janusza Palikota;1;http://natemat.pl/140679,ostatnia-droga-janusza-palikota-kampanijny-wyjazd-do-torunia-jak-orszak-zalobny-skloconej-rodziny
2015-04-26;http://natemat.pl/;Prawica zarzuca Komorowskiemu „granie Bartoszewskim”, lecz sama wpisuje jego smierc w kampanie;1;http://natemat.pl/140677,prawica-zarzuca-granie-bartoszewskim-lecz-sama-wpisuje-jego-smierc-jako-element-kampanii
2015-04-26;http://natemat.pl/;Duda i Komorowski rywalizuja ulga na badania i rozwój. Kielbasa wyborcza?;1;http://innpoland.pl/116741,inn-tygodnia-podsumowujemy-tydzien-w-innowacjach
2015-04-26;http://natemat.pl/;Zobacz 7 najlepszych momentów naszej rozmowyz prezydentem Komorowskim!;1;http://natemat.pl/140523,komorowski-na-ama-z-natemat-wygram-ustawe-po-ktorej-skarbowka-bedzie-rozstrzygac-na-korzysc-podatnika
2015-04-26;http://natemat.pl/;Obejrzyj caly wywiad szefów redakcji Grupy naTemat z Bronislawem Komorowskim;1;https://www.youtube.com/watch?v=tgDSXFliId8&feature=youtu.be
2015-04-26;http://natemat.pl/;Korwin o imigrantach.  Jesli plyna dobrowolnie i tona, to ich problem;1;http://natemat.pl/140559,korwin-mikke-o-imigrantach-jesli-plyna-dobrowolnie-i-tona-to-ich-problem
2015-04-26;http://natemat.pl/;Maciej Kowalski;1;http://maciejkowalski.natemat.pl/
2015-04-26;http://natemat.pl/;Kandydaci na Prezydenta RP o marihuanie;1;http://maciejkowalski.natemat.pl/140563,kandydaci-na-prezydenta-rp-o-marihuanie-odpowiedzi
2015-04-26;http://natemat.pl/;Wiele twarzy Pawla Kukiza;1;http://natemat.pl/140635,50-twarzy-pawla-kukiza-bezkompromisowy-kandydat-ktory-zmienia-poglady-jak-rekawiczki-by-przypodobac-sie-tlumom
2015-04-26;http://www.gazeta.pl;Korwin-Mikke o Nocnych Wilkach:  Drogi są po to...;1;http://wiadomosci.gazeta.pl/wiadomosci/1,114871,17815273,Korwin_Mikke_o__Nocnych_Wilkach____Drogi_sa_po_to_.html#BoxNewsLink
2015-04-26;http://www.dziennik.pl;Palikot ostro atakuje Radio Maryja, chce odebrania koncesji;2;http://wiadomosci.dziennik.pl/wybory-prezydenckie/artykuly/488839,janusz-palikot-atakuje-radio-maryja-chce-odebrania-koncesji.html
2015-04-26;http://www.dziennik.pl;Poeta nie chce nagrody od prezydent stolicy. Zrezygnował ze 100 tys.;2;http://kultura.dziennik.pl/ksiazki/artykuly/488819,jaroslaw-marek-rymkiewicz-odmawia-przyjecia-nagrody-od-miasta-ktorym-rzadzi-hanna-gronkiewicz-waltz.html
2015-04-26;http://www.dziennik.pl;Prezydent o Władysławie Bartoszewskim: Metr z Sevres polskiego patriotyzmu;1;http://wiadomosci.dziennik.pl/polityka/artykuly/488825,prezydent-komorowski-o-wladyslawie-bartoszewskim-metr-z-sevres-polskiego-patriotyzmu.html
2015-04-26;http://wyborcza.pl/0,0.html?piano_d=1;Duda: Podnieść kwotę wolną od podatku - na początek do 8 tys. zł;2;http://wyborcza.biz/biznes/1,100896,17817014,Duda__Podniesc_kwote_wolna_od_podatku___na_poczatek.html
2015-04-26;http://wyborcza.pl/0,0.html?piano_d=1;Rosyjscy hakerzy wykradli e-maile prezydenta Obamy.  To najbardziej wyrafinowani fachowcy;2;http://wyborcza.pl/1,75477,17816805,Rosyjscy_hakerzy_wykradli_e_maile_prezydenta_Obamy_.html
2015-04-26;http://wyborcza.pl/0,0.html?piano_d=1;Korwin chce haremu, bowiem jest katolik;3;http://wyborcza.pl/1,75968,17809588,Korwin_chce_haremu__bowiem_jest_katolik__Jak_drzec.html
2015-04-26;http://wyborcza.pl/0,0.html?piano_d=1;Świetna okazja, żeby napluć na prezydenta;3;http://wyborcza.pl/1,143644,17805598,Wizy_dla_Amerykanow.html
2015-04-26;http://www.wp.pl;wazneKorwin-Mikke: jesli oni wygraja, mamy III wojne;2;http://wiadomosci.wp.pl/kat,140394,title,Korwin-Mikke-po-wystapieniu-Schetyny-krytykuje-min-polityke-wschodnia,wid,17478355,wiadomosc.html
2015-04-26;http://www.wp.pl;wazneBedzie transport dla niepelnosprawnych na wybory;2;http://wiadomosci.wp.pl/kat,1019409,title,Bezplatny-transport-dla-niepelnosprawnych-ze-Slaska-podczas-wyborow-prezydenckich,wid,17468262,wiadomosc.html
2015-04-26;http://www.wprost.pl/;Tusk: 7 maja będę na Westerpelatte. To bardzo dobra idea Komorowskiego;2;http://www.wprost.pl/ar/504224/Tusk-7-maja-bede-na-Westerpelatte-To-bardzo-dobra-idea-Komorowskiego/
2015-04-26;http://www.wprost.pl/;Schyłek Palikota;1;http://www.wprost.pl/ar/503992/Schylek-Palikota/
2015-04-26;http://www.wprost.pl/;Prezydent zlecał podsłuchy. Jak afera podsłuchowa "zmiotła" prezydenta;1;http://www.wprost.pl/ar/452873/Prezydent-zlecal-podsluchy-Jak-afera-podsluchowa-zmiotla-prezydenta/
2015-04-26;http://www.onet.pl/;Co laczylo Bartoszewskiego i Korwin-Mikkego?;2;http://wiadomosci.onet.pl/kraj/goscie-programu-kawa-na-lawe-wspominaja-wladyslawa-bartoszewskiego/vblq5q
2015-04-26;http://www.onet.pl/;Posel PSL: ja sie dziwie Komorowskiemu;2;http://wiadomosci.onet.pl/tylko-w-onecie/eugeniusz-klopotek-w-ustalmy-jedno-dziwie-sie-komorowskiemu-powinien-zadzwonic-do/br4q0c
2015-04-26;http://www.newsweek.pl/;Wspólna,historia,Zlosliwie,o,Polakach,zlosliwie,o,Niemcach,Rozmowa,z,historykiem,Andrzejem,Klimem,autorem,ksiazki,Polska,Niemcy,1,0,w,której,przedstawia,ponad,1000,lat,polsko,niemieckiej,historii;1;http://historia.newsweek.pl/ksiazka-o-historii-polski-i-niemiec-polska-niemcy-1-0-klim,artykuly,361846,1.html
2015-04-26;http://www.newsweek.pl/;4;1;/newsweek,kategoria,2150,4.html
2015-04-26;http://www.tvn24.pl/;RzÄ<U+0085>dzi od 26 lat. WygranÄ<U+0085> w wyborach prezydenckich ma przesÄ<U+0085>dzonÄ;3;http://www.tvn24.pl/wybory-w-kazachstanie-nazarbajew-pewny-reelekcji,536813,s.html
2015-04-26;http://www.tvn24.pl/;RzÄ<U+0085>dzi od 26 lat. WygranÄ<U+0085> w wyborach prezydenckich ma przesÄ<U+0085>dzonÄ;2;http://www.tvn24.pl/rzadzi-od-26-lat-wygrana-w-wyborach-prezydenckich-ma-przesadzona,536813,s.html
2015-04-26;http://www.tvn24.pl/;RzÄ<U+0085>dzi od 26 lat. WygranÄ<U+0085> w wyborach prezydenckich ma przesÄ<U+0085>dzonÄ;1;http://www.tvn24.pl/wybory-w-kazachstanie-nazarbajew-pewny-reelekcji,536813,s.html
2015-04-26;http://natemat.pl/;Kazik Staszewski glosowal kiedys na Korwin-Mikkego. Teraz nie idzie na wybory;3;http://natemat.pl/140715,kazik-staszewski-glosowal-kiedys-na-korwin-mikkego-teraz-nie-idzie-na-wybory
2015-04-26;http://natemat.pl/;Andrzej Duda: Platforma Obywatelska kuchennymi drzwiami wprowadza obce tresci ideologiczne;2;http://natemat.pl/140695,andrzej-duda-w-kontrze-do-prezydenta-krytykuje-jego-ostatnie-hasla-punktuje-za-brak-wizji-innowacji-i-fatalna-gospodarke
2015-04-26;http://natemat.pl/;Kukiz z glosem Pilsudskiego, Braun z pila motorowa. Antysysemowi kandydaci prezentuja nowe klipy;2;http://natemat.pl/140685,klipy-antysystemowcow-kukiz-z-glosem-pilsudskiego-braun-z-pila-motorowa
2015-04-26;http://natemat.pl/;Stracilem noge, ale zyskalem cos innego . Oto historia zwyciezcy  Celebrity Splash , narciarza Andrzeja Szczesnego;1;http://natemat.pl/47945,stracilem-noge-ale-zyskalem-cos-innego-historia-swietnego-narciarza-andrzeja-szczesnego-wywiad
2015-04-26;http://natemat.pl/;Ostatnia droga Janusza Palikota;1;http://natemat.pl/140679,ostatnia-droga-janusza-palikota-kampanijny-wyjazd-do-torunia-jak-orszak-zalobny-skloconej-rodziny
2015-04-26;http://natemat.pl/;Prawica zarzuca Komorowskiemu „granie Bartoszewskim”, lecz sama wpisuje jego smierc w kampanie;1;http://natemat.pl/140677,prawica-zarzuca-granie-bartoszewskim-lecz-sama-wpisuje-jego-smierc-jako-element-kampanii
2015-04-26;http://natemat.pl/;Duda i Komorowski rywalizuja ulga na badania i rozwój. Kielbasa wyborcza?;1;http://innpoland.pl/116741,inn-tygodnia-podsumowujemy-tydzien-w-innowacjach
2015-04-26;http://natemat.pl/;Zobacz 7 najlepszych momentów naszej rozmowyz prezydentem Komorowskim!;1;http://natemat.pl/140523,komorowski-na-ama-z-natemat-wygram-ustawe-po-ktorej-skarbowka-bedzie-rozstrzygac-na-korzysc-podatnika
2015-04-26;http://natemat.pl/;Obejrzyj caly wywiad szefów redakcji Grupy naTemat z Bronislawem Komorowskim;1;https://www.youtube.com/watch?v=tgDSXFliId8&feature=youtu.be
2015-04-26;http://natemat.pl/;Korwin o imigrantach.  Jesli plyna dobrowolnie i tona, to ich problem;1;http://natemat.pl/140559,korwin-mikke-o-imigrantach-jesli-plyna-dobrowolnie-i-tona-to-ich-problem
2015-04-26;http://natemat.pl/;Maciej Kowalski;1;http://maciejkowalski.natemat.pl/
2015-04-26;http://natemat.pl/;Kandydaci na Prezydenta RP o marihuanie;1;http://maciejkowalski.natemat.pl/140563,kandydaci-na-prezydenta-rp-o-marihuanie-odpowiedzi
2015-04-26;http://natemat.pl/;Wiele twarzy Pawla Kukiza;1;http://natemat.pl/140635,50-twarzy-pawla-kukiza-bezkompromisowy-kandydat-ktory-zmienia-poglady-jak-rekawiczki-by-przypodobac-sie-tlumom
2015-04-26;http://www.gazeta.pl;Korwin-Mikke o Nocnych Wilkach:  Drogi są po to...;1;http://wiadomosci.gazeta.pl/wiadomosci/1,114871,17815273,Korwin_Mikke_o__Nocnych_Wilkach____Drogi_sa_po_to_.html#BoxNewsLink
2015-04-26;http://www.dziennik.pl;Palikot ostro atakuje Radio Maryja, chce odebrania koncesji;2;http://wiadomosci.dziennik.pl/wybory-prezydenckie/artykuly/488839,janusz-palikot-atakuje-radio-maryja-chce-odebrania-koncesji.html
2015-04-26;http://www.dziennik.pl;Poeta nie chce nagrody od prezydent stolicy. Zrezygnował ze 100 tys.;2;http://kultura.dziennik.pl/ksiazki/artykuly/488819,jaroslaw-marek-rymkiewicz-odmawia-przyjecia-nagrody-od-miasta-ktorym-rzadzi-hanna-gronkiewicz-waltz.html
2015-04-26;http://www.dziennik.pl;Prezydent o Władysławie Bartoszewskim: Metr z Sevres polskiego patriotyzmu;1;http://wiadomosci.dziennik.pl/polityka/artykuly/488825,prezydent-komorowski-o-wladyslawie-bartoszewskim-metr-z-sevres-polskiego-patriotyzmu.html
2015-04-26;http://wyborcza.pl/0,0.html?piano_d=1;Duda: Podnieść kwotę wolną od podatku - na początek do 8 tys. zł;2;http://wyborcza.biz/biznes/1,100896,17817014,Duda__Podniesc_kwote_wolna_od_podatku___na_poczatek.html
2015-04-26;http://wyborcza.pl/0,0.html?piano_d=1;Rosyjscy hakerzy wykradli e-maile prezydenta Obamy.  To najbardziej wyrafinowani fachowcy;2;http://wyborcza.pl/1,75477,17816805,Rosyjscy_hakerzy_wykradli_e_maile_prezydenta_Obamy_.html
2015-04-26;http://wyborcza.pl/0,0.html?piano_d=1;Korwin chce haremu, bowiem jest katolik;3;http://wyborcza.pl/1,75968,17809588,Korwin_chce_haremu__bowiem_jest_katolik__Jak_drzec.html
2015-04-26;http://wyborcza.pl/0,0.html?piano_d=1;Świetna okazja, żeby napluć na prezydenta;3;http://wyborcza.pl/1,143644,17805598,Wizy_dla_Amerykanow.html
2015-04-26;http://www.tvp.info/;14:03   „Warto nie tylko bic na alarm, ale podejmowac dzialania”. Prezydent podziekowal strazakom;2;http://www.tvp.info.pl/19822076/warto-nie-tylko-bic-na-alarm-ale-podejmowac-dzialania-prezydent-podziekowal-strazakom
2015-04-26;http://www.wp.pl;wazneKorwin-Mikke: jesli oni wygraja, mamy III wojne;2;http://wiadomosci.wp.pl/kat,140394,title,Korwin-Mikke-po-wystapieniu-Schetyny-krytykuje-min-polityke-wschodnia,wid,17478355,wiadomosc.html
2015-04-26;http://www.wp.pl;wazneBedzie transport dla niepelnosprawnych na wybory;2;http://wiadomosci.wp.pl/kat,1019409,title,Bezplatny-transport-dla-niepelnosprawnych-ze-Slaska-podczas-wyborow-prezydenckich,wid,17468262,wiadomosc.html
2015-04-26;http://www.wprost.pl/;Tusk: 7 maja będę na Westerpelatte. To bardzo dobra idea Komorowskiego;2;http://www.wprost.pl/ar/504224/Tusk-7-maja-bede-na-Westerpelatte-To-bardzo-dobra-idea-Komorowskiego/
2015-04-26;http://www.wprost.pl/;Schyłek Palikota;1;http://www.wprost.pl/ar/503992/Schylek-Palikota/
2015-04-26;http://www.wprost.pl/;Prezydent zlecał podsłuchy. Jak afera podsłuchowa "zmiotła" prezydenta;1;http://www.wprost.pl/ar/452873/Prezydent-zlecal-podsluchy-Jak-afera-podsluchowa-zmiotla-prezydenta/
2015-04-26;http://www.onet.pl/;Andrzej Duda uzyskal poparcie kolejnej partii;2;http://wiadomosci.onet.pl/kraj/polska-razem-poparla-kandydature-andrzeja-dudy/cvvnhg
2015-04-26;http://www.onet.pl/;Nieoczekiwany czynnik moze wplynac na wybory;2;http://polska.newsweek.pl/wybory-prezydenckie-2015-wyborcy-glosuja-na-kandydatow-dla-zartu,artykuly,361981,1.html
2015-04-26;http://www.onet.pl/;Wipler: Korwin i Bartoszewski znali sie od lat;2;http://wiadomosci.onet.pl/kraj/goscie-programu-kawa-na-lawe-wspominaja-wladyslawa-bartoszewskiego/vblq5q
2015-04-26;http://www.onet.pl/;Posel PSL: ja sie dziwie Komorowskiemu;2;http://wiadomosci.onet.pl/tylko-w-onecie/eugeniusz-klopotek-w-ustalmy-jedno-dziwie-sie-komorowskiemu-powinien-zadzwonic-do/br4q0c
2015-04-26;http://www.newsweek.pl/;Historia,Wspólna,historia,Zlosliwie,o,Polakach,zlosliwie,o,Niemcach,Rozmowa,z,historykiem,Andrzejem,Klimem,autorem,ksiazki,Polska,Niemcy,1,0,w,której,przedstawia,ponad,1000,lat,polsko,niemieckiej,historii;1;http://historia.newsweek.pl/ksiazka-o-historii-polski-i-niemiec-polska-niemcy-1-0-klim,artykuly,361846,1.html
2015-04-26;http://www.newsweek.pl/;5;1;/newsweek,kategoria,2150,5.html
2015-04-26;http://www.tvn24.pl/;RzÄ<U+0085>dzi od 26 lat. WygranÄ<U+0085> w wyborach prezydenckich ma przesÄ<U+0085>dzonÄ;3;http://www.tvn24.pl/wybory-w-kazachstanie-nazarbajew-pewny-reelekcji,536813,s.html
2015-04-26;http://www.tvn24.pl/;RzÄ<U+0085>dzi od 26 lat. WygranÄ<U+0085> w wyborach prezydenckich ma przesÄ<U+0085>dzonÄ;2;http://www.tvn24.pl/rzadzi-od-26-lat-wygrana-w-wyborach-prezydenckich-ma-przesadzona,536813,s.html
2015-04-26;http://www.tvn24.pl/;RzÄ<U+0085>dzi od 26 lat. WygranÄ<U+0085> w wyborach prezydenckich ma przesÄ<U+0085>dzonÄ;1;http://www.tvn24.pl/wybory-w-kazachstanie-nazarbajew-pewny-reelekcji,536813,s.html
2015-04-26;http://natemat.pl/;Korwin-Mikke: Gra o tron nadal trwa! Prezes na Pyrkonie w Poznaniu;3;http://natemat.pl/140729,korwin-mikke-gra-o-tron-nadal-trwa-prezes-na-pyrkonie-w-poznaniu
2015-04-26;http://natemat.pl/;Kazik Staszewski glosowal kiedys na Korwin-Mikkego. Teraz nie idzie na wybory;2;http://natemat.pl/140715,kazik-staszewski-glosowal-kiedys-na-korwin-mikkego-teraz-nie-idzie-na-wybory
2015-04-26;http://natemat.pl/;Modelka i jej gotowe na plaze cialo. Kampania reklamowa wywolala burze.  To seksizm;2;http://natemat.pl/140727,modelka-i-jej-gotowe-na-plaze-cialo-kampania-reklamowa-wywolala-burze-to-seksizm
2015-04-26;http://natemat.pl/;Prezydencka kampania zapuka do naszych drzwi. Na ostatniej prostej PO rusza z reklama bezposrednia;1;http://natemat.pl/140699,po-rusza-z-kampania-bezposrednia-do-czyich-drzwi-zapukac-moze-prezydent-komorowski
2015-04-26;http://natemat.pl/;Andrzej Duda: Platforma Obywatelska kuchennymi drzwiami wprowadza obce tresci ideologiczne;1;http://natemat.pl/140695,andrzej-duda-w-kontrze-do-prezydenta-krytykuje-jego-ostatnie-hasla-punktuje-za-brak-wizji-innowacji-i-fatalna-gospodarke
2015-04-26;http://natemat.pl/;Kukiz z glosem Pilsudskiego, Braun z pila motorowa. Antysysemowi kandydaci prezentuja nowe klipy;1;http://natemat.pl/140685,klipy-antysystemowcow-kukiz-z-glosem-pilsudskiego-braun-z-pila-motorowa
2015-04-26;http://natemat.pl/;Stracilem noge, ale zyskalem cos innego . Oto historia zwyciezcy  Celebrity Splash , narciarza Andrzeja Szczesnego;1;http://natemat.pl/47945,stracilem-noge-ale-zyskalem-cos-innego-historia-swietnego-narciarza-andrzeja-szczesnego-wywiad
2015-04-26;http://natemat.pl/;Ostatnia droga Janusza Palikota;1;http://natemat.pl/140679,ostatnia-droga-janusza-palikota-kampanijny-wyjazd-do-torunia-jak-orszak-zalobny-skloconej-rodziny
2015-04-26;http://natemat.pl/;Prawica zarzuca Komorowskiemu „granie Bartoszewskim”, lecz sama wpisuje jego smierc w kampanie;1;http://natemat.pl/140677,prawica-zarzuca-granie-bartoszewskim-lecz-sama-wpisuje-jego-smierc-jako-element-kampanii
2015-04-26;http://natemat.pl/;Duda i Komorowski rywalizuja ulga na badania i rozwój. Kielbasa wyborcza?;1;http://innpoland.pl/116741,inn-tygodnia-podsumowujemy-tydzien-w-innowacjach
2015-04-26;http://natemat.pl/;Zobacz 7 najlepszych momentów naszej rozmowyz prezydentem Komorowskim!;1;http://natemat.pl/140523,komorowski-na-ama-z-natemat-wygram-ustawe-po-ktorej-skarbowka-bedzie-rozstrzygac-na-korzysc-podatnika
2015-04-26;http://natemat.pl/;Obejrzyj caly wywiad szefów redakcji Grupy naTemat z Bronislawem Komorowskim;1;https://www.youtube.com/watch?v=tgDSXFliId8&feature=youtu.be
2015-04-26;http://natemat.pl/;Korwin o imigrantach.  Jesli plyna dobrowolnie i tona, to ich problem;1;http://natemat.pl/140559,korwin-mikke-o-imigrantach-jesli-plyna-dobrowolnie-i-tona-to-ich-problem
2015-04-26;http://natemat.pl/;Maciej Kowalski;1;http://maciejkowalski.natemat.pl/
2015-04-26;http://natemat.pl/;Kandydaci na Prezydenta RP o marihuanie;1;http://maciejkowalski.natemat.pl/140563,kandydaci-na-prezydenta-rp-o-marihuanie-odpowiedzi
2015-04-26;http://www.gazeta.pl;Korwin-Mikke w objęciach wyborców.  Popieram, ale....;1;http://wiadomosci.gazeta.pl/wiadomosci/1,138764,17814815,Korwin_Mikke_szukal_wyborcow_na_Pyrkonie.html#BoxNewsLink
2015-04-26;http://www.dziennik.pl;Sasin oskarża prezydenta.  To było zdanie złożone;3;http://wiadomosci.dziennik.pl/polityka/artykuly/488875,sasin-i-ziobro-oskarzaja-komorowskiego-wiceprezes-psl-nie-rozumiecie-zdania-zlozonego.html
2015-04-26;http://www.dziennik.pl;Palikot ostro atakuje Radio Maryja, chce odebrania koncesji;2;http://wiadomosci.dziennik.pl/wybory-prezydenckie/artykuly/488839,janusz-palikot-atakuje-radio-maryja-chce-odebrania-koncesji.html
2015-04-26;http://www.dziennik.pl;Poeta nie chce nagrody od prezydent stolicy. Zrezygnował ze 100 tys.;2;http://kultura.dziennik.pl/ksiazki/artykuly/488819,jaroslaw-marek-rymkiewicz-odmawia-przyjecia-nagrody-od-miasta-ktorym-rzadzi-hanna-gronkiewicz-waltz.html
2015-04-26;http://www.dziennik.pl;Prezydent o Władysławie Bartoszewskim: Metr z Sevres polskiego patriotyzmu;1;http://wiadomosci.dziennik.pl/polityka/artykuly/488825,prezydent-komorowski-o-wladyslawie-bartoszewskim-metr-z-sevres-polskiego-patriotyzmu.html
2015-04-26;http://wyborcza.pl/0,0.html?piano_d=1;Duda: Podnieść kwotę wolną od podatku - na początek do 8 tys. zł;2;http://wyborcza.biz/biznes/1,100896,17817014,Duda__Podniesc_kwote_wolna_od_podatku___na_poczatek.html
2015-04-26;http://wyborcza.pl/0,0.html?piano_d=1;Korwin chce haremu, bowiem jest katolik;3;http://wyborcza.pl/1,75968,17809588,Korwin_chce_haremu__bowiem_jest_katolik__Jak_drzec.html
2015-04-26;http://wyborcza.pl/0,0.html?piano_d=1;Świetna okazja, żeby napluć na prezydenta;3;http://wyborcza.pl/1,143644,17805598,Wizy_dla_Amerykanow.html
2015-04-26;http://www.tvp.info/;„Warto nie tylko bic na alarm, ale podejmowac dzialania”. Prezydent podziekowal strazakom;2;http://www.tvp.info.pl/19822076/warto-nie-tylko-bic-na-alarm-ale-podejmowac-dzialania-prezydent-podziekowal-strazakom
2015-04-26;http://www.wp.pl;wazneKorwin-Mikke: jesli oni wygraja, mamy III wojne;2;http://wiadomosci.wp.pl/kat,140394,title,Korwin-Mikke-po-wystapieniu-Schetyny-krytykuje-min-polityke-wschodnia,wid,17478355,wiadomosc.html
2015-04-26;http://www.wp.pl;wazneBedzie transport dla niepelnosprawnych na wybory;2;http://wiadomosci.wp.pl/kat,1019409,title,Bezplatny-transport-dla-niepelnosprawnych-ze-Slaska-podczas-wyborow-prezydenckich,wid,17468262,wiadomosc.html
2015-04-26;http://www.wp.pl;OPZZ RIOR ogłasza powołanie nowej partii i poparcie dla Pawła Kukiza;1;/kat,140394,title,OPZZ-RIOR-oglasza-powolanie-nowej-partii-i-poparcie-dla-Pawla-Kukiza,wid,17486071,wiadomosc.html
2015-04-26;http://www.wprost.pl/;Schyłek Palikota;1;http://www.wprost.pl/ar/503992/Schylek-Palikota/
2015-04-26;http://www.wprost.pl/;Prezydent zlecał podsłuchy. Jak afera podsłuchowa "zmiotła" prezydenta;1;http://www.wprost.pl/ar/452873/Prezydent-zlecal-podsluchy-Jak-afera-podsluchowa-zmiotla-prezydenta/
2015-04-26;http://www.onet.pl/;Andrzej Duda uzyskal poparcie kolejnej partii;2;http://wiadomosci.onet.pl/kraj/polska-razem-poparla-kandydature-andrzeja-dudy/cvvnhg
2015-04-26;http://www.onet.pl/;BOR zdradzil sekret zabezpieczen aut prezydenta;2;http://wiadomosci.onet.pl/kraj/bor-zdradzil-tajemnice-zabezpieczen-prezydenckich-aut/vvvvf4
2015-04-26;http://www.onet.pl/;Posel PSL: ja sie dziwie Komorowskiemu;2;http://wiadomosci.onet.pl/tylko-w-onecie/eugeniusz-klopotek-w-ustalmy-jedno-dziwie-sie-komorowskiemu-powinien-zadzwonic-do/br4q0c
2015-04-26;http://www.newsweek.pl/;Historia,Wspólna,historia,Zlosliwie,o,Polakach,zlosliwie,o,Niemcach,Rozmowa,z,historykiem,Andrzejem,Klimem,autorem,ksiazki,Polska,Niemcy,1,0,w,której,przedstawia,ponad,1000,lat,polsko,niemieckiej,historii;1;http://historia.newsweek.pl/ksiazka-o-historii-polski-i-niemiec-polska-niemcy-1-0-klim,artykuly,361846,1.html
2015-04-26;http://www.newsweek.pl/;5;1;/newsweek,kategoria,2150,5.html
2015-04-26;http://www.tvn24.pl/;RzÄ<U+0085>dzi od 26 lat. WygranÄ<U+0085> w wyborach prezydenckich ma przesÄ<U+0085>dzonÄ;3;http://www.tvn24.pl/wybory-w-kazachstanie-nazarbajew-pewny-reelekcji,536813,s.html
2015-04-26;http://www.tvn24.pl/;RzÄ<U+0085>dzi od 26 lat. WygranÄ<U+0085> w wyborach prezydenckich ma przesÄ<U+0085>dzonÄ;2;http://www.tvn24.pl/rzadzi-od-26-lat-wygrana-w-wyborach-prezydenckich-ma-przesadzona,536813,s.html
2015-04-26;http://www.tvn24.pl/;RzÄ<U+0085>dzi od 26 lat. WygranÄ<U+0085> w wyborach prezydenckich ma przesÄ<U+0085>dzonÄ;1;http://www.tvn24.pl/wybory-w-kazachstanie-nazarbajew-pewny-reelekcji,536813,s.html
2015-04-26;http://natemat.pl/;“Tu Andrzej Halicki, w imieniu prezydenta zapraszam na wybory”;4;http://natemat.pl/140743,tu-andrzej-halicki-w-imieniu-prezydenta-zapraszam-na-wybory-tak-wyglada-kampania-door-to-door-komorowskiego
2015-04-26;http://natemat.pl/;Palikot chce zrobic porzadek z Jarubasem: „Doprowadzil swietokrzyskie do recesji”;3;http://natemat.pl/140757,palikot-chce-zrobic-porzadek-z-jarubasem-to-zly-marszalek-ktory-doprowadzil-swietokrzyskie-do-recesji
2015-04-26;http://natemat.pl/;Ogórek ma nowy pomysl.  Fundusz, który bedzie placil grzywny za mlodych Polaków;3;http://natemat.pl/140749,ogorek-ma-nowy-pomysl-fundusz-ktory-bedzie-placil-grzywny-za-mlodych-polakow
2015-04-26;http://natemat.pl/;Marian Kowalski: „Prezydent nie moze byc pierdola”;2;http://natemat.pl/140741,marian-kowalski-w-nowym-spocie-prezydent-nie-moze-byc-pierdola
2015-04-26;http://natemat.pl/;Korwin-Mikke: Gra o tron nadal trwa! Prezes na Pyrkonie w Poznaniu;1;http://natemat.pl/140729,korwin-mikke-gra-o-tron-nadal-trwa-prezes-na-pyrkonie-w-poznaniu
2015-04-26;http://natemat.pl/;Kazik Staszewski glosowal kiedys na Korwin-Mikkego;1;http://natemat.pl/140715,kazik-staszewski-glosowal-kiedys-na-korwin-mikkego-teraz-nie-idzie-na-wybory
2015-04-26;http://natemat.pl/;Prezydencka kampania zapuka do naszych drzwi. Na ostatniej prostej PO rusza z reklama bezposrednia;1;http://natemat.pl/140699,po-rusza-z-kampania-bezposrednia-do-czyich-drzwi-zapukac-moze-prezydent-komorowski
2015-04-26;http://natemat.pl/;Andrzej Duda: Platforma Obywatelska kuchennymi drzwiami wprowadza obce tresci ideologiczne;1;http://natemat.pl/140695,andrzej-duda-w-kontrze-do-prezydenta-krytykuje-jego-ostatnie-hasla-punktuje-za-brak-wizji-innowacji-i-fatalna-gospodarke
2015-04-26;http://natemat.pl/;Kukiz z glosem Pilsudskiego, Braun z pila motorowa. Antysysemowi kandydaci prezentuja nowe klipy;1;http://natemat.pl/140685,klipy-antysystemowcow-kukiz-z-glosem-pilsudskiego-braun-z-pila-motorowa
2015-04-26;http://natemat.pl/;Stracilem noge, ale zyskalem cos innego . Oto historia zwyciezcy  Celebrity Splash , narciarza Andrzeja Szczesnego;1;http://natemat.pl/47945,stracilem-noge-ale-zyskalem-cos-innego-historia-swietnego-narciarza-andrzeja-szczesnego-wywiad
2015-04-26;http://natemat.pl/;Ostatnia droga Janusza Palikota;1;http://natemat.pl/140679,ostatnia-droga-janusza-palikota-kampanijny-wyjazd-do-torunia-jak-orszak-zalobny-skloconej-rodziny
2015-04-26;http://natemat.pl/;Prawica zarzuca Komorowskiemu „granie Bartoszewskim”, lecz sama wpisuje jego smierc w kampanie;1;http://natemat.pl/140677,prawica-zarzuca-granie-bartoszewskim-lecz-sama-wpisuje-jego-smierc-jako-element-kampanii
2015-04-26;http://natemat.pl/;Duda i Komorowski rywalizuja ulga na badania i rozwój. Kielbasa wyborcza?;1;http://innpoland.pl/116741,inn-tygodnia-podsumowujemy-tydzien-w-innowacjach
2015-04-26;http://natemat.pl/;Zobacz 7 najlepszych momentów naszej rozmowyz prezydentem Komorowskim!;1;http://natemat.pl/140523,komorowski-na-ama-z-natemat-wygram-ustawe-po-ktorej-skarbowka-bedzie-rozstrzygac-na-korzysc-podatnika
2015-04-26;http://natemat.pl/;Obejrzyj caly wywiad szefów redakcji Grupy naTemat z Bronislawem Komorowskim;1;https://www.youtube.com/watch?v=tgDSXFliId8&feature=youtu.be
2015-04-26;http://natemat.pl/;Korwin o imigrantach.  Jesli plyna dobrowolnie i tona, to ich problem;1;http://natemat.pl/140559,korwin-mikke-o-imigrantach-jesli-plyna-dobrowolnie-i-tona-to-ich-problem
2015-04-26;http://natemat.pl/;Maciej Kowalski;1;http://maciejkowalski.natemat.pl/
2015-04-26;http://natemat.pl/;Kandydaci na Prezydenta RP o marihuanie;1;http://maciejkowalski.natemat.pl/140563,kandydaci-na-prezydenta-rp-o-marihuanie-odpowiedzi
2015-04-26;http://www.gazeta.pl;Korwin-Mikke w objęciach wyborców.  Popieram, ale....;1;http://wiadomosci.gazeta.pl/wiadomosci/1,138764,17814815,Korwin_Mikke_szukal_wyborcow_na_Pyrkonie.html#BoxNewsLink
2015-04-26;http://www.dziennik.pl;Poseł PiS oskarża prezydenta.  To było zdanie złożone;3;http://wiadomosci.dziennik.pl/polityka/artykuly/488875,sasin-i-ziobro-oskarzaja-komorowskiego-wiceprezes-psl-nie-rozumiecie-zdania-zlozonego.html
2015-04-26;http://www.dziennik.pl;Palikot ostro atakuje Radio Maryja, chce odebrania koncesji;2;http://wiadomosci.dziennik.pl/wybory-prezydenckie/artykuly/488839,janusz-palikot-atakuje-radio-maryja-chce-odebrania-koncesji.html
2015-04-26;http://www.dziennik.pl;Poeta nie chce nagrody od prezydent stolicy. Zrezygnował ze 100 tys.;2;http://kultura.dziennik.pl/ksiazki/artykuly/488819,jaroslaw-marek-rymkiewicz-odmawia-przyjecia-nagrody-od-miasta-ktorym-rzadzi-hanna-gronkiewicz-waltz.html
2015-04-26;http://www.dziennik.pl;Sasin i Ziobro oskarżają Komorowskiego. Wiceprezes PSL: Nie rozumiecie zdania złożonego;1;http://wiadomosci.dziennik.pl/polityka/artykuly/488875,sasin-i-ziobro-oskarzaja-komorowskiego-wiceprezes-psl-nie-rozumiecie-zdania-zlozonego.html
2015-04-26;http://www.dziennik.pl;Prezydent o Władysławie Bartoszewskim: Metr z Sevres polskiego patriotyzmu;1;http://wiadomosci.dziennik.pl/polityka/artykuly/488825,prezydent-komorowski-o-wladyslawie-bartoszewskim-metr-z-sevres-polskiego-patriotyzmu.html
2015-04-26;http://wyborcza.pl/0,0.html?piano_d=1;Korwin straszy wiecami i III wojną;2;http://wyborcza.pl/1,75478,17812941,Korwin_straszy_wiecami_i_III_wojna.html
2015-04-26;http://wyborcza.pl/0,0.html?piano_d=1;Korwin chce haremu, bowiem jest katolik;3;http://wyborcza.pl/1,75968,17809588,Korwin_chce_haremu__bowiem_jest_katolik__Jak_drzec.html
2015-04-26;http://wyborcza.pl/0,0.html?piano_d=1;Świetna okazja, żeby napluć na prezydenta;3;http://wyborcza.pl/1,143644,17805598,Wizy_dla_Amerykanow.html
2015-04-26;http://www.tvp.info/;18:24                                                 „Niczego nie zaluje”. Putin w filmie „Prezydent” o zajeciu Krymu;3;http://www.tvp.info/19823700/niczego-nie-zaluje-putin-w-filmie-prezydent-o-zajeciu-krymu
2015-04-26;http://www.tvp.info/;„Warto nie tylko bic na alarm, ale podejmowac dzialania”. Prezydent podziekowal strazakom;2;http://www.tvp.info.pl/19822076/warto-nie-tylko-bic-na-alarm-ale-podejmowac-dzialania-prezydent-podziekowal-strazakom
2015-04-26;http://www.wp.pl;wazneKorwin-Mikke: jesli oni wygraja, mamy III wojne;2;http://wiadomosci.wp.pl/kat,140394,title,Korwin-Mikke-po-wystapieniu-Schetyny-krytykuje-min-polityke-wschodnia,wid,17478355,wiadomosc.html
2015-04-26;http://www.wp.pl;wazneBedzie transport dla niepelnosprawnych na wybory;2;http://wiadomosci.wp.pl/kat,1019409,title,Bezplatny-transport-dla-niepelnosprawnych-ze-Slaska-podczas-wyborow-prezydenckich,wid,17468262,wiadomosc.html
2015-04-26;http://www.wp.pl;OPZZ RIOR ogłasza powołanie nowej partii i poparcie dla Pawła Kukiza;1;/kat,140394,title,OPZZ-RIOR-oglasza-powolanie-nowej-partii-i-poparcie-dla-Pawla-Kukiza,wid,17486071,wiadomosc.html
2015-04-26;http://www.wprost.pl/;Partia Gowina poparła kandydaturę Andrzeja Dudy;2;http://www.wprost.pl/ar/504268/Partia-Gowina-poparla-kandydature-Andrzeja-Dudy/
2015-04-26;http://www.wprost.pl/;Sondaż: Komorowski 43,8 proc., Duda 32,5 proc. Kukiz trzeci;2;http://www.wprost.pl/ar/504264/Sondaz-Komorowski-438-proc-Duda-325-proc-Kukiz-trzeci/
2015-04-26;http://www.wprost.pl/;Schyłek Palikota;1;http://www.wprost.pl/ar/503992/Schylek-Palikota/
2015-04-26;http://www.wprost.pl/;Prezydent zlecał podsłuchy. Jak afera podsłuchowa "zmiotła" prezydenta;1;http://www.wprost.pl/ar/452873/Prezydent-zlecal-podsluchy-Jak-afera-podsluchowa-zmiotla-prezydenta/
2015-04-26;http://www.onet.pl/;BOR zdradzil sekret zabezpieczen aut prezydenta;2;http://wiadomosci.onet.pl/kraj/bor-zdradzil-tajemnice-zabezpieczen-prezydenckich-aut/vvvvf4
2015-04-26;http://www.onet.pl/;Posel PSL: ja sie dziwie Komorowskiemu;2;http://wiadomosci.onet.pl/tylko-w-onecie/eugeniusz-klopotek-w-ustalmy-jedno-dziwie-sie-komorowskiemu-powinien-zadzwonic-do/br4q0c
2015-04-26;http://www.newsweek.pl/;Historia,Wspólna,historia,Zlosliwie,o,Polakach,zlosliwie,o,Niemcach,Rozmowa,z,historykiem,Andrzejem,Klimem,autorem,ksiazki,Polska,Niemcy,1,0,w,której,przedstawia,ponad,1000,lat,polsko,niemieckiej,historii;1;http://historia.newsweek.pl/ksiazka-o-historii-polski-i-niemiec-polska-niemcy-1-0-klim,artykuly,361846,1.html
2015-04-26;http://www.newsweek.pl/;5;1;/newsweek,kategoria,2150,5.html
2015-04-26;http://www.tvn24.pl/;Kampania wyborcza na Wyspach;3;/raporty/kampania-wyborcza-na-wyspach,938
2015-04-26;http://www.tvn24.pl/;Kampania wyborcza na Wyspach;1;http://www.tvn24.pl/raporty/kampania-wyborcza-na-wyspach,938
2015-04-26;http://natemat.pl/;“Tu Andrzej Halicki, w imieniu prezydenta zapraszam na wybory”;4;http://natemat.pl/140743,tu-andrzej-halicki-w-imieniu-prezydenta-zapraszam-na-wybory-tak-wyglada-kampania-door-to-door-komorowskiego
2015-04-26;http://natemat.pl/;Komorowski w naTemat;3;http://natemat.pl/140579,komorowski-w-natemat-cameron-tez-nie-bierze-udzialu-w-debatach-trzy-tygodnie-temu-rozmawial-z-faragem-i-reszta
2015-04-26;http://natemat.pl/;Palikot chce zrobic porzadek z Jarubasem: „Doprowadzil swietokrzyskie do recesji”;3;http://natemat.pl/140757,palikot-chce-zrobic-porzadek-z-jarubasem-to-zly-marszalek-ktory-doprowadzil-swietokrzyskie-do-recesji
2015-04-26;http://natemat.pl/;Ogórek ma nowy pomysl.  Fundusz, który bedzie placil grzywny za mlodych Polaków;3;http://natemat.pl/140749,ogorek-ma-nowy-pomysl-fundusz-ktory-bedzie-placil-grzywny-za-mlodych-polakow
2015-04-26;http://natemat.pl/;Modelka i jej gotowe na plaze cialo. Kampania reklamowa wywolala burze.  To seksizm;2;http://natemat.pl/140727,modelka-i-jej-gotowe-na-plaze-cialo-kampania-reklamowa-wywolala-burze-to-seksizm
2015-04-26;http://natemat.pl/;Kazik Staszewski glosowal kiedys na Korwin-Mikkego;2;http://natemat.pl/140715,kazik-staszewski-glosowal-kiedys-na-korwin-mikkego-teraz-nie-idzie-na-wybory
2015-04-26;http://natemat.pl/;Marian Kowalski: „Prezydent nie moze byc pierdola”;2;http://natemat.pl/140741,marian-kowalski-w-nowym-spocie-prezydent-nie-moze-byc-pierdola
2015-04-26;http://natemat.pl/;Korwin-Mikke: Gra o tron nadal trwa! Prezes na Pyrkonie w Poznaniu;1;http://natemat.pl/140729,korwin-mikke-gra-o-tron-nadal-trwa-prezes-na-pyrkonie-w-poznaniu
2015-04-26;http://natemat.pl/;Prezydencka kampania zapuka do naszych drzwi. Na ostatniej prostej PO rusza z reklama bezposrednia;1;http://natemat.pl/140699,po-rusza-z-kampania-bezposrednia-do-czyich-drzwi-zapukac-moze-prezydent-komorowski
2015-04-26;http://natemat.pl/;Andrzej Duda: Platforma Obywatelska kuchennymi drzwiami wprowadza obce tresci ideologiczne;1;http://natemat.pl/140695,andrzej-duda-w-kontrze-do-prezydenta-krytykuje-jego-ostatnie-hasla-punktuje-za-brak-wizji-innowacji-i-fatalna-gospodarke
2015-04-26;http://natemat.pl/;Kukiz z glosem Pilsudskiego, Braun z pila motorowa. Antysysemowi kandydaci prezentuja nowe klipy;1;http://natemat.pl/140685,klipy-antysystemowcow-kukiz-z-glosem-pilsudskiego-braun-z-pila-motorowa
2015-04-26;http://natemat.pl/;Stracilem noge, ale zyskalem cos innego . Oto historia zwyciezcy  Celebrity Splash , narciarza Andrzeja Szczesnego;1;http://natemat.pl/47945,stracilem-noge-ale-zyskalem-cos-innego-historia-swietnego-narciarza-andrzeja-szczesnego-wywiad
2015-04-26;http://natemat.pl/;Ostatnia droga Janusza Palikota;1;http://natemat.pl/140679,ostatnia-droga-janusza-palikota-kampanijny-wyjazd-do-torunia-jak-orszak-zalobny-skloconej-rodziny
2015-04-26;http://natemat.pl/;Prawica zarzuca Komorowskiemu „granie Bartoszewskim”, lecz sama wpisuje jego smierc w kampanie;1;http://natemat.pl/140677,prawica-zarzuca-granie-bartoszewskim-lecz-sama-wpisuje-jego-smierc-jako-element-kampanii
2015-04-26;http://natemat.pl/;Duda i Komorowski rywalizuja ulga na badania i rozwój. Kielbasa wyborcza?;1;http://innpoland.pl/116741,inn-tygodnia-podsumowujemy-tydzien-w-innowacjach
2015-04-26;http://natemat.pl/;Zobacz 7 najlepszych momentów naszej rozmowyz prezydentem Komorowskim!;1;http://natemat.pl/140523,komorowski-na-ama-z-natemat-wygram-ustawe-po-ktorej-skarbowka-bedzie-rozstrzygac-na-korzysc-podatnika
2015-04-26;http://natemat.pl/;Obejrzyj caly wywiad szefów redakcji Grupy naTemat z Bronislawem Komorowskim;1;https://www.youtube.com/watch?v=tgDSXFliId8&feature=youtu.be
2015-04-26;http://natemat.pl/;Maciej Kowalski;1;http://maciejkowalski.natemat.pl/
2015-04-26;http://natemat.pl/;Kandydaci na Prezydenta RP o marihuanie;1;http://maciejkowalski.natemat.pl/140563,kandydaci-na-prezydenta-rp-o-marihuanie-odpowiedzi
2015-04-26;http://www.dziennik.pl;Poseł PiS oskarża prezydenta.  To było zdanie złożone;3;http://wiadomosci.dziennik.pl/polityka/artykuly/488875,sasin-i-ziobro-oskarzaja-komorowskiego-wiceprezes-psl-nie-rozumiecie-zdania-zlozonego.html
2015-04-26;http://www.dziennik.pl;Sasin i Ziobro oskarżają Komorowskiego. Wiceprezes PSL: Nie rozumiecie zdania złożonego;1;http://wiadomosci.dziennik.pl/polityka/artykuly/488875,sasin-i-ziobro-oskarzaja-komorowskiego-wiceprezes-psl-nie-rozumiecie-zdania-zlozonego.html
2015-04-26;http://www.dziennik.pl;Prezydent o Władysławie Bartoszewskim: Metr z Sevres polskiego patriotyzmu;1;http://wiadomosci.dziennik.pl/polityka/artykuly/488825,prezydent-komorowski-o-wladyslawie-bartoszewskim-metr-z-sevres-polskiego-patriotyzmu.html
2015-04-26;http://wyborcza.pl/0,0.html?piano_d=1;Wybory prezydenckie. Jak kandydaci spędzili wyborczy weekend?;2;http://wyborcza.pl/1,75478,17819008,Wybory_prezydenckie__Jak_kandydaci_spedzili_wyborczy.html
2015-04-26;http://wyborcza.pl/0,0.html?piano_d=1;Korwin straszy wiecami i III wojną;2;http://wyborcza.pl/1,75478,17812941,Korwin_straszy_wiecami_i_III_wojna.html
2015-04-26;http://wyborcza.pl/0,0.html?piano_d=1;Korwin chce haremu, bowiem jest katolik;3;http://wyborcza.pl/1,75968,17809588,Korwin_chce_haremu__bowiem_jest_katolik__Jak_drzec.html
2015-04-26;http://wyborcza.pl/0,0.html?piano_d=1;Świetna okazja, żeby napluć na prezydenta;3;http://wyborcza.pl/1,143644,17805598,Wizy_dla_Amerykanow.html
2015-04-26;http://www.tvp.info/;Ofensywa propagandy. Putin w filmie „Prezydent” o zajeciu Krymu: niczego nie zaluje;3;http://www.tvp.info/19823700/niczego-nie-zaluje-putin-w-filmie-prezydent-o-zajeciu-krymu
2015-04-26;http://www.wp.pl;Oglaszaja powolanie nowej partii i poparcie dla Pawla Kukiza;3;http://wiadomosci.wp.pl/kat,1342,title,OPZZ-RIOR-oglasza-powolanie-nowej-partii-i-poparcie-dla-Pawla-Kukiza,wid,17486071,wiadomosc.html
2015-04-26;http://www.wp.pl;wazneKorwin-Mikke: jesli oni wygraja, mamy III wojne;2;http://wiadomosci.wp.pl/kat,140394,title,Korwin-Mikke-po-wystapieniu-Schetyny-krytykuje-min-polityke-wschodnia,wid,17478355,wiadomosc.html
2015-04-26;http://www.wp.pl;wazneBedzie transport dla niepelnosprawnych na wybory;2;http://wiadomosci.wp.pl/kat,1019409,title,Bezplatny-transport-dla-niepelnosprawnych-ze-Slaska-podczas-wyborow-prezydenckich,wid,17468262,wiadomosc.html
2015-04-26;http://www.wp.pl;OPZZ RIOR ogłasza powołanie nowej partii i poparcie dla Pawła Kukiza;1;/kat,140394,title,OPZZ-RIOR-oglasza-powolanie-nowej-partii-i-poparcie-dla-Pawla-Kukiza,wid,17486071,wiadomosc.html
2015-04-26;http://www.wp.pl;Prezydent: warto nie tylko bić na alarm, ale podejmować działania;1;/kat,140394,title,Prezydent-warto-nie-tylko-bic-na-alarm-ale-podejmowac-dzialania,wid,17485801,wiadomosc.html
2015-04-26;http://www.wprost.pl/;Partia Gowina poparła kandydaturę Andrzeja Dudy;2;http://www.wprost.pl/ar/504268/Partia-Gowina-poparla-kandydature-Andrzeja-Dudy/
2015-04-26;http://www.wprost.pl/;Sondaż: Komorowski 43,8 proc., Duda 32,5 proc. Kukiz trzeci;2;http://www.wprost.pl/ar/504264/Sondaz-Komorowski-438-proc-Duda-325-proc-Kukiz-trzeci/
2015-04-26;http://www.wprost.pl/;Schyłek Palikota;1;http://www.wprost.pl/ar/503992/Schylek-Palikota/
2015-04-26;http://www.wprost.pl/;Prezydent zlecał podsłuchy. Jak afera podsłuchowa "zmiotła" prezydenta;1;http://www.wprost.pl/ar/452873/Prezydent-zlecal-podsluchy-Jak-afera-podsluchowa-zmiotla-prezydenta/
2015-04-26;http://www.onet.pl/;BOR zdradzil sekret zabezpieczen aut prezydenta;2;http://wiadomosci.onet.pl/kraj/bor-zdradzil-tajemnice-zabezpieczen-prezydenckich-aut/vvvvf4
2015-04-26;http://www.onet.pl/;Posel PSL: ja sie dziwie Komorowskiemu;2;http://wiadomosci.onet.pl/tylko-w-onecie/eugeniusz-klopotek-w-ustalmy-jedno-dziwie-sie-komorowskiemu-powinien-zadzwonic-do/br4q0c
2015-04-26;http://www.newsweek.pl/;Historia,Wspólna,historia,Zlosliwie,o,Polakach,zlosliwie,o,Niemcach,Rozmowa,z,historykiem,Andrzejem,Klimem,autorem,ksiazki,Polska,Niemcy,1,0,w,której,przedstawia,ponad,1000,lat,polsko,niemieckiej,historii;1;http://historia.newsweek.pl/ksiazka-o-historii-polski-i-niemiec-polska-niemcy-1-0-klim,artykuly,361846,1.html
2015-04-26;http://www.newsweek.pl/;5;1;/newsweek,kategoria,2150,5.html
2015-04-26;http://www.tvn24.pl/;Film  Prezydent . Putin oskarza USA o kontakty z kaukaskimi  terrorystami;3;http://www.tvn24.pl/film-prezydent-putin-kontakty-usa-z-kaukaskimi-terrorystami,536956,s.html
2015-04-26;http://www.tvn24.pl/;Odtwórz: Film  Prezydent . Putin oskarÅ¼a USA o kontakty z kaukaskimi  terrorystami;3;http://www.tvn24.pl/film-prezydent-putin-kontakty-usa-z-kaukaskimi-terrorystami,536956,s.html#autoplay
2015-04-26;http://www.tvn24.pl/;Komorowski na poÅ<U+0082>udniu, Duda na Mazowszu;3;http://www.tvn24.pl/aktywny-przedostatni-weekend-kampanii-wyborczej-kandydatow,536946,s.html
2015-04-26;http://www.tvn24.pl/;Odtwórz: Komorowski na poÅ<U+0082>udniu, Duda na Mazowszu;3;http://www.tvn24.pl/aktywny-przedostatni-weekend-kampanii-wyborczej-kandydatow,536946,s.html#autoplay
2015-04-26;http://www.tvn24.pl/;Kampania wyborcza na Wyspach;3;/raporty/kampania-wyborcza-na-wyspach,938
2015-04-26;http://www.tvn24.pl/;Film  Prezydent . Putin oskarÅ¼a USA o kontakty z kaukaskimi  terrorystami;2;http://www.tvn24.pl/wiadomosci-ze-swiata,2/film-prezydent-putin-oskarza-usa-o-kontakty-z-kaukaskimi-terrorystami,536956.html
2015-04-26;http://www.tvn24.pl/;Film  Prezydent . Putin oskarÅ¼a USA o kontakty z kaukaskimi  terrorystami;2;http://www.tvn24.pl/film-prezydent-putin-oskarza-usa-o-kontakty-z-kaukaskimi-terrorystami,536956,s.html
2015-04-26;http://www.tvn24.pl/;Komorowski na poÅ<U+0082>udniu, Duda na Mazowszu;2;http://www.tvn24.pl/komorowski-na-poludniu-duda-na-mazowszu,536946,s.html
2015-04-26;http://www.tvn24.pl/;Komorowski na poÅ<U+0082>udniu, Duda na Mazowszu;1;http://www.tvn24.pl/aktywny-przedostatni-weekend-kampanii-wyborczej-kandydatow,536946,s.html
2015-04-26;http://www.tvn24.pl/;Odtwórz: Komorowski na poÅ<U+0082>udniu, Duda na Mazowszu;1;http://www.tvn24.pl/aktywny-przedostatni-weekend-kampanii-wyborczej-kandydatow,536946,s.html#autoplay
2015-04-26;http://www.tvn24.pl/;Kampania wyborcza na Wyspach;1;http://www.tvn24.pl/raporty/kampania-wyborcza-na-wyspach,938
2015-04-26;http://natemat.pl/;Spadek notowan Komorowskiego i zacieta walka Kukiza i Korwin-Mikkego o trzecie miejsce;4;http://natemat.pl/140761,spadek-notowan-bronislawa-komorowskiego-i-zacieta-walka-kukiza-i-korwin-mikkego-o-trzecie-miejsce
2015-04-26;http://natemat.pl/;Andrzej Duda: Obecna wladza odpowiada za zmiany, które uderzaja w najbiedniejszych;3;http://natemat.pl/140775,andrzej-duda-obecna-wladza-odpowiada-za-zmiany-ktore-uderzaja-w-najbiedniejszych
2015-04-26;http://natemat.pl/;“Tu Andrzej Halicki, w imieniu prezydenta zapraszam na wybory”;3;http://natemat.pl/140743,tu-andrzej-halicki-w-imieniu-prezydenta-zapraszam-na-wybory-tak-wyglada-kampania-door-to-door-komorowskiego
2015-04-26;http://natemat.pl/;Waldemar Pawlak wesprze Bronislawa Komorowskiego? Zaostrza sie konflikt wewnatrz PSL;2;http://natemat.pl/140765,byly-lider-ludowcow-wesprze-bronislawa-komorowskiego-zaostrza-sie-konflikt-wewnatrz-psl
2015-04-26;http://natemat.pl/;Modelka i jej gotowe na plaze cialo. Kampania reklamowa wywolala burze.  To seksizm;2;http://natemat.pl/140727,modelka-i-jej-gotowe-na-plaze-cialo-kampania-reklamowa-wywolala-burze-to-seksizm
2015-04-26;http://natemat.pl/;Kazik Staszewski glosowal kiedys na Korwin-Mikkego. Teraz nie idzie na wybory;2;http://natemat.pl/140715,kazik-staszewski-glosowal-kiedys-na-korwin-mikkego-teraz-nie-idzie-na-wybory
2015-04-26;http://natemat.pl/;Marian Kowalski: „Prezydent nie moze byc pierdola”;1;http://natemat.pl/140741,marian-kowalski-w-nowym-spocie-prezydent-nie-moze-byc-pierdola
2015-04-26;http://natemat.pl/;Palikot chce zrobic porzadek z Jarubasem: „Doprowadzil swietokrzyskie do recesji”;1;http://natemat.pl/140757,palikot-chce-zrobic-porzadek-z-jarubasem-to-zly-marszalek-ktory-doprowadzil-swietokrzyskie-do-recesji
2015-04-26;http://natemat.pl/;Ogórek ma nowy pomysl.  Fundusz, który bedzie placil grzywny za mlodych Polaków;1;http://natemat.pl/140749,ogorek-ma-nowy-pomysl-fundusz-ktory-bedzie-placil-grzywny-za-mlodych-polakow
2015-04-26;http://natemat.pl/;Stracilem noge, ale zyskalem cos innego . Oto historia zwyciezcy  Celebrity Splash , narciarza Andrzeja Szczesnego;1;http://natemat.pl/47945,stracilem-noge-ale-zyskalem-cos-innego-historia-swietnego-narciarza-andrzeja-szczesnego-wywiad
2015-04-26;http://natemat.pl/;Korwin-Mikke: Gra o tron nadal trwa! Prezes na Pyrkonie w Poznaniu;1;http://natemat.pl/140729,korwin-mikke-gra-o-tron-nadal-trwa-prezes-na-pyrkonie-w-poznaniu
2015-04-26;http://natemat.pl/;Ostatnia droga Janusza Palikota;1;http://natemat.pl/140679,ostatnia-droga-janusza-palikota-kampanijny-wyjazd-do-torunia-jak-orszak-zalobny-skloconej-rodziny
2015-04-26;http://natemat.pl/;Prawica zarzuca Komorowskiemu „granie Bartoszewskim”, lecz sama wpisuje jego smierc w kampanie;1;http://natemat.pl/140677,prawica-zarzuca-granie-bartoszewskim-lecz-sama-wpisuje-jego-smierc-jako-element-kampanii
2015-04-26;http://natemat.pl/;Duda i Komorowski rywalizuja ulga na badania i rozwój. Kielbasa wyborcza?;1;http://innpoland.pl/116741,inn-tygodnia-podsumowujemy-tydzien-w-innowacjach
2015-04-26;http://natemat.pl/;Zobacz 7 najlepszych momentów naszej rozmowyz prezydentem Komorowskim!;1;http://natemat.pl/140523,komorowski-na-ama-z-natemat-wygram-ustawe-po-ktorej-skarbowka-bedzie-rozstrzygac-na-korzysc-podatnika
2015-04-26;http://natemat.pl/;Obejrzyj caly wywiad szefów redakcji Grupy naTemat z Bronislawem Komorowskim;1;https://www.youtube.com/watch?v=tgDSXFliId8&feature=youtu.be
2015-04-26;http://www.dziennik.pl;Poseł PiS oskarża prezydenta.  To było zdanie złożone;3;http://wiadomosci.dziennik.pl/polityka/artykuly/488875,sasin-i-ziobro-oskarzaja-komorowskiego-wiceprezes-psl-nie-rozumiecie-zdania-zlozonego.html
2015-04-26;http://www.dziennik.pl;Prezydent Komorowski złożył kondolencje Nepalczykom;1;http://wiadomosci.dziennik.pl/polityka/artykuly/488886,prezydent-bronislaw-komorowski-zlozyl-kondolencje-nepalczykom.html
2015-04-26;http://www.dziennik.pl;Sasin i Ziobro oskarżają Komorowskiego. Wiceprezes PSL: Nie rozumiecie zdania złożonego;1;http://wiadomosci.dziennik.pl/polityka/artykuly/488875,sasin-i-ziobro-oskarzaja-komorowskiego-wiceprezes-psl-nie-rozumiecie-zdania-zlozonego.html
2015-04-26;http://www.dziennik.pl;Prezydent o Władysławie Bartoszewskim: Metr z Sevres polskiego patriotyzmu;1;http://wiadomosci.dziennik.pl/polityka/artykuly/488825,prezydent-komorowski-o-wladyslawie-bartoszewskim-metr-z-sevres-polskiego-patriotyzmu.html
2015-04-26;http://wyborcza.pl/0,0.html?piano_d=1;Janusz Korwin-Mikke straszy wiecami i III wojną;3;http://wyborcza.pl/1,143644,17812941,Korwin_straszy_wiecami_i_III_wojna.html
2015-04-26;http://wyborcza.pl/0,0.html?piano_d=1;Wybory prezydenckie. Jak kandydaci spędzili wyborczy weekend?;2;http://wyborcza.pl/1,75478,17819008,Wybory_prezydenckie__Jak_kandydaci_spedzili_wyborczy.html
2015-04-26;http://wyborcza.pl/0,0.html?piano_d=1;Korwin chce haremu, bowiem jest katolik;3;http://wyborcza.pl/1,75968,17809588,Korwin_chce_haremu__bowiem_jest_katolik__Jak_drzec.html
