"date";"portal";"title";"position";"link"
2015-05-09;http://www.wp.pl;W USA mniejsze zainteresowanie wyborami prezydenta niż przed 5 laty;1;/kat,140394,title,W-USA-mniejsze-zainteresowanie-wyborami-prezydenta-niz-przed-5-laty,wid,17523944,wiadomosc.html
2015-05-09;http://www.wprost.pl/;Szczątki gen. Andrzeja Błasika dziś trafią na Jasną Górę;3;http://www.wprost.pl/ar/505965/Szczatki-gen-Andrzeja-Blasika-dzis-trafia-na-Jasna-Gore/
2015-05-09;http://www.wprost.pl/;Szczątki gen. Andrzeja Błasika dziś trafią na Jasną Górę;2;http://www.wprost.pl/ar/505965/Szczatki-gen-Andrzeja-Blasika-dzis-trafia-na-Jasna-Gore/
2015-05-09;http://www.wprost.pl/;Koniec kampanii. Od północy trwa cisza wyborcza;2;http://www.wprost.pl/ar/505958/Koniec-kampanii-Od-polnocy-trwa-cisza-wyborcza/
2015-05-09;http://www.wprost.pl/;Politolog: Kampania była nudna. Największy sukces odniósł Kukiz;1;http://www.wprost.pl/ar/505889/Politolog-Kampania-byla-nudna-Najwiekszy-sukces-odniosl-Kukiz/
2015-05-09;http://www.wprost.pl/;Największe hity i kity w kampanii prezydenckiej;1;http://www.wprost.pl/ar/505879/Najwieksze-hity-i-kity-w-kampanii-prezydenckiej/
2015-05-09;http://www.wprost.pl/;Prof. Śpiewak o wyborach: Ciszej nad tą trumną;1;http://www.wprost.pl/ar/505834/Prof-Spiewak-o-wyborach-Ciszej-nad-ta-trumna/
2015-05-09;http://www.wprost.pl/;W SLD ostrzą noże na Millera. Ogórek pociągnie go na dno?;1;http://www.wprost.pl/ar/505569/W-SLD-ostrza-noze-na-Millera-Ogorek-pociagnie-go-na-dno/
2015-05-09;http://www.wprost.pl/;Debata prezydencka. "Korwin-Mikke znokautował Kukiza, sztab Dudy przedobrzył";1;http://www.wprost.pl/ar/505581/Debata-prezydencka-Korwin-Mikke-znokautowal-Kukiza-sztab-Dudy-przedobrzyl/
2015-05-09;http://www.wprost.pl/;Ogórek: Kaczyński przyszedłby do mnie na Radę Bezpieczeństwa Narodowego;1;http://www.wprost.pl/ar/505560/Ogorek-Kaczynski-przyszedlby-do-mnie-na-Rade-Bezpieczenstwa-Narodowego/
2015-05-09;http://www.wprost.pl/;Kampania na Twitterze. Palikot groził Rydzykowi, Kukiz napisał o plagiacie;1;http://www.wprost.pl/ar/505175/Kampania-na-Twitterze-Palikot-grozil-Rydzykowi-Kukiz-napisal-o-plagiacie/
2015-05-09;http://www.wprost.pl/;Kampania na Facebooku. Korwin-Mikke "rządzi" z Żelaznego Tronu;1;http://www.wprost.pl/ar/505177/Kampania-na-Facebooku-Korwin-Mikke-rzadzi-z-Zelaznego-Tronu/
2015-05-09;http://www.newsweek.pl/;Kampania w internecie. Kandydaci wylogowani z sieci;4;http://polska.newsweek.pl/wybory-prezydenckie-2015-kampania-w-internecie-social-media,artykuly,362806,1.html
2015-05-09;http://www.newsweek.pl/;Finisz kampanii: Co mówią ostatnie sondaże? [ANALIZA];4;http://opinie.newsweek.pl/ostatnie-sondaze-przed-wyborami-analiza-sondazy-prezydenckich,artykuly,362797,1.html
2015-05-09;http://www.newsweek.pl/;PiS przed PO, na listę Kukiza chce zagłosować niemal co piąty Polak [SONDAŻ];2;http://stylzycia.newsweek.pl/targi-sakralne-koine-we-wloszech-zobaczcie-co-mozna-na-nich-znalezc-,galeria,362791,1.html
2015-05-09;http://www.newsweek.pl/;Cień,Margaret,Thatcher,wciąż,rządzi,w,Londynie,Najbardziej,wyrównana,od,lat,kampania,wyborcza,ma,zupełnie,zaskakujący,finał,Najgorszy,od,1987,roku,wynik,wyborczy,Partii,Pracy,i,wysokie,zwycięstwo,Konserwatystów;1;http://opinie.newsweek.pl/wybory-w-wielkiej-brytanii-kto-i-dlaczego-wygral-newsweek-pl,artykuly,362773,1.html
2015-05-09;http://www.newsweek.pl/;Konserwatyści,wygrali,wybory,w,Wielkiej,Brytanii,Czwartkowe,wybory,w,Wielkiej,Brytanii,to,zwycięstwo,konserwatystów,triumf,SNP,i,sromotna,porażka,Partii,Pracy,która,od,30,lat,nie,miała,tak,słabego,wyniku;1;http://swiat.newsweek.pl/wybory-w-wielkiej-brytanii-wygrali-konserwatysci-davida-camerona-newsweek-pl,artykuly,362749,1.html
2015-05-09;http://www.newsweek.pl/;Świat,Nie,obchodzą,Cię,brytyjskie,wybory,Oto,6,powodów,by,zmienić,zdanie,Korespondent,polityczny,BBC,Rob,Watson,tłumaczy,osobom,spoza,Zjednoczonego,Królestwa,dlaczego,brytyjskie,wybory,mogą,wpłynąć,nie,tylko,na,losy,Wielkiej,Brytanii;1;http://swiat.newsweek.pl/wybory-parlamentarne-w-wielkiej-brytanii-co-warto-o-nich-wiedziec-,artykuly,362659,1.html
2015-05-09;http://www.newsweek.pl/;Ekonomiści,Realizacja,obietnic,Dudy,kosztowałaby,krocie,Realizacja,Umowy,programowej,zawartej,między,Andrzejem,Dudą,a,Komisją,Krajową,NSZZ,S,kosztowałaby,miliardy,złotych,wyliczają,ekonomiści;1;http://biznes.newsweek.pl/ile-kosztowalaby-realizacja-obietnic-andrzeja-dudy,artykuly,362600,1.html
2015-05-09;http://www.newsweek.pl/;Polacy,chcą,dodatkowego,podatku,dla,najbogatszych,Większość,Polaków,jest,za,wprowadzeniem,dodatkowej,stawki,podatkowej,dla,najbogatszych,pokazał,sondaż,IQS,dla,Newsweeka;1;http://biznes.newsweek.pl/wysokosc-podatkow-w-polsce-wyzsze-podatki-dla-najbogatszych,artykuly,362455,1.html
2015-05-09;http://www.newsweek.pl/;Druga,tura,pewna,aż,16,proc,dla,Kukiza,Głos,na,Bronisława,Komorowskiego,chce,oddać,40,proc,Polaków,Drugi,w,rankingu,jest,Andrzej,Duda,29,proc,trzeci,Paweł,Kukiz,16,proc,wynika,z,sondażu,pracowni;1;http://www.newsweek.pl/druga-tura-pewna-rekordowy-wynik-kukiza-sondaz-newsweeka,artykuly,362767,1.html
2015-05-09;http://www.newsweek.pl/;Tak,powstawał,Lodowy,Zamek,najpiękniejszy,budynek,w,Europie,Filharmonia,w,Szczecinie,została,wybrana,najlepszym,budynkiem,w,Europie,Zobacz,jak,powstawała;1;http://stylzycia.newsweek.pl/filharmonia-w-szczecinie-architektura-nagroda,film,362846.html
2015-05-09;http://www.newsweek.pl/;Dziecko,w,internecie,Jak,zapewnić,mu,bezpieczeństwo,Aż,90,proc,rodziców,przyznaje,że,czują,się,odpowiedzialni,za,zapewnienie,dziecku,bezpieczeństwa,w,internecie,Jednak,w,praktyce,wielu,z,nich,nie,radzi,sobie,z,tym,wyzwaniem;1;http://stylzycia.newsweek.pl/jak-zapewnic-dziecku-bezpieczenstwo-w-internecie-,artykuly,362779,1.html
2015-05-09;http://www.newsweek.pl/;Komorowski,o,Dudzie,Nie,można,się,zasłaniać,papieżem,to,nieetyczne,Niepoważny,jest,polityk,który,zasłania,się,poglądami,innych,osób,powiedział,prezydent,o,Andrzeju,Dudzie,który,powołał,się,na,Jana,Pawła,II,tłumacząc,swoje,stanowisko,w;1;http://polska.newsweek.pl/kampania-prezydencka-ostatni-dzien-komorowski-duda,artykuly,362770,1.html
2015-05-09;http://www.newsweek.pl/;Polski,ambasador,ranny,w,katastrofie,śmigłowca,Talibowie,To,my,zestrzeliliśmy,maszynę,Czy,to,talibowie,są,odpowiedzialni,za,katastrofę,helikoptera,wojskowego,w,północnym,Pakistanie,Tak,wynika,z,informacji,gazety,The,Express,Tribune,Doniesień,tych,nie;1;http://swiat.newsweek.pl/katastrofa-helikoptera-ranny-ambasador-polski,artykuly,362755,1.html
2015-05-09;http://natemat.pl/;Maciej Kowalski;3;http://maciejkowalski.natemat.pl/
2015-05-09;http://natemat.pl/;Barwy UPA na marynarce prezydenta Ukrainy . Spór wokół wizyty Poroszenki;1;http://natemat.pl/142013,barwy-upa-na-marynarce-prezydenta-ukrainy-kontrowersje-wokol-wizyty-poroszenki-w-polsce
2015-05-09;http://www.dziennik.pl;Prezydent Czeczenii podarował nowe motocykle  Nocnym Wilkom;2;http://wiadomosci.dziennik.pl/swiat/artykuly/489879,prezydent-czeczenii-podarowal-nowe-motocykle-nocnym-wilkom.html
2015-05-09;http://www.dziennik.pl;Komorowski na Westerplatte: Trzeba uczcić wszystkie ofiary konfliktu;1;http://wiadomosci.dziennik.pl/polityka/artykuly/489842,prezydent-bronislaw-komorowski-na-westerplatte.html
2015-05-09;http://www.dziennik.pl;Komorowski powinien pojechać na obchody zakończenia II wojny? SONDAŻ CBOS;1;http://wiadomosci.dziennik.pl/polityka/artykuly/489785,sondaz-polacy-o-ii-wojnie-swiatowej-komorowski-powinien-pojechac-do-moskwy.html
2015-05-09;http://wyborcza.pl/0,0.html?piano_d=1;WYBORY PREZYDENCKIE 2015. PKW przypomina jak głosować i czego nie można w lokalu wyborczym;3;http://wyborcza.pl/1,75478,17886682,Wybory_prezydenckie_pod_nadzorem__PKW_przypomina_jak.html
2015-05-09;http://wyborcza.pl/0,0.html?piano_d=1;Kukiz organizuje koncert w niedzielę. Złamie ciszę wyborczą?;3;http://wroclaw.gazeta.pl/wroclaw/1,35771,17885353,Kukiz_organizuje_koncert_w_niedziele__Zlamie_cisze.html
2015-05-09;http://wyborcza.pl/0,0.html?piano_d=1;Dlaczego nie uprzedzono Anglików, że długopis może im sfałszować wybory?;3;http://wyborcza.pl/1,143644,17886865,Z_pisakiem_na_wybory__Ogorek_na_weekend_.html
2015-05-09;http://wyborcza.pl/0,0.html?piano_d=1;Braunizm atakuje, sędzia ściąga z Wiki, a Duda miłe mówi nam wierszyki;3;http://wyborcza.pl/1,75968,17885197,Braunizm_atakuje__sedzia_sciaga_z_Wiki__a_Duda_mile.html
2015-05-09;http://www.wp.pl;W USA mniejsze zainteresowanie wyborami prezydenta niż przed 5 laty;1;/kat,140394,title,W-USA-mniejsze-zainteresowanie-wyborami-prezydenta-niz-przed-5-laty,wid,17523944,wiadomosc.html
2015-05-09;http://www.wprost.pl/;Szczątki gen. Andrzeja Błasika dziś trafią na Jasną Górę;3;http://www.wprost.pl/ar/505965/Szczatki-gen-Andrzeja-Blasika-dzis-trafia-na-Jasna-Gore/
2015-05-09;http://www.wprost.pl/;Szczątki gen. Andrzeja Błasika dziś trafią na Jasną Górę;2;http://www.wprost.pl/ar/505965/Szczatki-gen-Andrzeja-Blasika-dzis-trafia-na-Jasna-Gore/
2015-05-09;http://www.wprost.pl/;Politolog: Kampania była nudna. Największy sukces odniósł Kukiz;1;http://www.wprost.pl/ar/505889/Politolog-Kampania-byla-nudna-Najwiekszy-sukces-odniosl-Kukiz/
2015-05-09;http://www.wprost.pl/;Największe hity i kity w kampanii prezydenckiej;1;http://www.wprost.pl/ar/505879/Najwieksze-hity-i-kity-w-kampanii-prezydenckiej/
2015-05-09;http://www.wprost.pl/;Prof. Śpiewak o wyborach: Ciszej nad tą trumną;1;http://www.wprost.pl/ar/505834/Prof-Spiewak-o-wyborach-Ciszej-nad-ta-trumna/
2015-05-09;http://www.wprost.pl/;W SLD ostrzą noże na Millera. Ogórek pociągnie go na dno?;1;http://www.wprost.pl/ar/505569/W-SLD-ostrza-noze-na-Millera-Ogorek-pociagnie-go-na-dno/
2015-05-09;http://www.wprost.pl/;Debata prezydencka. "Korwin-Mikke znokautował Kukiza, sztab Dudy przedobrzył";1;http://www.wprost.pl/ar/505581/Debata-prezydencka-Korwin-Mikke-znokautowal-Kukiza-sztab-Dudy-przedobrzyl/
2015-05-09;http://www.wprost.pl/;Ogórek: Kaczyński przyszedłby do mnie na Radę Bezpieczeństwa Narodowego;1;http://www.wprost.pl/ar/505560/Ogorek-Kaczynski-przyszedlby-do-mnie-na-Rade-Bezpieczenstwa-Narodowego/
2015-05-09;http://www.wprost.pl/;Kampania na Twitterze. Palikot groził Rydzykowi, Kukiz napisał o plagiacie;1;http://www.wprost.pl/ar/505175/Kampania-na-Twitterze-Palikot-grozil-Rydzykowi-Kukiz-napisal-o-plagiacie/
2015-05-09;http://www.wprost.pl/;Kampania na Facebooku. Korwin-Mikke "rządzi" z Żelaznego Tronu;1;http://www.wprost.pl/ar/505177/Kampania-na-Facebooku-Korwin-Mikke-rzadzi-z-Zelaznego-Tronu/
2015-05-09;http://www.onet.pl/;  Pan Andrzej wygrał licytację domu. Zapłacił za niego, ale nie został jego właścicielem ;3;http://wiadomosci.onet.pl/warszawa/pan-andrzej-wygral-licytacje-domu-zaplacil-za-niego-ale-nie-zostal-jego-wlascicielem/3e7p80
2015-05-09;http://www.newsweek.pl/;Kampania w internecie. Kandydaci wylogowani z sieci;4;http://polska.newsweek.pl/wybory-prezydenckie-2015-kampania-w-internecie-social-media,artykuly,362806,1.html
2015-05-09;http://www.newsweek.pl/;Finisz kampanii: Co mówią ostatnie sondaże? [ANALIZA];4;http://opinie.newsweek.pl/ostatnie-sondaze-przed-wyborami-analiza-sondazy-prezydenckich,artykuly,362797,1.html
2015-05-09;http://www.newsweek.pl/;PiS przed PO, na listę Kukiza chce zagłosować niemal co piąty Polak [SONDAŻ];2;http://stylzycia.newsweek.pl/targi-sakralne-koine-we-wloszech-zobaczcie-co-mozna-na-nich-znalezc-,galeria,362791,1.html
2015-05-09;http://www.newsweek.pl/;Cień,Margaret,Thatcher,wciąż,rządzi,w,Londynie,Najbardziej,wyrównana,od,lat,kampania,wyborcza,ma,zupełnie,zaskakujący,finał,Najgorszy,od,1987,roku,wynik,wyborczy,Partii,Pracy,i,wysokie,zwycięstwo,Konserwatystów;1;http://opinie.newsweek.pl/wybory-w-wielkiej-brytanii-kto-i-dlaczego-wygral-newsweek-pl,artykuly,362773,1.html
2015-05-09;http://www.newsweek.pl/;Konserwatyści,wygrali,wybory,w,Wielkiej,Brytanii,Czwartkowe,wybory,w,Wielkiej,Brytanii,to,zwycięstwo,konserwatystów,triumf,SNP,i,sromotna,porażka,Partii,Pracy,która,od,30,lat,nie,miała,tak,słabego,wyniku;1;http://swiat.newsweek.pl/wybory-w-wielkiej-brytanii-wygrali-konserwatysci-davida-camerona-newsweek-pl,artykuly,362749,1.html
2015-05-09;http://www.newsweek.pl/;Ekonomiści,Realizacja,obietnic,Dudy,kosztowałaby,krocie,Realizacja,Umowy,programowej,zawartej,między,Andrzejem,Dudą,a,Komisją,Krajową,NSZZ,S,kosztowałaby,miliardy,złotych,wyliczają,ekonomiści;1;http://biznes.newsweek.pl/ile-kosztowalaby-realizacja-obietnic-andrzeja-dudy,artykuly,362600,1.html
2015-05-09;http://www.newsweek.pl/;Polacy,chcą,dodatkowego,podatku,dla,najbogatszych,Większość,Polaków,jest,za,wprowadzeniem,dodatkowej,stawki,podatkowej,dla,najbogatszych,pokazał,sondaż,IQS,dla,Newsweeka;1;http://biznes.newsweek.pl/wysokosc-podatkow-w-polsce-wyzsze-podatki-dla-najbogatszych,artykuly,362455,1.html
2015-05-09;http://www.newsweek.pl/;Jak,zorganizować,ślub,w,plenerze,By,zawrzeć,związek,małżeński,wystarczy,tysiąc,złotych,i,wybór,miejsca,gwarantującego,zachowanie,powagi,i,bezpieczeństwa,uczestników,Decyzja,czy,dane,miejsce,spełnia,te;1;http://stylzycia.newsweek.pl/slub-w-plenerze,artykuly,362852,1.html
2015-05-09;http://www.newsweek.pl/;Czy,Wlk.Brytania,wyjdzie,z,UE,Cameron,ponawia,obietnicę,referendum,Po,miażdżącym,zwycięstwie,Konserwatystów,w,brytyjskich,wyborach,premier,David,Cameron,zapowiedział,że,przeprowadzi,referendum,w,sprawie,dalszych,losów,swego,kraju,w,UE;1;http://swiat.newsweek.pl/cameron-bedzie-referendum-ws-czlonkostwa-wielkiej-brytanii-w-ue,artykuly,362783,1.html
2015-05-09;http://www.newsweek.pl/;Polska,płaca,minimalna,nie,zawsze,pozwala,na,przeżycie,Ale,rośnie,Według,OECD,polska,płaca,minimalna,wynosi,niecałe,500,euro,Oznacza,to,że,jest,o,250,euro,niższa,niż,w,Grecji,ale,wyższa,niż,w,Czechach,I,choć,mimo,kryzysu,rośnie,to,nie;1;http://biznes.newsweek.pl/placa-minimalna-w-polsce-i-na-swiecie-zarobki-w-ue,artykuly,362776,1.html
2015-05-09;http://www.newsweek.pl/;Idziesz,na,wybory,Oto,praktyczny,poradnik,jak,głosować,Sprawdź,co,zabrać,do,lokalu,wyborczego,i,jak,zagłosować,by,głos,był,ważny;1;http://polska.newsweek.pl/wybory-prezydenckie-2015-jak-oddac-wazny-glos,artykuly,362758,1.html
2015-05-09;http://www.newsweek.pl/;Więcej;1;
2015-05-09;http://natemat.pl/;Maciej Kowalski;3;http://maciejkowalski.natemat.pl/
2015-05-09;http://www.dziennik.pl;Komorowski na Westerplatte: Trzeba uczcić wszystkie ofiary konfliktu;1;http://wiadomosci.dziennik.pl/polityka/artykuly/489842,prezydent-bronislaw-komorowski-na-westerplatte.html
2015-05-09;http://www.dziennik.pl;Komorowski powinien pojechać na obchody zakończenia II wojny? SONDAŻ CBOS;1;http://wiadomosci.dziennik.pl/polityka/artykuly/489785,sondaz-polacy-o-ii-wojnie-swiatowej-komorowski-powinien-pojechac-do-moskwy.html
2015-05-09;http://wyborcza.pl/0,0.html?piano_d=1;WYBORY PREZYDENCKIE 2015. PKW przypomina jak głosować i czego nie można w lokalu wyborczym;3;http://wyborcza.pl/1,75478,17886682,Wybory_prezydenckie_pod_nadzorem__PKW_przypomina_jak.html
2015-05-09;http://wyborcza.pl/0,0.html?piano_d=1;Kukiz organizuje koncert w niedzielę. Złamie ciszę wyborczą?;3;http://wroclaw.gazeta.pl/wroclaw/1,35771,17885353,Kukiz_organizuje_koncert_w_niedziele__Zlamie_cisze.html
2015-05-09;http://wyborcza.pl/0,0.html?piano_d=1;Dlaczego nie uprzedzono Anglików, że długopis może im sfałszować wybory?;3;http://wyborcza.pl/1,143644,17886865,Z_pisakiem_na_wybory__Ogorek_na_weekend_.html
2015-05-09;http://wyborcza.pl/0,0.html?piano_d=1;Braunizm atakuje, sędzia ściąga z Wiki, a Duda miłe mówi nam wierszyki;3;http://wyborcza.pl/1,75968,17885197,Braunizm_atakuje__sedzia_sciaga_z_Wiki__a_Duda_mile.html
2015-05-09;http://www.wp.pl;W USA mniejsze zainteresowanie wyborami prezydenta niż przed 5 laty;1;/kat,140394,title,W-USA-mniejsze-zainteresowanie-wyborami-prezydenta-niz-przed-5-laty,wid,17523944,wiadomosc.html
2015-05-09;http://www.wprost.pl/;Szczątki gen. Andrzeja Błasika dziś trafią na Jasną Górę;3;http://www.wprost.pl/ar/505965/Szczatki-gen-Andrzeja-Blasika-dzis-trafia-na-Jasna-Gore/
2015-05-09;http://www.wprost.pl/;Szczątki gen. Andrzeja Błasika dziś trafią na Jasną Górę;2;http://www.wprost.pl/ar/505965/Szczatki-gen-Andrzeja-Blasika-dzis-trafia-na-Jasna-Gore/
2015-05-09;http://www.wprost.pl/;Politolog: Kampania była nudna. Największy sukces odniósł Kukiz;1;http://www.wprost.pl/ar/505889/Politolog-Kampania-byla-nudna-Najwiekszy-sukces-odniosl-Kukiz/
2015-05-09;http://www.wprost.pl/;Największe hity i kity w kampanii prezydenckiej;1;http://www.wprost.pl/ar/505879/Najwieksze-hity-i-kity-w-kampanii-prezydenckiej/
2015-05-09;http://www.wprost.pl/;Prof. Śpiewak o wyborach: Ciszej nad tą trumną;1;http://www.wprost.pl/ar/505834/Prof-Spiewak-o-wyborach-Ciszej-nad-ta-trumna/
2015-05-09;http://www.wprost.pl/;W SLD ostrzą noże na Millera. Ogórek pociągnie go na dno?;1;http://www.wprost.pl/ar/505569/W-SLD-ostrza-noze-na-Millera-Ogorek-pociagnie-go-na-dno/
2015-05-09;http://www.wprost.pl/;Debata prezydencka. "Korwin-Mikke znokautował Kukiza, sztab Dudy przedobrzył";1;http://www.wprost.pl/ar/505581/Debata-prezydencka-Korwin-Mikke-znokautowal-Kukiza-sztab-Dudy-przedobrzyl/
2015-05-09;http://www.wprost.pl/;Ogórek: Kaczyński przyszedłby do mnie na Radę Bezpieczeństwa Narodowego;1;http://www.wprost.pl/ar/505560/Ogorek-Kaczynski-przyszedlby-do-mnie-na-Rade-Bezpieczenstwa-Narodowego/
2015-05-09;http://www.wprost.pl/;Kampania na Twitterze. Palikot groził Rydzykowi, Kukiz napisał o plagiacie;1;http://www.wprost.pl/ar/505175/Kampania-na-Twitterze-Palikot-grozil-Rydzykowi-Kukiz-napisal-o-plagiacie/
2015-05-09;http://www.wprost.pl/;Kampania na Facebooku. Korwin-Mikke "rządzi" z Żelaznego Tronu;1;http://www.wprost.pl/ar/505177/Kampania-na-Facebooku-Korwin-Mikke-rzadzi-z-Zelaznego-Tronu/
2015-05-09;http://www.onet.pl/;  Pan Andrzej wygrał licytację domu. Zapłacił za niego, ale nie został jego właścicielem ;3;http://wiadomosci.onet.pl/warszawa/pan-andrzej-wygral-licytacje-domu-zaplacil-za-niego-ale-nie-zostal-jego-wlascicielem/3e7p80
2015-05-09;http://www.onet.pl/;Media na świecie komentują wybory na Wyspach;2;http://wiadomosci.onet.pl/swiat/media-na-swiecie-komentuja-wyniki-wyborow-w-wielkiej-brytanii/mb5l81
2015-05-09;http://www.newsweek.pl/;Kampania w internecie. Kandydaci wylogowani z sieci;4;http://polska.newsweek.pl/wybory-prezydenckie-2015-kampania-w-internecie-social-media,artykuly,362806,1.html
2015-05-09;http://www.newsweek.pl/;Finisz kampanii: Co mówią ostatnie sondaże? [ANALIZA];4;http://opinie.newsweek.pl/ostatnie-sondaze-przed-wyborami-analiza-sondazy-prezydenckich,artykuly,362797,1.html
2015-05-09;http://www.newsweek.pl/;PiS przed PO, na listę Kukiza chce zagłosować niemal co piąty Polak [SONDAŻ];2;http://stylzycia.newsweek.pl/targi-sakralne-koine-we-wloszech-zobaczcie-co-mozna-na-nich-znalezc-,galeria,362791,1.html
2015-05-09;http://www.newsweek.pl/;Cień,Margaret,Thatcher,wciąż,rządzi,w,Londynie,Najbardziej,wyrównana,od,lat,kampania,wyborcza,ma,zupełnie,zaskakujący,finał,Najgorszy,od,1987,roku,wynik,wyborczy,Partii,Pracy,i,wysokie,zwycięstwo,Konserwatystów;1;http://opinie.newsweek.pl/wybory-w-wielkiej-brytanii-kto-i-dlaczego-wygral-newsweek-pl,artykuly,362773,1.html
2015-05-09;http://www.newsweek.pl/;Konserwatyści,wygrali,wybory,w,Wielkiej,Brytanii,Czwartkowe,wybory,w,Wielkiej,Brytanii,to,zwycięstwo,konserwatystów,triumf,SNP,i,sromotna,porażka,Partii,Pracy,która,od,30,lat,nie,miała,tak,słabego,wyniku;1;http://swiat.newsweek.pl/wybory-w-wielkiej-brytanii-wygrali-konserwatysci-davida-camerona-newsweek-pl,artykuly,362749,1.html
2015-05-09;http://www.newsweek.pl/;Ekonomiści,Realizacja,obietnic,Dudy,kosztowałaby,krocie,Realizacja,Umowy,programowej,zawartej,między,Andrzejem,Dudą,a,Komisją,Krajową,NSZZ,S,kosztowałaby,miliardy,złotych,wyliczają,ekonomiści;1;http://biznes.newsweek.pl/ile-kosztowalaby-realizacja-obietnic-andrzeja-dudy,artykuly,362600,1.html
2015-05-09;http://www.newsweek.pl/;Polacy,chcą,dodatkowego,podatku,dla,najbogatszych,Większość,Polaków,jest,za,wprowadzeniem,dodatkowej,stawki,podatkowej,dla,najbogatszych,pokazał,sondaż,IQS,dla,Newsweeka;1;http://biznes.newsweek.pl/wysokosc-podatkow-w-polsce-wyzsze-podatki-dla-najbogatszych,artykuly,362455,1.html
2015-05-09;http://www.newsweek.pl/;Jak,zorganizować,ślub,w,plenerze,By,zawrzeć,związek,małżeński,wystarczy,tysiąc,złotych,i,wybór,miejsca,gwarantującego,zachowanie,powagi,i,bezpieczeństwa,uczestników,Decyzja,czy,dane,miejsce,spełnia,te;1;http://stylzycia.newsweek.pl/slub-w-plenerze,artykuly,362852,1.html
2015-05-09;http://www.newsweek.pl/;Czy,Wlk.Brytania,wyjdzie,z,UE,Cameron,ponawia,obietnicę,referendum,Po,miażdżącym,zwycięstwie,Konserwatystów,w,brytyjskich,wyborach,premier,David,Cameron,zapowiedział,że,przeprowadzi,referendum,w,sprawie,dalszych,losów,swego,kraju,w,UE;1;http://swiat.newsweek.pl/cameron-bedzie-referendum-ws-czlonkostwa-wielkiej-brytanii-w-ue,artykuly,362783,1.html
2015-05-09;http://www.newsweek.pl/;Polska,płaca,minimalna,nie,zawsze,pozwala,na,przeżycie,Ale,rośnie,Według,OECD,polska,płaca,minimalna,wynosi,niecałe,500,euro,Oznacza,to,że,jest,o,250,euro,niższa,niż,w,Grecji,ale,wyższa,niż,w,Czechach,I,choć,mimo,kryzysu,rośnie,to,nie;1;http://biznes.newsweek.pl/placa-minimalna-w-polsce-i-na-swiecie-zarobki-w-ue,artykuly,362776,1.html
2015-05-09;http://www.newsweek.pl/;Idziesz,na,wybory,Oto,praktyczny,poradnik,jak,głosować,Sprawdź,co,zabrać,do,lokalu,wyborczego,i,jak,zagłosować,by,głos,był,ważny;1;http://polska.newsweek.pl/wybory-prezydenckie-2015-jak-oddac-wazny-glos,artykuly,362758,1.html
2015-05-09;http://www.newsweek.pl/;Więcej;1;
2015-05-09;http://natemat.pl/;Maciej Kowalski;3;http://maciejkowalski.natemat.pl/
2015-05-09;http://www.dziennik.pl;Komorowski na Westerplatte: Trzeba uczcić wszystkie ofiary konfliktu;1;http://wiadomosci.dziennik.pl/polityka/artykuly/489842,prezydent-bronislaw-komorowski-na-westerplatte.html
2015-05-09;http://www.dziennik.pl;Komorowski powinien pojechać na obchody zakończenia II wojny? SONDAŻ CBOS;1;http://wiadomosci.dziennik.pl/polityka/artykuly/489785,sondaz-polacy-o-ii-wojnie-swiatowej-komorowski-powinien-pojechac-do-moskwy.html
2015-05-09;http://wyborcza.pl/0,0.html?piano_d=1;WYBORY PREZYDENCKIE 2015. PKW przypomina jak głosować i czego nie można w lokalu wyborczym;3;http://wyborcza.pl/1,75478,17886682,Wybory_prezydenckie_pod_nadzorem__PKW_przypomina_jak.html
2015-05-09;http://wyborcza.pl/0,0.html?piano_d=1;Kukiz organizuje koncert w niedzielę. Złamie ciszę wyborczą?;3;http://wroclaw.gazeta.pl/wroclaw/1,35771,17885353,Kukiz_organizuje_koncert_w_niedziele__Zlamie_cisze.html
2015-05-09;http://wyborcza.pl/0,0.html?piano_d=1;Dlaczego nie uprzedzono Anglików, że długopis może im sfałszować wybory?;3;http://wyborcza.pl/1,143644,17886865,Z_pisakiem_na_wybory__Ogorek_na_weekend_.html
2015-05-09;http://wyborcza.pl/0,0.html?piano_d=1;Braunizm atakuje, sędzia ściąga z Wiki, a Duda miłe mówi nam wierszyki;3;http://wyborcza.pl/1,75968,17885197,Braunizm_atakuje__sedzia_sciaga_z_Wiki__a_Duda_mile.html
2015-05-09;http://www.wp.pl;W USA mniejsze zainteresowanie wyborami prezydenta niż przed 5 laty;1;/kat,140394,title,W-USA-mniejsze-zainteresowanie-wyborami-prezydenta-niz-przed-5-laty,wid,17523944,wiadomosc.html
2015-05-09;http://www.wprost.pl/;Szczątki gen. Andrzeja Błasika dziś trafią na Jasną Górę;3;http://www.wprost.pl/ar/505965/Szczatki-gen-Andrzeja-Blasika-dzis-trafia-na-Jasna-Gore/
2015-05-09;http://www.wprost.pl/;Politolog: Kampania była nudna. Największy sukces odniósł Kukiz;1;http://www.wprost.pl/ar/505889/Politolog-Kampania-byla-nudna-Najwiekszy-sukces-odniosl-Kukiz/
2015-05-09;http://www.wprost.pl/;Największe hity i kity w kampanii prezydenckiej;1;http://www.wprost.pl/ar/505879/Najwieksze-hity-i-kity-w-kampanii-prezydenckiej/
2015-05-09;http://www.wprost.pl/;Prof. Śpiewak o wyborach: Ciszej nad tą trumną;1;http://www.wprost.pl/ar/505834/Prof-Spiewak-o-wyborach-Ciszej-nad-ta-trumna/
2015-05-09;http://www.wprost.pl/;W SLD ostrzą noże na Millera. Ogórek pociągnie go na dno?;1;http://www.wprost.pl/ar/505569/W-SLD-ostrza-noze-na-Millera-Ogorek-pociagnie-go-na-dno/
2015-05-09;http://www.wprost.pl/;Debata prezydencka. "Korwin-Mikke znokautował Kukiza, sztab Dudy przedobrzył";1;http://www.wprost.pl/ar/505581/Debata-prezydencka-Korwin-Mikke-znokautowal-Kukiza-sztab-Dudy-przedobrzyl/
2015-05-09;http://www.wprost.pl/;Ogórek: Kaczyński przyszedłby do mnie na Radę Bezpieczeństwa Narodowego;1;http://www.wprost.pl/ar/505560/Ogorek-Kaczynski-przyszedlby-do-mnie-na-Rade-Bezpieczenstwa-Narodowego/
2015-05-09;http://www.wprost.pl/;Kampania na Twitterze. Palikot groził Rydzykowi, Kukiz napisał o plagiacie;1;http://www.wprost.pl/ar/505175/Kampania-na-Twitterze-Palikot-grozil-Rydzykowi-Kukiz-napisal-o-plagiacie/
2015-05-09;http://www.wprost.pl/;Kampania na Facebooku. Korwin-Mikke "rządzi" z Żelaznego Tronu;1;http://www.wprost.pl/ar/505177/Kampania-na-Facebooku-Korwin-Mikke-rzadzi-z-Zelaznego-Tronu/
2015-05-09;http://www.onet.pl/;  48-letni Andrzej Sołtysik poślubił młodszą o 23 lata Patrycję Czop. Zobacz zdjęcia  ;3;http://film.onet.pl/andrzej-soltysik-i-patrycja-czop-wzieli-slub-w-krakowie/l1npkq
2015-05-09;http://www.newsweek.pl/;Finisz kampanii: Co mówią ostatnie sondaże? [ANALIZA];4;http://opinie.newsweek.pl/ostatnie-sondaze-przed-wyborami-analiza-sondazy-prezydenckich,artykuly,362797,1.html
2015-05-09;http://www.newsweek.pl/;Kampania w internecie. Kandydaci wylogowani z sieci;3;http://polska.newsweek.pl/wybory-prezydenckie-2015-kampania-w-internecie-social-media,artykuly,362806,1.html
2015-05-09;http://www.newsweek.pl/;PiS przed PO, na listę Kukiza chce zagłosować niemal co piąty Polak [SONDAŻ];2;http://stylzycia.newsweek.pl/targi-sakralne-koine-we-wloszech-zobaczcie-co-mozna-na-nich-znalezc-,galeria,362791,1.html
2015-05-09;http://www.newsweek.pl/;Cień,Margaret,Thatcher,wciąż,rządzi,w,Londynie,Najbardziej,wyrównana,od,lat,kampania,wyborcza,ma,zupełnie,zaskakujący,finał,Najgorszy,od,1987,roku,wynik,wyborczy,Partii,Pracy,i,wysokie,zwycięstwo,Konserwatystów;1;http://opinie.newsweek.pl/wybory-w-wielkiej-brytanii-kto-i-dlaczego-wygral-newsweek-pl,artykuly,362773,1.html
2015-05-09;http://www.newsweek.pl/;Ekonomiści,Realizacja,obietnic,Dudy,kosztowałaby,krocie,Realizacja,Umowy,programowej,zawartej,między,Andrzejem,Dudą,a,Komisją,Krajową,NSZZ,S,kosztowałaby,miliardy,złotych,wyliczają,ekonomiści;1;http://biznes.newsweek.pl/ile-kosztowalaby-realizacja-obietnic-andrzeja-dudy,artykuly,362600,1.html
2015-05-09;http://www.newsweek.pl/;Polacy,chcą,dodatkowego,podatku,dla,najbogatszych,Większość,Polaków,jest,za,wprowadzeniem,dodatkowej,stawki,podatkowej,dla,najbogatszych,pokazał,sondaż,IQS,dla,Newsweeka;1;http://biznes.newsweek.pl/wysokosc-podatkow-w-polsce-wyzsze-podatki-dla-najbogatszych,artykuly,362455,1.html
2015-05-09;http://www.newsweek.pl/;Tak,powstawał,Lodowy,Zamek,najpiękniejszy,budynek,w,Europie,Filharmonia,w,Szczecinie,została,wybrana,najlepszym,budynkiem,w,Europie,Zobacz,jak,powstawała;1;http://stylzycia.newsweek.pl/filharmonia-w-szczecinie-architektura-nagroda,film,362846.html
2015-05-09;http://www.newsweek.pl/;Dziecko,w,internecie,Jak,zapewnić,mu,bezpieczeństwo,Aż,90,proc,rodziców,przyznaje,że,czują,się,odpowiedzialni,za,zapewnienie,dziecku,bezpieczeństwa,w,internecie,Jednak,w,praktyce,wielu,z,nich,nie,radzi,sobie,z,tym,wyzwaniem;1;http://stylzycia.newsweek.pl/jak-zapewnic-dziecku-bezpieczenstwo-w-internecie-,artykuly,362779,1.html
2015-05-09;http://www.newsweek.pl/;Komorowski,o,Dudzie,Nie,można,się,zasłaniać,papieżem,to,nieetyczne,Niepoważny,jest,polityk,który,zasłania,się,poglądami,innych,osób,powiedział,prezydent,o,Andrzeju,Dudzie,który,powołał,się,na,Jana,Pawła,II,tłumacząc,swoje,stanowisko,w;1;http://polska.newsweek.pl/kampania-prezydencka-ostatni-dzien-komorowski-duda,artykuly,362770,1.html
2015-05-09;http://natemat.pl/;Maciej Kowalski;2;http://maciejkowalski.natemat.pl/
2015-05-09;http://www.dziennik.pl;Komorowski na Westerplatte: Trzeba uczcić wszystkie ofiary konfliktu;1;http://wiadomosci.dziennik.pl/polityka/artykuly/489842,prezydent-bronislaw-komorowski-na-westerplatte.html
2015-05-09;http://www.dziennik.pl;Komorowski powinien pojechać na obchody zakończenia II wojny? SONDAŻ CBOS;1;http://wiadomosci.dziennik.pl/polityka/artykuly/489785,sondaz-polacy-o-ii-wojnie-swiatowej-komorowski-powinien-pojechac-do-moskwy.html
2015-05-09;http://wyborcza.pl/0,0.html?piano_d=1;WYBORY PREZYDENCKIE 2015. PKW przypomina jak głosować i czego nie można w lokalu wyborczym;3;http://wyborcza.pl/1,75478,17886682,Wybory_prezydenckie_pod_nadzorem__PKW_przypomina_jak.html
2015-05-09;http://wyborcza.pl/0,0.html?piano_d=1;Kukiz organizuje koncert w niedzielę. Złamie ciszę wyborczą?;3;http://wroclaw.gazeta.pl/wroclaw/1,35771,17885353,Kukiz_organizuje_koncert_w_niedziele__Zlamie_cisze.html
2015-05-09;http://wyborcza.pl/0,0.html?piano_d=1;Prochy gen. Andrzeja Błasika spoczęły w sobotę na Jasnej Górze [WIDEO];2;http://czestochowa.gazeta.pl/czestochowa/1,35271,17889921,Prochy_gen__Andrzeja_Blasika_spoczely_w_sobote_na.html
2015-05-09;http://wyborcza.pl/0,0.html?piano_d=1;Dlaczego nie uprzedzono Anglików, że długopis może im sfałszować wybory?;3;http://wyborcza.pl/1,143644,17886865,Z_pisakiem_na_wybory__Ogorek_na_weekend_.html
2015-05-09;http://wyborcza.pl/0,0.html?piano_d=1;Braunizm atakuje, sędzia ściąga z Wiki, a Duda miłe mówi nam wierszyki;3;http://wyborcza.pl/1,75968,17885197,Braunizm_atakuje__sedzia_sciaga_z_Wiki__a_Duda_mile.html
2015-05-09;http://www.wp.pl;W USA mniejsze zainteresowanie wyborami prezydenta niż przed 5 laty;1;/kat,140394,title,W-USA-mniejsze-zainteresowanie-wyborami-prezydenta-niz-przed-5-laty,wid,17523944,wiadomosc.html
2015-05-09;http://www.wprost.pl/;Szczątki gen. Andrzeja Błasika dziś trafią na Jasną Górę;3;http://www.wprost.pl/ar/505965/Szczatki-gen-Andrzeja-Blasika-dzis-trafia-na-Jasna-Gore/
2015-05-09;http://www.wprost.pl/;Politolog: Kampania była nudna. Największy sukces odniósł Kukiz;1;http://www.wprost.pl/ar/505889/Politolog-Kampania-byla-nudna-Najwiekszy-sukces-odniosl-Kukiz/
2015-05-09;http://www.wprost.pl/;Największe hity i kity w kampanii prezydenckiej;1;http://www.wprost.pl/ar/505879/Najwieksze-hity-i-kity-w-kampanii-prezydenckiej/
2015-05-09;http://www.wprost.pl/;Prof. Śpiewak o wyborach: Ciszej nad tą trumną;1;http://www.wprost.pl/ar/505834/Prof-Spiewak-o-wyborach-Ciszej-nad-ta-trumna/
2015-05-09;http://www.wprost.pl/;W SLD ostrzą noże na Millera. Ogórek pociągnie go na dno?;1;http://www.wprost.pl/ar/505569/W-SLD-ostrza-noze-na-Millera-Ogorek-pociagnie-go-na-dno/
2015-05-09;http://www.wprost.pl/;Debata prezydencka. "Korwin-Mikke znokautował Kukiza, sztab Dudy przedobrzył";1;http://www.wprost.pl/ar/505581/Debata-prezydencka-Korwin-Mikke-znokautowal-Kukiza-sztab-Dudy-przedobrzyl/
2015-05-09;http://www.wprost.pl/;Ogórek: Kaczyński przyszedłby do mnie na Radę Bezpieczeństwa Narodowego;1;http://www.wprost.pl/ar/505560/Ogorek-Kaczynski-przyszedlby-do-mnie-na-Rade-Bezpieczenstwa-Narodowego/
2015-05-09;http://www.wprost.pl/;Kampania na Twitterze. Palikot groził Rydzykowi, Kukiz napisał o plagiacie;1;http://www.wprost.pl/ar/505175/Kampania-na-Twitterze-Palikot-grozil-Rydzykowi-Kukiz-napisal-o-plagiacie/
2015-05-09;http://www.wprost.pl/;Kampania na Facebooku. Korwin-Mikke "rządzi" z Żelaznego Tronu;1;http://www.wprost.pl/ar/505177/Kampania-na-Facebooku-Korwin-Mikke-rzadzi-z-Zelaznego-Tronu/
2015-05-09;http://www.onet.pl/;Prezydent stolicy: nie ma opóźnień ws. mostu;1;http://biznes.pl/magazyny/gronkiewicz-waltz-most-lazienkowski-do-konca-pazdziernika/62g2xn
2015-05-09;http://www.newsweek.pl/;Finisz kampanii: Co mówią ostatnie sondaże? [ANALIZA];4;http://opinie.newsweek.pl/ostatnie-sondaze-przed-wyborami-analiza-sondazy-prezydenckich,artykuly,362797,1.html
2015-05-09;http://www.newsweek.pl/;Cień,Margaret,Thatcher,wciąż,rządzi,w,Londynie,Najbardziej,wyrównana,od,lat,kampania,wyborcza,ma,zupełnie,zaskakujący,finał,Najgorszy,od,1987,roku,wynik,wyborczy,Partii,Pracy,i,wysokie,zwycięstwo,Konserwatystów;1;http://opinie.newsweek.pl/wybory-w-wielkiej-brytanii-kto-i-dlaczego-wygral-newsweek-pl,artykuly,362773,1.html
2015-05-09;http://www.newsweek.pl/;Ekonomiści,Realizacja,obietnic,Dudy,kosztowałaby,krocie,Realizacja,Umowy,programowej,zawartej,między,Andrzejem,Dudą,a,Komisją,Krajową,NSZZ,S,kosztowałaby,miliardy,złotych,wyliczają,ekonomiści;1;http://biznes.newsweek.pl/ile-kosztowalaby-realizacja-obietnic-andrzeja-dudy,artykuly,362600,1.html
2015-05-09;http://www.newsweek.pl/;Polacy,chcą,dodatkowego,podatku,dla,najbogatszych,Większość,Polaków,jest,za,wprowadzeniem,dodatkowej,stawki,podatkowej,dla,najbogatszych,pokazał,sondaż,IQS,dla,Newsweeka;1;http://biznes.newsweek.pl/wysokosc-podatkow-w-polsce-wyzsze-podatki-dla-najbogatszych,artykuly,362455,1.html
2015-05-09;http://www.newsweek.pl/;Policja,zatrzymała,zamachowców,Islamiści,przygotowali,bombę,wypełnioną,gwoździami,Bomba,znaleziona,przy,dwójce,islamistów,była,wypełniona,gwoździami,i,odłamkami,metalu,a,jej,wybuch,miałby,skutki,podobne,do,eksplozji,bomb,w,Bostonie,Informację,podaną;1;http://swiat.newsweek.pl/terrorysci-w-niemczech-islamisci-przygotowali-bombe-z-gwozdziami,artykuly,362803,1.html
2015-05-09;http://www.newsweek.pl/;Dziecko,w,internecie,Jak,zapewnić,mu,bezpieczeństwo,Aż,90,proc,rodziców,przyznaje,że,czują,się,odpowiedzialni,za,zapewnienie,dziecku,bezpieczeństwa,w,internecie,Jednak,w,praktyce,wielu,z,nich,nie,radzi,sobie,z,tym,wyzwaniem;1;http://stylzycia.newsweek.pl/jak-zapewnic-dziecku-bezpieczenstwo-w-internecie-,artykuly,362779,1.html
2015-05-09;http://www.newsweek.pl/;Komorowski,o,Dudzie,Nie,można,się,zasłaniać,papieżem,to,nieetyczne,Niepoważny,jest,polityk,który,zasłania,się,poglądami,innych,osób,powiedział,prezydent,o,Andrzeju,Dudzie,który,powołał,się,na,Jana,Pawła,II,tłumacząc,swoje,stanowisko,w;1;http://polska.newsweek.pl/kampania-prezydencka-ostatni-dzien-komorowski-duda,artykuly,362770,1.html
2015-05-09;http://natemat.pl/;Maciej Kowalski;2;http://maciejkowalski.natemat.pl/
2015-05-09;http://www.dziennik.pl;Komorowski na Westerplatte: Trzeba uczcić wszystkie ofiary konfliktu;1;http://wiadomosci.dziennik.pl/polityka/artykuly/489842,prezydent-bronislaw-komorowski-na-westerplatte.html
2015-05-09;http://www.dziennik.pl;Komorowski powinien pojechać na obchody zakończenia II wojny? SONDAŻ CBOS;1;http://wiadomosci.dziennik.pl/polityka/artykuly/489785,sondaz-polacy-o-ii-wojnie-swiatowej-komorowski-powinien-pojechac-do-moskwy.html
2015-05-09;http://wyborcza.pl/0,0.html?piano_d=1;WYBORY PREZYDENCKIE 2015. PKW przypomina jak głosować i czego nie można w lokalu wyborczym;3;http://wyborcza.pl/1,75478,17886682,Wybory_prezydenckie_pod_nadzorem__PKW_przypomina_jak.html
2015-05-09;http://wyborcza.pl/0,0.html?piano_d=1;Prochy gen. Andrzeja Błasika spoczęły w sobotę na Jasnej Górze [WIDEO];2;http://czestochowa.gazeta.pl/czestochowa/1,35271,17889921,Prochy_gen__Andrzeja_Blasika_spoczely_w_sobote_na.html
2015-05-09;http://wyborcza.pl/0,0.html?piano_d=1;Dlaczego nie uprzedzono Anglików, że długopis może im sfałszować wybory?;3;http://wyborcza.pl/1,143644,17886865,Z_pisakiem_na_wybory__Ogorek_na_weekend_.html
2015-05-09;http://wyborcza.pl/0,0.html?piano_d=1;Braunizm atakuje, sędzia ściąga z Wiki, a Duda miłe mówi nam wierszyki;3;http://wyborcza.pl/1,75968,17885197,Braunizm_atakuje__sedzia_sciaga_z_Wiki__a_Duda_mile.html
2015-05-09;http://www.wp.pl;W USA mniejsze zainteresowanie wyborami prezydenta niż przed 5 laty;1;/kat,140394,title,W-USA-mniejsze-zainteresowanie-wyborami-prezydenta-niz-przed-5-laty,wid,17523944,wiadomosc.html
2015-05-09;http://www.wprost.pl/;Szczątki gen. Andrzeja Błasika dziś trafią na Jasną Górę;3;http://www.wprost.pl/ar/505965/Szczatki-gen-Andrzeja-Blasika-dzis-trafia-na-Jasna-Gore/
2015-05-09;http://www.wprost.pl/;Politolog: Kampania była nudna. Największy sukces odniósł Kukiz;1;http://www.wprost.pl/ar/505889/Politolog-Kampania-byla-nudna-Najwiekszy-sukces-odniosl-Kukiz/
2015-05-09;http://www.wprost.pl/;Największe hity i kity w kampanii prezydenckiej;1;http://www.wprost.pl/ar/505879/Najwieksze-hity-i-kity-w-kampanii-prezydenckiej/
2015-05-09;http://www.wprost.pl/;Prof. Śpiewak o wyborach: Ciszej nad tą trumną;1;http://www.wprost.pl/ar/505834/Prof-Spiewak-o-wyborach-Ciszej-nad-ta-trumna/
2015-05-09;http://www.wprost.pl/;W SLD ostrzą noże na Millera. Ogórek pociągnie go na dno?;1;http://www.wprost.pl/ar/505569/W-SLD-ostrza-noze-na-Millera-Ogorek-pociagnie-go-na-dno/
2015-05-09;http://www.wprost.pl/;Debata prezydencka. "Korwin-Mikke znokautował Kukiza, sztab Dudy przedobrzył";1;http://www.wprost.pl/ar/505581/Debata-prezydencka-Korwin-Mikke-znokautowal-Kukiza-sztab-Dudy-przedobrzyl/
2015-05-09;http://www.wprost.pl/;Ogórek: Kaczyński przyszedłby do mnie na Radę Bezpieczeństwa Narodowego;1;http://www.wprost.pl/ar/505560/Ogorek-Kaczynski-przyszedlby-do-mnie-na-Rade-Bezpieczenstwa-Narodowego/
2015-05-09;http://www.wprost.pl/;Kampania na Twitterze. Palikot groził Rydzykowi, Kukiz napisał o plagiacie;1;http://www.wprost.pl/ar/505175/Kampania-na-Twitterze-Palikot-grozil-Rydzykowi-Kukiz-napisal-o-plagiacie/
2015-05-09;http://www.wprost.pl/;Kampania na Facebooku. Korwin-Mikke "rządzi" z Żelaznego Tronu;1;http://www.wprost.pl/ar/505177/Kampania-na-Facebooku-Korwin-Mikke-rzadzi-z-Zelaznego-Tronu/
2015-05-09;http://www.onet.pl/;Jaka pogoda na wybory? Sprawdź prognozę;1;http://pogoda.onet.pl/wideo/prognoza-pogody-dla-woj-mazowieckiego-1005,2228215/
2015-05-09;http://www.onet.pl/;Prezydent stolicy: nie ma opóźnień ws. mostu;1;http://biznes.pl/magazyny/gronkiewicz-waltz-most-lazienkowski-do-konca-pazdziernika/62g2xn
2015-05-09;http://www.newsweek.pl/;Finisz kampanii: Co mówią ostatnie sondaże? [ANALIZA];4;http://opinie.newsweek.pl/ostatnie-sondaze-przed-wyborami-analiza-sondazy-prezydenckich,artykuly,362797,1.html
2015-05-09;http://www.newsweek.pl/;Cień,Margaret,Thatcher,wciąż,rządzi,w,Londynie,Najbardziej,wyrównana,od,lat,kampania,wyborcza,ma,zupełnie,zaskakujący,finał,Najgorszy,od,1987,roku,wynik,wyborczy,Partii,Pracy,i,wysokie,zwycięstwo,Konserwatystów;1;http://opinie.newsweek.pl/wybory-w-wielkiej-brytanii-kto-i-dlaczego-wygral-newsweek-pl,artykuly,362773,1.html
2015-05-09;http://www.newsweek.pl/;Ekonomiści,Realizacja,obietnic,Dudy,kosztowałaby,krocie,Realizacja,Umowy,programowej,zawartej,między,Andrzejem,Dudą,a,Komisją,Krajową,NSZZ,S,kosztowałaby,miliardy,złotych,wyliczają,ekonomiści;1;http://biznes.newsweek.pl/ile-kosztowalaby-realizacja-obietnic-andrzeja-dudy,artykuly,362600,1.html
2015-05-09;http://www.newsweek.pl/;Polacy,chcą,dodatkowego,podatku,dla,najbogatszych,Większość,Polaków,jest,za,wprowadzeniem,dodatkowej,stawki,podatkowej,dla,najbogatszych,pokazał,sondaż,IQS,dla,Newsweeka;1;http://biznes.newsweek.pl/wysokosc-podatkow-w-polsce-wyzsze-podatki-dla-najbogatszych,artykuly,362455,1.html
2015-05-09;http://www.newsweek.pl/;Policja,zatrzymała,zamachowców,Islamiści,przygotowali,bombę,wypełnioną,gwoździami,Bomba,znaleziona,przy,dwójce,islamistów,była,wypełniona,gwoździami,i,odłamkami,metalu,a,jej,wybuch,miałby,skutki,podobne,do,eksplozji,bomb,w,Bostonie,Informację,podaną;1;http://swiat.newsweek.pl/terrorysci-w-niemczech-islamisci-przygotowali-bombe-z-gwozdziami,artykuly,362803,1.html
2015-05-09;http://www.newsweek.pl/;Dziecko,w,internecie,Jak,zapewnić,mu,bezpieczeństwo,Aż,90,proc,rodziców,przyznaje,że,czują,się,odpowiedzialni,za,zapewnienie,dziecku,bezpieczeństwa,w,internecie,Jednak,w,praktyce,wielu,z,nich,nie,radzi,sobie,z,tym,wyzwaniem;1;http://stylzycia.newsweek.pl/jak-zapewnic-dziecku-bezpieczenstwo-w-internecie-,artykuly,362779,1.html
2015-05-09;http://www.newsweek.pl/;Komorowski,o,Dudzie,Nie,można,się,zasłaniać,papieżem,to,nieetyczne,Niepoważny,jest,polityk,który,zasłania,się,poglądami,innych,osób,powiedział,prezydent,o,Andrzeju,Dudzie,który,powołał,się,na,Jana,Pawła,II,tłumacząc,swoje,stanowisko,w;1;http://polska.newsweek.pl/kampania-prezydencka-ostatni-dzien-komorowski-duda,artykuly,362770,1.html
2015-05-09;http://natemat.pl/;Maciej Kowalski;2;http://maciejkowalski.natemat.pl/
2015-05-09;http://www.dziennik.pl;Komorowski na Westerplatte: Trzeba uczcić wszystkie ofiary konfliktu;1;http://wiadomosci.dziennik.pl/polityka/artykuly/489842,prezydent-bronislaw-komorowski-na-westerplatte.html
2015-05-09;http://www.dziennik.pl;Komorowski powinien pojechać na obchody zakończenia II wojny? SONDAŻ CBOS;1;http://wiadomosci.dziennik.pl/polityka/artykuly/489785,sondaz-polacy-o-ii-wojnie-swiatowej-komorowski-powinien-pojechac-do-moskwy.html
2015-05-09;http://wyborcza.pl/0,0.html?piano_d=1;Prochy gen. Andrzeja Błasika spoczęły w sobotę na Jasnej Górze [WIDEO];2;http://czestochowa.gazeta.pl/czestochowa/1,35271,17889921,Prochy_gen__Andrzeja_Blasika_spoczely_w_sobote_na.html
2015-05-09;http://wyborcza.pl/0,0.html?piano_d=1;Dlaczego nie uprzedzono Anglików, że długopis może im sfałszować wybory?;3;http://wyborcza.pl/1,143644,17886865,Z_pisakiem_na_wybory__Ogorek_na_weekend_.html
2015-05-09;http://wyborcza.pl/0,0.html?piano_d=1;Braunizm atakuje, sędzia ściąga z Wiki, a Duda miłe mówi nam wierszyki;3;http://wyborcza.pl/1,75968,17885197,Braunizm_atakuje__sedzia_sciaga_z_Wiki__a_Duda_mile.html
2015-05-09;http://natemat.pl/;Szukając prawdziwej twarzy Kukiza. Co mówią o nim teksty piosenek?;4;http://natemat.pl/141907,w-poszukiwaniu-prawdziwej-twarzy-kukiza
2015-05-09;http://natemat.pl/;Kukiz  czarnym koniem  wyborów;3;http://natemat.pl/139361,kukiz-czarnym-koniem-wyborow-jest-trzeci-znowu-powieksza-sie-roznica-miedzy-komorowskim-a-duda
2015-05-09;http://natemat.pl/;Głos na Dudę umożliwi wystąpienie Polski z Unii?;3;http://romangiertych.natemat.pl/141969,glos-oddany-na-dude-umozliwi-wystapienie-polski-z-unii
2015-05-09;http://natemat.pl/;Sztab prezydenta straszy prezesem PiS;3;http://natemat.pl/141875,koszmar-z-kaczynskim-w-nowym-spocie-komorowskiego-sztab-prezydenta-straszy-prezesem-pis
2015-05-09;http://natemat.pl/;Nerwowa końcówka. Zmęczony Duda, kłótnia w PKW, Kukiz pozywa gwiazdę TVN;2;http://natemat.pl/141931,ostatni-dzien-kampanii-wyborczej-na-zywo-relacjonujemy-co-kandydaci-robia-w-ostatnich-godzinach-przed-cisza
2015-05-09;http://natemat.pl/;WYBORY W WIELKIEJ BRYTANII;2;http://natemat.pl/141911,wielka-brytania-wybrala-parlament-david-cameron-gora-popularny-nigel-farage-tylko-z-dwoma-mandatami
2015-05-09;http://natemat.pl/;Liderzy brytyjskich partii rezygnują, bo przegrali wybory. Nigel Farage nie stoi już na czele UKIP;2;http://natemat.pl/141973,liderzy-brytyjskich-partii-rezygnuja-bo-przegrali-wybory-nigel-farage-nie-stoi-juz-na-czele-ukip
2015-05-09;http://natemat.pl/;Maciej Kowalski;2;http://maciejkowalski.natemat.pl/
2015-05-09;http://natemat.pl/;Michał Kowalski;1;http://michalkowalski.natemat.pl/
2015-05-09;http://natemat.pl/;Wałęsa straszy Dudą.  Jak wygra, to będzie nieszczęście dla Polski;1;http://natemat.pl/141929,walesa-straszy-andrzejem-duda-jak-wygra-to-bedzie-nieszczescie-dla-polski
2015-05-09;http://natemat.pl/;Koszmar z Kaczyńskim w nowym spocie prezydenta. Sztab straszy prezesem PiS;1;http://natemat.pl/141875,koszmar-z-kaczynskim-w-nowym-spocie-komorowskiego-sztab-prezydenta-straszy-prezesem-pis
2015-05-09;http://natemat.pl/;Komorowski bez szans na wygraną w I turze. Kukiz z nadzieją na udział w ostatecznym starciu;1;http://natemat.pl/141901,nowy-sondaz-odbiera-komorowskiemu-nadzieje-na-wygrana-w-i-turze-kukiz-zwieksza-szanse-na-udzial-w-ostatecznym-starciu
2015-05-09;http://natemat.pl/;Paweł Kukiz podpisał porozumienie z Demokracją Bezpośrednią i... je zerwał;1;http://natemat.pl/141877,pawel-kukiz-zarzuca-korwin-mikkemu-nieslownosc-sam-podpisal-porozumienie-z-demokracja-bezposrednia-i-je-zerwal
2015-05-09;http://www.gazeta.pl;To kandydat, który niesie nadzieję? Ten żart mówi więcej o wyborach niż niejedna analiza;4;http://wiadomosci.gazeta.pl/wiadomosci/1,143907,17881331,Sarna_z_krzeslem_na_glowie___Kandydatka__porywa_tysiace.html#MT
2015-05-09;http://www.gazeta.pl;Kukiz pozywa Tomasza Sianeckiego. Chce przeprosin za Szkło kontaktowe;3;http://wiadomosci.gazeta.pl/wiadomosci/1,114871,17884998,Wybory_prezydenckie_2015___Do_Rzeczy___Kukiz_pozywa.html#Czolka3Img
2015-05-09;http://www.gazeta.pl;Nowy sondaż TNS: Duda w górę, Komorowski w dół - różnica mocno maleje;3;http://wiadomosci.gazeta.pl/wiadomosci/1,143907,17883136,Nowy_sondaz_wyborczy__Komorowski_traci__zyskuje_Duda_.html#Czolka3Img
2015-05-09;http://www.gazeta.pl;Cameron po zwycięstwie w wyborach: będzie referendum w sprawie członkostwa w Unii Europejskiej;2;http://wiadomosci.gazeta.pl/wiadomosci/1,114871,17884315,Cameron__bedzie_referendum_w_sprawie_czlonkostwa_w.html#BoxNewsImg
2015-05-09;http://www.gazeta.pl;Paweł Kukiz w dniu wyborów organizuje  koncert wyborczy . Ma prawo?;1;http://wiadomosci.gazeta.pl/wiadomosci/1,143907,17884154,Wybory_prezydenckie_2015__Pawel_Kukiz_w_dniu_wyborow.html#BoxNewsLink
2015-05-09;http://www.gazeta.pl;Miliband i Farage rezygnują po porażce w wyborach;1;http://wiadomosci.gazeta.pl/wiadomosci/1,114871,17883273,Wybory_w_Wielkiej_Brytanii__Miliband__Farage_i_Clegg_.html#BoxNewsLink
2015-05-09;http://www.gazeta.pl;Rostowski: Propozycje Dudy kosztowałyby nas 20 mld;1;http://wiadomosci.gazeta.pl/wiadomosci/10,114927,17882783,Rostowski__Propozycje_wyborcze_Andrzeja_Dudy_kosztowalby.html#BoxNewsLink
2015-05-09;http://www.gazeta.pl;Mocne uderzenie w PiS. Duda zamienia się w prezesa;1;http://wiadomosci.gazeta.pl/wiadomosci/1,143907,17879396,Wybory_prezydenckie_2015__Kontrowersyjny_klip_Komorowskiego.html#BoxNewsLink
2015-05-09;http://www.dziennik.pl;Kukiz coraz bliżej Dudy. Sensacja w SONDAŻU TNS Polska;3;http://wiadomosci.dziennik.pl/wybory-prezydenckie/artykuly/489884,sondaz-tns-polska-kukiz-ze-swietnym-wynikiem-coraz-blizej-dudy.html
2015-05-09;http://www.dziennik.pl;Paweł Kukiz pozywa gwiazdę TVN24. Proces wyborczy;2;http://wiadomosci.dziennik.pl/wybory-prezydenckie/artykuly/489911,pawel-kukiz-pozywa-tomasza-sianeckiego-dziennikarza-tvn24.html
2015-05-09;http://www.dziennik.pl;Duda ostro przepytany na żywo. Co powiedział? ZOBACZ RELACJĘ;2;http://wiadomosci.dziennik.pl/wybory-prezydenckie/artykuly/489818,andrzej-duda-przepytany-w-studiu-tvn24-co-powiedzial-zobacz-relacje.html
2015-05-09;http://www.dziennik.pl;Jest stylowy potencjał! Żona Andrzeja Dudy jak Claire Underwood;2;http://kobieta.dziennik.pl/moda-na-topie/galeria/489798,agata-kornhauser-duda-zona-andrzeja-dudy.html
2015-05-09;http://www.dziennik.pl;Dlaczego prezydent traci poparcie? Jego doradca znalazł przyczynę...;2;http://wiadomosci.dziennik.pl/wybory-prezydenckie/artykuly/489845,tomasz-nalecz-prezydent-komorowski-traci-przez-ataki-na-rzad.html
2015-05-09;http://www.dziennik.pl;Tak dobrego wyniku Kukiz jeszcze nie miał. Najnowszy SONDAŻ;2;http://wiadomosci.dziennik.pl/wybory-prezydenckie/artykuly/489847,tak-dobrego-wyniku-kukiz-jeszcze-nie-mial-najnowszy-sondaz.html
2015-05-09;http://www.dziennik.pl;Komorowski na Westerplatte: Trzeba uczcić wszystkie ofiary konfliktu;1;http://wiadomosci.dziennik.pl/polityka/artykuly/489842,prezydent-bronislaw-komorowski-na-westerplatte.html
2015-05-09;http://www.dziennik.pl;Komorowski powinien pojechać na obchody zakończenia II wojny? SONDAŻ CBOS;1;http://wiadomosci.dziennik.pl/polityka/artykuly/489785,sondaz-polacy-o-ii-wojnie-swiatowej-komorowski-powinien-pojechac-do-moskwy.html
2015-05-09;http://wyborcza.pl/0,0.html?piano_d=1;WYBORY PREZYDENCKIE 2015. Wszystko, co powinieneś wiedzieć;3;http://wyborcza.pl/0,143644.html
2015-05-09;http://wyborcza.pl/0,0.html?piano_d=1;Prof. Markowski: Druga tura będzie żółtą kartką dla Komorowskiego;3;http://wyborcza.pl/1,143644,17880844,Wybory_prezydenckie_2015__Prof__Markowski__Druga_tura.html
2015-05-09;http://wyborcza.pl/0,0.html?piano_d=1;Wioska Kukiza szykuje się na głosowanie.  Bo za ludźmi jest;3;http://wroclaw.gazeta.pl/wroclaw/1,35751,17880901,Wioska_Kukiza_szykuje_sie_na_glosowanie___Bo_za_ludzmi.html
2015-05-09;http://wyborcza.pl/0,0.html?piano_d=1;Kukiz pozywa dziennikarza Tomasza Sianeckiego;2;http://wyborcza.pl/1,75478,17885280,Kukiz_pozywa_dziennikarza_Tomasza_Sianeckiego.html
2015-05-09;http://wyborcza.pl/0,0.html?piano_d=1;Kukiz miał być czarnym koniem, w debacie okazał się szkapą;3;http://wyborcza.pl/1,75968,17873421,Wybory_prezydenckie_2015__Wodospad_populizmu.html
2015-05-09;http://www.tvp.info/;Dwóch Polaków w wyborach do Izby Gmin.  Jeden wygrał w swoim okręgu, drugi miał najgorszy wynik ze wszystkich;2;http://www.tvp.info.pl/19976669/o-miejsce-w-izbie-gmin-walczylo-dwoch-polakow-jeden-wygral-w-swoim-okregu-drugi-mial-najgorszy-wynik-ze-wszystkich
2015-05-09;http://www.wp.pl;Paweł Kukiz pozywa dziennikarza TVN;3;http://wiadomosci.wp.pl/kat,1329,title,Pawel-Kukiz-pozywa-dziennikarza-TVN,wid,17523374,wiadomosc.html
2015-05-09;http://www.wp.pl;Gdyby nie choroba córki, Kukiz nie opamiętałby się;3;http://nocoty.pl/gid,17515303,kat,1013545,title,Pawel-Kukiz-kilka-lat-temu-drzal-o-zycie-corki,galeria.html
2015-05-09;http://www.wp.pl;Ślicznotka z  Wilka z Wall Street  już tak nie wygląda. Po tej metamorfozie trudno ją poznać;3;http://film.wp.pl/id,150724,title,dziejesiewkulturze-Codzienna-dawka-informacji-popkulturalnych-050515-WIDEO,wiadomosc.html
2015-05-09;http://www.wp.pl;Bronisław Komorowski: już raz wygrałem, wygram jeszcze raz;1;/kat,140394,title,Bronislaw-Komorowski-juz-raz-wygralem-wygram-jeszcze-raz,wid,17523692,wiadomosc.html
2015-05-09;http://www.wp.pl;Bronisław Komorowski dziękuje wszystkim, którzy poparli jego kandydaturę;1;/kat,140394,title,Bronislaw-Komorowski-dziekuje-wszystkim-ktorzy-poparli-jego-kandydature,wid,17523543,wiadomosc.html
2015-05-09;http://www.wp.pl;Duda: wyciągam wnioski z kampanii wierzę, że wygram;1;/kat,140394,title,Duda-wyciagam-wnioski-z-kampanii-wierze-ze-wygram,wid,17523508,wiadomosc.html
2015-05-09;http://www.wp.pl;Sondaż TNS Polska dla Wiadomości TVP: 35 proc. Komorowskiego, 27 proc. Dudy i 15 proc. Kukiza;1;/kat,140394,title,Sondaz-TNS-Polska-dla-Wiadomosci-TVP-35-proc-Komorowskiego-27-proc-Dudy-i-15-proc-Kukiza,wid,17521721,wiadomosc.html
2015-05-09;http://www.wp.pl;Cisza wyborcza;1;/kat,140394,title,Cisza-wyborcza,wid,17523435,wiadomosc.html
2015-05-09;http://www.wp.pl;Ostatnie spotkanie wyborcze Bronisława Komorowskiego;1;/kat,140394,title,Ostatnie-spotkanie-wyborcze-Bronislawa-Komorowskiego,wid,17522942,wiadomosc.html
2015-05-09;http://www.wp.pl;Janusz Korwin-Mikke: udało się zebrać tłumy wierzących, że potrzebne są zmiany;1;/kat,140394,title,Janusz-Korwin-Mikke-udalo-sie-zebrac-tlumy-wierzacych-ze-potrzebne-sa-zmiany,wid,17523320,wiadomosc.html
2015-05-09;http://www.wp.pl;Paweł Kukiz pozywa dziennikarza TVN;1;/kat,140394,title,Pawel-Kukiz-pozywa-dziennikarza-TVN,wid,17523374,wiadomosc.html
2015-05-09;http://www.wp.pl;Paweł Kukiz i Janusz Korwin-Mikke w rządzie z PiS? Szydło: możliwe, że będziemy szukać koalicjanta;1;/kat,140394,title,Pawel-Kukiz-i-Janusz-Korwin-Mikke-w-rzadzie-z-PiS-Szydlo-mozliwe-ze-bedziemy-szukac-koalicjanta,wid,17519304,wiadomosc.html
2015-05-09;http://www.wp.pl;Paweł Kukiz zdradza kulisy rozmowy z Donaldem Tuskiem;1;/kat,140394,title,Pawel-Kukiz-zdradza-kulisy-rozmowy-z-Donaldem-Tuskiem,wid,17522511,wiadomosc.html
2015-05-09;http://www.wp.pl;Politolog o Dudzie w TVN24: kompetentny, ale bez charyzmy;1;/kat,140394,title,Politolog-o-Dudzie-w-TVN24-kompetentny-ale-bez-charyzmy,wid,17521450,wiadomosc.html
2015-05-09;http://www.wp.pl;Balawajder: ludzie mają dość wojny pomiędzy PO a PiS - szukają alternatywy;1;/kat,140394,title,Balawajder-ludzie-maja-dosc-wojny-pomiedzy-PO-a-PiS-szukaja-alternatywy,wid,17520950,wiadomosc.html
2015-05-09;http://www.wp.pl;Najwięksi wygrani wyborów w social media;1;/kat,140394,title,Najwieksi-wygrani-wyborow-w-social-media,wid,17520435,wiadomosc.html
2015-05-09;http://www.wp.pl;Łukasz Warzecha: na kogo nie warto głosować;1;/kat,140394,title,Lukasz-Warzecha-na-kogo-nie-warto-glosowac,wid,17520001,wiadomosc.html
2015-05-09;http://www.wprost.pl/;Wielka Brytania: Polak wygrał wybory. Zostanie posłem;3;http://www.wprost.pl/ar/505848/Wielka-Brytania-Polak-wygral-wybory-Zostanie-poslem/
2015-05-09;http://www.wprost.pl/;Córka Dudy: Mój tata jest dobrym człowiekiem;2;http://www.wprost.pl/ar/505895/Corka-Dudy-Moj-tata-jest-dobrym-czlowiekiem/
2015-05-09;http://www.wprost.pl/;Sondaż: Komorowski 39 proc., Duda 31 proc., Kukiz 19 proc.;2;http://www.wprost.pl/ar/505896/Sondaz-Komorowski-39-proc-Duda-31-proc-Kukiz-19-proc/
2015-05-09;http://www.wprost.pl/;Politolog: Kampania była nudna. Największy sukces odniósł Kukiz;2;http://www.wprost.pl/ar/505889/Politolog-Kampania-byla-nudna-Najwiekszy-sukces-odniosl-Kukiz/
2015-05-09;http://www.wprost.pl/;Komorowski: Już raz wygrałem, wygram jeszcze raz;2;http://www.wprost.pl/ar/505894/Komorowski-Juz-raz-wygralem-wygram-jeszcze-raz/
2015-05-09;http://www.wprost.pl/;Miller apeluje do wyborców lewicy: Głosujcie na Magdalenę Ogórek;2;http://www.wprost.pl/ar/505891/Miller-apeluje-do-wyborcow-lewicy-Glosujcie-na-Magdalene-Ogorek/
2015-05-09;http://www.wprost.pl/;Największe hity i kity w kampanii prezydenckiej;2;http://www.wprost.pl/ar/505879/Najwieksze-hity-i-kity-w-kampanii-prezydenckiej/
2015-05-09;http://www.wprost.pl/;Politolog: Kampania była nudna. Największy sukces odniósł Kukiz;1;http://www.wprost.pl/ar/505889/Politolog-Kampania-byla-nudna-Najwiekszy-sukces-odniosl-Kukiz/
2015-05-09;http://www.wprost.pl/;Największe hity i kity w kampanii prezydenckiej;1;http://www.wprost.pl/ar/505879/Najwieksze-hity-i-kity-w-kampanii-prezydenckiej/
2015-05-09;http://www.wprost.pl/;Prof. Śpiewak o wyborach: Ciszej nad tą trumną;1;http://www.wprost.pl/ar/505834/Prof-Spiewak-o-wyborach-Ciszej-nad-ta-trumna/
2015-05-09;http://www.wprost.pl/;W SLD ostrzą noże na Millera. Ogórek pociągnie go na dno?;1;http://www.wprost.pl/ar/505569/W-SLD-ostrza-noze-na-Millera-Ogorek-pociagnie-go-na-dno/
2015-05-09;http://www.wprost.pl/;Debata prezydencka. "Korwin-Mikke znokautował Kukiza, sztab Dudy przedobrzył";1;http://www.wprost.pl/ar/505581/Debata-prezydencka-Korwin-Mikke-znokautowal-Kukiza-sztab-Dudy-przedobrzyl/
2015-05-09;http://www.wprost.pl/;Ogórek: Kaczyński przyszedłby do mnie na Radę Bezpieczeństwa Narodowego;1;http://www.wprost.pl/ar/505560/Ogorek-Kaczynski-przyszedlby-do-mnie-na-Rade-Bezpieczenstwa-Narodowego/
2015-05-09;http://www.wprost.pl/;Kampania na Twitterze. Palikot groził Rydzykowi, Kukiz napisał o plagiacie;1;http://www.wprost.pl/ar/505175/Kampania-na-Twitterze-Palikot-grozil-Rydzykowi-Kukiz-napisal-o-plagiacie/
2015-05-09;http://www.wprost.pl/;Kampania na Facebooku. Korwin-Mikke "rządzi" z Żelaznego Tronu;1;http://www.wprost.pl/ar/505177/Kampania-na-Facebooku-Korwin-Mikke-rzadzi-z-Zelaznego-Tronu/
2015-05-09;http://www.onet.pl/;Ostatni sondaż prezydencki. Ogromny skok Kukiza;2;http://wiadomosci.onet.pl/kraj/ostatni-sondaz-prezydencki-przed-cisza-wyborcza/6fsqj6
2015-05-09;http://www.onet.pl/;Komorowski: Duda boi się narazić ojcu dyrektorowi;2;http://wiadomosci.onet.pl/kraj/bronislaw-komorowski-juz-raz-wygralem-wygram-i-drugi-raz/psrr0z
2015-05-09;http://www.onet.pl/;Kukiz czy Korwin - kto wygrałby zakład?;2;http://wiadomosci.onet.pl/tylko-w-onecie/kukiz-czy-korwin-kto-wygralby-zaklad-ukip-ma-jednego-deputowanego/w4tx4j
2015-05-09;http://www.onet.pl/;Kto wygra wybory? Komorowski stracił najwięcej;2;http://wiadomosci.onet.pl/tylko-w-onecie/kto-wygra-wybory-prezydenckie-prognoza-wynikow/4h0zzj
2015-05-09;http://www.onet.pl/;Zamieszanie w UE po wyborach w Wlk. Brytanii;2;http://wiadomosci.onet.pl/wielka-brytania-i-irlandia/reakcje-polskich-emigrantow-na-wyniki-wyborow-w-wielkiej-brytanii/48w492
2015-05-09;http://www.onet.pl/;Po co nam prezydent?;2;http://wiadomosci.onet.pl/tylko-w-onecie/po-co-nam-prezydent/31b3wl
2015-05-09;http://www.onet.pl/;Jak sondaże przełożą się na wybory?;2;http://wiadomosci.onet.pl/kraj/jak-sondaze-przeloza-sie-na-wynik-wyborow/w1edqs#.VUy8PpUqAVU.twitter
2015-05-09;http://www.newsweek.pl/;Kampania w internecie. Kandydaci wylogowani z sieci;4;http://polska.newsweek.pl/wybory-prezydenckie-2015-kampania-w-internecie-social-media,artykuly,362806,1.html
2015-05-09;http://www.newsweek.pl/;Finisz kampanii: Co mówią ostatnie sondaże? [ANALIZA];4;http://opinie.newsweek.pl/ostatnie-sondaze-przed-wyborami-analiza-sondazy-prezydenckich,artykuly,362797,1.html
2015-05-09;http://www.newsweek.pl/;Bronisław Komorowski: Wyniki sondaży przyjmuję ze spokojem. Już raz wygrałem, wygram i teraz;3;http://polska.newsweek.pl/bronislaw-komorowski-o-kiepskich-sondazach-na-pewno-wygram,artykuly,362800,1.html
2015-05-09;http://www.newsweek.pl/;Idziesz na wybory? Oto praktyczny poradnik jak głosować;3;http://polska.newsweek.pl/wybory-prezydenckie-2015-jak-oddac-wazny-glos,artykuly,362758,1.html
2015-05-09;http://www.newsweek.pl/;PiS przed PO, na listę Kukiza chce zagłosować niemal co piąty Polak [SONDAŻ];2;http://polska.newsweek.pl/konwencja-po-konwencja-pis-ostatnie-dni-kampanii,artykuly,362683,1.html
2015-05-09;http://www.newsweek.pl/;Konserwatyści,wygrali,wybory,w,Wielkiej,Brytanii,Czwartkowe,wybory,w,Wielkiej,Brytanii,to,zwycięstwo,konserwatystów,triumf,SNP,i,sromotna,porażka,Partii,Pracy,która,od,30,lat,nie,miała,tak,słabego,wyniku;1;http://swiat.newsweek.pl/wybory-w-wielkiej-brytanii-wygrali-konserwatysci-davida-camerona-newsweek-pl,artykuly,362749,1.html
2015-05-09;http://www.newsweek.pl/;Świat,Nie,obchodzą,Cię,brytyjskie,wybory,Oto,6,powodów,by,zmienić,zdanie,Korespondent,polityczny,BBC,Rob,Watson,tłumaczy,osobom,spoza,Zjednoczonego,Królestwa,dlaczego,brytyjskie,wybory,mogą,wpłynąć,nie,tylko,na,losy,Wielkiej,Brytanii;1;http://swiat.newsweek.pl/wybory-parlamentarne-w-wielkiej-brytanii-co-warto-o-nich-wiedziec-,artykuly,362659,1.html
2015-05-09;http://www.newsweek.pl/;Wybory,w,Wielkiej,Brytanii,Za,selfie,w,lokalu,wyborczym,nawet,rok,więzienia,Brytyjska,komisja,wyborcza,ponowiła,apel,aby,głosujący,w,wyborach,parlamentarnych,nie,publikowali,w,internecie,zdjęć,robionych,sobie,przy,urnach;1;http://swiat.newsweek.pl/wielka-brytania-za-selfie-w-lokalu-wyborczym-rok-wiezienia,artykuly,362686,1.html
2015-05-09;http://www.newsweek.pl/;Ekonomiści,Realizacja,obietnic,Dudy,kosztowałaby,krocie,Realizacja,Umowy,programowej,zawartej,między,Andrzejem,Dudą,a,Komisją,Krajową,NSZZ,S,kosztowałaby,miliardy,złotych,wyliczają,ekonomiści;1;http://biznes.newsweek.pl/ile-kosztowalaby-realizacja-obietnic-andrzeja-dudy,artykuly,362600,1.html
2015-05-09;http://www.newsweek.pl/;Polacy,chcą,dodatkowego,podatku,dla,najbogatszych,Większość,Polaków,jest,za,wprowadzeniem,dodatkowej,stawki,podatkowej,dla,najbogatszych,pokazał,sondaż,IQS,dla,Newsweeka;1;http://biznes.newsweek.pl/wysokosc-podatkow-w-polsce-wyzsze-podatki-dla-najbogatszych,artykuly,362455,1.html
2015-05-09;http://www.newsweek.pl/;Druga,tura,pewna,aż,16,proc,dla,Kukiza,Głos,na,Bronisława,Komorowskiego,chce,oddać,40,proc,Polaków,Drugi,w,rankingu,jest,Andrzej,Duda,29,proc,trzeci,Paweł,Kukiz,16,proc,wynika,z,sondażu,pracowni;1;http://www.newsweek.pl/druga-tura-pewna-rekordowy-wynik-kukiza-sondaz-newsweeka,artykuly,362767,1.html
2015-05-09;http://www.newsweek.pl/;Dziecko,w,internecie,Jak,zapewnić,mu,bezpieczeństwo,Aż,90,proc,rodziców,przyznaje,że,czują,się,odpowiedzialni,za,zapewnienie,dziecku,bezpieczeństwa,w,internecie,Jednak,w,praktyce,wielu,z,nich,nie,radzi,sobie,z,tym,wyzwaniem;1;http://stylzycia.newsweek.pl/jak-zapewnic-dziecku-bezpieczenstwo-w-internecie-,artykuly,362779,1.html
2015-05-09;http://www.newsweek.pl/;Polska,płaca,minimalna,nie,zawsze,pozwala,na,przeżycie,Ale,rośnie,Według,OECD,polska,płaca,minimalna,wynosi,niecałe,500,euro,Oznacza,to,że,jest,o,250,euro,niższa,niż,w,Grecji,ale,wyższa,niż,w,Czechach,I,choć,mimo,kryzysu,rośnie,to,nie;1;http://biznes.newsweek.pl/placa-minimalna-w-polsce-i-na-swiecie-zarobki-w-ue,artykuly,362776,1.html
2015-05-09;http://www.newsweek.pl/;Polski,ambasador,ranny,w,katastrofie,śmigłowca,Talibowie,To,my,zestrzeliliśmy,maszynę,Czy,to,talibowie,są,odpowiedzialni,za,katastrofę,helikoptera,wojskowego,w,północnym,Pakistanie,Tak,wynika,z,informacji,gazety,The,Express,Tribune,Doniesień,tych,nie;1;http://swiat.newsweek.pl/katastrofa-helikoptera-ranny-ambasador-polski,artykuly,362755,1.html
2015-05-09;http://www.newsweek.pl/;Konserwatyści,wygrali,wybory,w,Wielkiej,Brytanii,Tak,wynika,z,exit,poll,Według,sondażu,partia,premiera,Davida,Camerona,wygrała,wybory,parlamentarne;1;http://swiat.newsweek.pl/konserwatysci-camerona-wygrali-wybory-w-wielkiej-brytanii-,artykuly,362744,1.html
2015-05-09;http://www.tvn24.pl/;To moje naste wybory, do tej pory wszystkie wygrałem . Bronisław Komorowski w TVN24;4;http://www.tvn24.pl/bronislaw-komorowski-w-debacie-tvn24-czas-decyzji-w-tvn24,540626,s.html
2015-05-09;http://www.tvn24.pl/;Zgadzasz się z argumentami Bronisława Komorowskiego? Ściągnij aplikację mobilną i weź udział w sondzie!;3;http://www.tvn24.pl/czas-decyzji-zgadzasz-sie-z-argumentami-bronislawa-komorowskiego,540552,s.html
2015-05-09;http://www.tvn24.pl/;Odtwórz: Zgadzasz siÄ z argumentami BronisÅawa Komorowskiego? ÅciÄgnij aplikacjÄ mobilnÄ i weÅº udziaÅ w sondzie!;3;http://www.tvn24.pl/czas-decyzji-zgadzasz-sie-z-argumentami-bronislawa-komorowskiego,540552,s.html#autoplay
2015-05-09;http://www.tvn24.pl/;ZwiÄzki partnerskie i Polacy na Wyspach. Komorowski odpowiedziaÅ na Wasze pytania;3;http://kontakt24.tvn24.pl/polska,496/zwiazki-partnerskie-i-polacy-na-wyspach-bronislaw-komorowski-odpowiedzial-na-wasze-pytania,167735.html
2015-05-09;http://www.tvn24.pl/;OdtwÃ³rz: ZwiÄzki partnerskie i Polacy na Wyspach. Komorowski odpowiedziaÅ na Wasze pytania;3;http://kontakt24.tvn24.pl/polska,496/zwiazki-partnerskie-i-polacy-na-wyspach-bronislaw-komorowski-odpowiedzial-na-wasze-pytania,167735.html
2015-05-09;http://www.tvn24.pl/;Komorowski byÅ przygotowanydo frontalnego ataku na DudÄ;3;http://www.tvn24.pl/czas-decyzji-w-tvn24-komentarze-publicystow,540645,s.html
2015-05-09;http://www.tvn24.pl/;Kiedy poznamy wyniki wyborÃ³w? PKW ostroÅ¼na;3;http://www.tvn24.pl/wybory-prezydenckie-2015-kiedy-poznamy-wyniki,540570,s.html
2015-05-09;http://www.tvn24.pl/;Odtwórz: Kiedy poznamy wyniki wyborÃ³w? PKW ostroÅ¼na;3;http://www.tvn24.pl/wybory-prezydenckie-2015-kiedy-poznamy-wyniki,540570,s.html#autoplay
2015-05-09;http://www.tvn24.pl/;Wybory w Wielkiej Brytanii;3;/raporty/wybory-parlamentarne-w-wielkiej-brytanii,938
2015-05-09;http://www.tvn24.pl/;OdtwÃ³rz: Po wyborach roÅnie ryzyko Brexitu. To byÅoby gospodarcze trzÄsienie ziemi;3;http://tvn24bis.pl/redirect/brexit-to-klopot-co-moze-oznaczac,540472.html#autoplay
2015-05-09;http://www.tvn24.pl/;Po wyborach roÅnie ryzyko Brexitu. To byÅoby gospodarcze trzÄsienie ziemi;3;http://tvn24bis.pl/redirect/brexit-to-klopot-co-moze-oznaczac,540472.html
2015-05-09;http://www.tvn24.pl/;Komorowski po raz pierwszy poniÅ¼ej 40 proc. Duda coraz bliÅ¼ej. Rekord Kukiza;3;http://fakty.tvn24.pl/r/komorowski-po-raz-pierwszy-z-poparciem-ponizej-40-proc-sondaz-dla-faktow-tvn-i-tvn24,540293.html
2015-05-09;http://www.tvn24.pl/;Odtwórz: Komorowski po raz pierwszy poniÅ¼ej 40 proc. Duda coraz bliÅ¼ej. Rekord Kukiza;3;http://fakty.tvn24.pl/r/komorowski-po-raz-pierwszy-z-poparciem-ponizej-40-proc-sondaz-dla-faktow-tvn-i-tvn24,540293.html#autoplay
2015-05-09;http://www.tvn24.pl/;Komorowski byÅ przygotowany do frontalnego ataku na DudÄ . PublicyÅci komentujÄ debatÄ;2;http://www.tvn24.pl/wiadomosci-z-kraju,3/komorowski-byl-przygotowany-do-frontalnego-ataku-na-dude-publicysci-komentuja-debate,540645.html
2015-05-09;http://www.tvn24.pl/;ZwiÄzki partnerskie i Polacy na Wyspach. BronisÅaw Komorowski odpowiedziaÅ na Wasze pytania!;2;http://kontakt24.tvn.pl/zwiazki-partnerskie-i-polacy-na-wyspach-bronislaw-komorowski-odpowiedzial-na-wasze-pytania,167735.html
2015-05-09;http://www.tvn24.pl/;Brytyjskie wybory na wesoÅo.  Tata gÅosowaÅ na UKIP, wiÄc szukam nowego taty;2;http://www.tvn24.pl/ciekawostki-michalki,5/brytyjskie-wybory-na-wesolo-tata-glosowal-na-ukip-wiec-szukam-nowego-taty,540582.html
2015-05-09;http://www.tvn24.pl/;Zgadzasz siÄ z argumentami BronisÅawa Komorowskiego? ÅciÄgnij aplikacjÄ mobilnÄ i weÅº udziaÅ w sondzie!;2;http://www.tvn24.pl/wiadomosci-z-kraju,3/zgadzasz-sie-z-argumentami-bronislawa-komorowskiego-sciagnij-aplikacje-mobilna-i-wez-udzial-w-sondzie,540552.html
2015-05-09;http://www.tvn24.pl/;To jest oczywiste, Å¼e za Andrzejem DudÄ stoi JarosÅaw KaczyÅski . BronisÅaw Komorowski w TVN24;2;http://www.tvn24.pl/bronislaw-komorowski-w-debacie-tvn24-czas-decyzji-w-tvn24,540626,s.html
2015-05-09;http://www.tvn24.pl/;Czas decyzji. Debata . BronisÅaw Komorowski w TVN24;2;http://www.tvn24.pl/bronislaw-komorowski-w-tvn24-czas-decyzji-tvn24,540622,s.html
2015-05-09;http://www.tvn24.pl/;Zgadzasz siÄ z argumentami BronisÅawa Komorowskiego? ÅciÄgnij aplikacjÄ mobilnÄ i weÅº udziaÅ w sondzie!;2;http://www.tvn24.pl/zgadzasz-sie-z-argumentami-bronislawa-komorowskiego-sciagnij-aplikacje-mobilna-i-wez-udzial-w-sondzie,540552,s.html
2015-05-09;http://www.tvn24.pl/;Komorowski byÅ przygotowany   do frontalnego ataku na DudÄ;2;http://www.tvn24.pl/komorowski-byl-przygotowany-do-frontalnego-ataku-na-dude,540645,s.html
2015-05-09;http://www.tvn24.pl/;Po wyborach roÅnie ryzyko Brexitu. To byÅoby gospodarcze trzÄsienie ziemi;2;http://tvn24bis.pl/redirect/po-wyborach-rosnie-ryzyko-brexitu-to-byloby-gospodarcze-trzesienie-ziemi,540472.html
2015-05-09;http://www.tvn24.pl/;Kiedy poznamy wyniki wyborÃ³w? PKW ostroÅ¼na;2;http://www.tvn24.pl/kiedy-poznamy-wyniki-wyborow-pkw-ostrozna,540570,s.html
2015-05-09;http://www.tvn24.pl/;Po wyborach roÅnie ryzyko Brexitu. To byÅoby gospodarcze trzÄsienie ziemi;2;http://tvn24bis.pl/redirect/po-wyborach-rosnie-ryzyko-brexitu-to-byloby-gospodarcze-trzesienie-ziemi,540472.html
2015-05-09;http://www.tvn24.pl/;Komorowski po raz pierwszy poniÅ¼ej 40 proc. Duda coraz bliÅ¼ej. Rekord Kukiza;2;http://fakty.tvn24.pl/r/komorowski-po-raz-pierwszy-ponizej-40-proc-duda-coraz-blizej-rekord-kukiza,540293.html
2015-05-09;http://www.tvn24.pl/;Kiedy poznamy wyniki wyborÃ³w? PKW ostroÅ¼na;1;http://www.tvn24.pl/wybory-prezydenckie-2015-kiedy-poznamy-wyniki,540570,s.html
2015-05-09;http://www.tvn24.pl/;Odtwórz: Kiedy poznamy wyniki wyborÃ³w? PKW ostroÅ¼na;1;http://www.tvn24.pl/wybory-prezydenckie-2015-kiedy-poznamy-wyniki,540570,s.html#autoplay
2015-05-09;http://www.tvn24.pl/;Wybory w Wielkiej Brytanii;1;http://www.tvn24.pl/raporty/wybory-parlamentarne-w-wielkiej-brytanii,938
2015-05-09;http://www.tvn24.pl/;OdtwÃ³rz: Po wyborach roÅnie ryzyko Brexitu. To byÅoby gospodarcze trzÄsienie ziemi;1;http://tvn24bis.pl/redirect/brexit-to-klopot-co-moze-oznaczac,540472.html#autoplay
2015-05-09;http://www.tvn24.pl/;Po wyborach roÅnie ryzyko Brexitu. To byÅoby gospodarcze trzÄsienie ziemi;1;http://tvn24bis.pl/redirect/brexit-to-klopot-co-moze-oznaczac,540472.html
2015-05-09;http://www.tvn24.pl/;Komorowski po raz pierwszy poniÅ¼ej 40 proc. Duda coraz bliÅ¼ej. Rekord Kukiza;1;http://fakty.tvn24.pl/r/komorowski-po-raz-pierwszy-z-poparciem-ponizej-40-proc-sondaz-dla-faktow-tvn-i-tvn24,540293.html
2015-05-09;http://www.tvn24.pl/;Odtwórz: Komorowski po raz pierwszy poniÅ¼ej 40 proc. Duda coraz bliÅ¼ej. Rekord Kukiza;1;http://fakty.tvn24.pl/r/komorowski-po-raz-pierwszy-z-poparciem-ponizej-40-proc-sondaz-dla-faktow-tvn-i-tvn24,540293.html#autoplay
2015-05-09;http://natemat.pl/;Kukiz z silnym poparciem wśród zdecydowanych wyborców. Duda bliżej Komorowskiego;4;http://natemat.pl/142025,pawel-kukiz-z-silnym-poparciem-wsrod-zdecydowanych-wyborcow-andrzej-duda-blizej-bronislawa-komorowskiego
2015-05-09;http://natemat.pl/;Barwy UPA na marynarce prezydenta Ukrainy . Kontrowersje wokół wizyty Poroszenki;3;http://natemat.pl/142013,barwy-upa-na-marynarce-prezydenta-ukrainy-kontrowersje-wokol-wizyty-poroszenki-w-polsce
2015-05-09;http://natemat.pl/;Michał Kowalski;2;http://michalkowalski.natemat.pl/
2015-05-09;http://natemat.pl/;Bezbarwni kandydaci w barwnej kampanii. To nie były „nijakie” trzy miesiące;1;http://natemat.pl/141993,bezbarwni-kandydaci-w-barwnej-kampanii-to-nie-byly-nijakie-trzy-miesiace
2015-05-09;http://natemat.pl/;WYBORY W WIELKIEJ BRYTANII;1;http://natemat.pl/141911,wielka-brytania-wybrala-parlament-david-cameron-gora-popularny-nigel-farage-tylko-z-dwoma-mandatami
2015-05-09;http://natemat.pl/;Liderzy brytyjskich partii rezygnują, bo przegrali wybory. Nigel Farage nie stoi już na czele UKIP;1;http://natemat.pl/141973,liderzy-brytyjskich-partii-rezygnuja-bo-przegrali-wybory-nigel-farage-nie-stoi-juz-na-czele-ukip
2015-05-09;http://natemat.pl/;Maciej Kowalski;1;http://maciejkowalski.natemat.pl/
2015-05-09;http://www.gazeta.pl;Ostatni wywiad Komorowskiego przed ciszą wyborczą. I mocny cios w Dudę: Nie ma odwagi, coś kombinuje...;3;http://wiadomosci.gazeta.pl/wiadomosci/1,114871,17886792,Wybory_2015__Komorowski_o_Dudzie___Po_co_wmontowywac.html#Czolka3Img
2015-05-09;http://www.gazeta.pl;Kukiz pozywa Sianeckiego za słowa ze  Szkła kontaktowego  o wycofaniu z wyborów. Jest odpowiedź TVN;2;http://wiadomosci.gazeta.pl/wiadomosci/1,114871,17884998,Wybory_prezydenckie_2015___Do_Rzeczy___Kukiz_pozywa.html#BoxNewsImg
2015-05-09;http://www.gazeta.pl;Ogórek dziękuje SLD: To bardzo duża odwaga z ich strony, by wspomóc kobietę;1;http://wiadomosci.gazeta.pl/wiadomosci/1,114871,17886840,Wybory_prezydenckie_2015__Ogorek___Nie_przywiazuje.html#BoxNewsLink
2015-05-09;http://www.gazeta.pl;Duda blisko Komorowskiego, Kukiz zaskakuje [SONDAŻ];1;http://wiadomosci.gazeta.pl/wiadomosci/1,143907,17883136,Nowy_sondaz_wyborczy__Komorowski_traci__zyskuje_Duda_.html#BoxNewsLink
2015-05-09;http://www.dziennik.pl;Prezydent Czeczenii podarował nowe motocykle  Nocnym Wilkom;2;http://wiadomosci.dziennik.pl/swiat/artykuly/489879,prezydent-czeczenii-podarowal-nowe-motocykle-nocnym-wilkom.html
2015-05-09;http://www.dziennik.pl;Komorowski na Westerplatte: Trzeba uczcić wszystkie ofiary konfliktu;1;http://wiadomosci.dziennik.pl/polityka/artykuly/489842,prezydent-bronislaw-komorowski-na-westerplatte.html
2015-05-09;http://www.dziennik.pl;Komorowski powinien pojechać na obchody zakończenia II wojny? SONDAŻ CBOS;1;http://wiadomosci.dziennik.pl/polityka/artykuly/489785,sondaz-polacy-o-ii-wojnie-swiatowej-komorowski-powinien-pojechac-do-moskwy.html
2015-05-09;http://wyborcza.pl/0,0.html?piano_d=1;Paweł Kukiz pozwał w trybie wyborczym dziennikarza Tomasza Sianeckiego;3;http://wyborcza.pl/1,75478,17885280,Kukiz_pozywa_dziennikarza_Tomasza_Sianeckiego.html
2015-05-09;http://wyborcza.pl/0,0.html?piano_d=1;WYBORY PREZYDENCKIE 2015. Wszystko, co powinieneś wiedzieć;3;http://wyborcza.pl/0,143644.html
2015-05-09;http://wyborcza.pl/0,0.html?piano_d=1;Kukiz organizuje koncert w niedzielę. Złamie ciszę wyborczą?;3;http://wroclaw.gazeta.pl/wroclaw/1,35771,17885353,Kukiz_organizuje_koncert_w_niedziele__Zlamie_cisze.html
2015-05-09;http://wyborcza.pl/0,0.html?piano_d=1;Prof. Markowski: Druga tura będzie żółtą kartką dla Komorowskiego;3;http://wyborcza.pl/1,143644,17880844,Wybory_prezydenckie_2015__Prof__Markowski__Druga_tura.html
2015-05-09;http://wyborcza.pl/0,0.html?piano_d=1;W Sejmie PO, PiS i KORWiN. PSL i SLD nie wchodzą [NOWY SONDAŻ];2;http://wyborcza.pl/1,75478,17886530,W_Sejmie_PO__PiS_i_KORWiN__PSL_i_SLD_nie_wchodza__NOWY.html
2015-05-09;http://wyborcza.pl/0,0.html?piano_d=1;Komorowski dziękuje wszystkim, którzy poparli jego kandydaturę. I tym, którzy protestowali;2;http://wyborcza.pl/1,75478,17886385,Komorowski_dziekuje_wszystkim__ktorzy_poparli_jego.html
2015-05-09;http://wyborcza.pl/0,0.html?piano_d=1;Trzęsienie ziemi w brytyjskiej polityce po wyborach parlamentarnych;2;http://wyborcza.pl/1,75477,17886356,Trzesienie_ziemi_w_brytyjskiej_polityce_po_wyborach.html
2015-05-09;http://wyborcza.pl/0,0.html?piano_d=1;Magdalena Ogórek: Kobiety, głosujcie na mnie!;2;http://wyborcza.pl/1,75478,17886100,Magdalena_Ogorek__Kobiety__glosujcie_na_mnie_.html
2015-05-09;http://wyborcza.pl/0,0.html?piano_d=1;Braunizm atakuje, sędzia ściąga z Wiki, a Duda miłe mówi nam wierszyki;3;http://wyborcza.pl/1,75968,17885197,Braunizm_atakuje__sedzia_sciaga_z_Wiki__a_Duda_mile.html
2015-05-09;http://wyborcza.pl/0,0.html?piano_d=1;Polemika. Jak wybierać prezydenta?;3;http://wyborcza.pl/1,75968,17879629,Polemika__Jak_wybierac_prezydenta_.html
2015-05-09;http://wyborcza.pl/0,0.html?piano_d=1;Nieślubne dziecko prezydenta, czyli jak oni opluwają;3;http://wyborcza.pl/1,75248,17878606,Nieslubne_dziecko_prezydenta__czyli_jak_oni_opluwaja.html#TRNajCzytSST
