"date";"portal";"title";"position";"link"
2015-05-04;http://www.tvp.info/;Kandydaci chcą zmieniać konstytucję, prezydent jej broni. Tydzień do wyborów;2;http://www.tvp.info.pl/19911575/kandydaci-chca-zmieniac-konstytucje-prezydent-jej-broni-tydzien-do-wyborow
2015-05-04;http://www.tvp.info/;Komandosi arabscy desantowali się w Jemenie. Pomogą obronić bastion prezydenta?;2;http://www.tvp.info.pl/19911028/komandosi-arabscy-desantowali-sie-w-jemenie-pomoga-obronic-bastion-prezydenta
2015-05-04;http://www.tvp.info/;20 tys. zł wolne od podatku? Magdalena Ogórek gościem TVP1;2;http://www.tvp.info.pl/19910366/20-tys-zl-wolne-od-podatku-magdalena-ogorek-gosciem-tvp1
2015-05-04;http://www.wp.pl;Kukiz, Duda czy Komorowski. Jaką podjąć decyzję?;3;http://www.biztok.pl/gospodarka/zus-podatki-i-euro-czyli-gospodarka-oczami-kandydatow-na-prezydenta_s21095
2015-05-04;http://www.wprost.pl/;Rzecznik PiS wyszedł ze studia TVP.  To farsa ,  Komorowski Info;3;http://www.wprost.pl/ar/505103/Rzecznik-PiS-wyszedl-ze-studia-TVP-To-farsa-Komorowski-Info/
2015-05-04;http://www.wprost.pl/;Rzecznik PiS wyszedł ze studia TVP.  To farsa ,  Komorowski Info;2;http://www.wprost.pl/ar/505103/Rzecznik-PiS-wyszedl-ze-studia-TVP-To-farsa-Komorowski-Info/
2015-05-04;http://www.wprost.pl/;Korwin-Mikke chce odebrać prawo głosu pobierającym zasiłki;2;http://www.wprost.pl/ar/505102/Korwin-Mikke-chce-odebrac-prawo-glosu-pobierajacym-zasilki/
2015-05-04;http://www.wprost.pl/;Duda chce zmian w konstytucji. M.in. obowiązkowych referendów oraz ochrony lasów;2;http://www.wprost.pl/ar/505093/Duda-chce-zmian-w-konstytucji-Min-obowiazkowych-referendow-oraz-ochrony-lasow/
2015-05-04;http://www.wprost.pl/;Palikot chce nowej konstytucji. Bez Senatu, liczba posłów zależna od liczby głosujących;2;http://www.wprost.pl/ar/505092/Palikot-chce-nowej-konstytucji-Bez-Senatu-liczba-poslow-zalezna-od-liczby-glosujacych/
2015-05-04;http://www.wprost.pl/;Komorowski: Plac Czerwony zamieni się w Plac Pancerny;2;http://www.wprost.pl/ar/505091/Komorowski-Plac-Czerwony-zamieni-sie-w-Plac-Pancerny/
2015-05-04;http://www.wprost.pl/;Kaleta dla  Wprost : e-Prezydent? Nie tym razem;2;http://www.wprost.pl/ar/505075/Kaleta-dla-Wprost-e-Prezydent-Nie-tym-razem/
2015-05-04;http://www.wprost.pl/;Kaleta dla "Wprost": e-Prezydent? Nie tym razem;1;http://www.wprost.pl/ar/505075/Kaleta-dla-Wprost-e-Prezydent-Nie-tym-razem/
2015-05-04;http://www.onet.pl/;Zyskuje Paweł Kukiz, traci Bronisław Komorowski. Dlaczego?;2;http://wiadomosci.onet.pl/kraj/sondaz-dlaczego-zyskuje-kukiz-a-traci-komorowski/87e6p6
2015-05-04;http://www.onet.pl/;Wielka debata w TVP. Prezydent w innej stacji;2;http://wiadomosci.onet.pl/kraj/w-dniu-debaty-w-tvp1-komorowski-porozmawia-w-polsacie/gz4nz9
2015-05-04;http://www.newsweek.pl/;Wybory Miss, czyli korona za seks?;4;http://polska.newsweek.pl/wybory-miss-za-seks-co-robia-kandydatki-by-wygrac-newsweek,artykuly,362429,1.html
2015-05-04;http://www.newsweek.pl/;Słaby wynik Dudy? W PiS polecą głowy [WIDEO];3;http://polska.newsweek.pl/wybory-prezydenckie-andrzej-duda-kto-winny-slabego-wyniku,artykuly,362425,1.html
2015-05-04;http://www.newsweek.pl/;Miss zostaje się za seks [SONDAŻ];3;http://polska.newsweek.pl/najpiekniejsze-brudy-korona-miss-w-zamian-za-seks-sondaz-,artykuly,362437,1.html
2015-05-04;http://www.newsweek.pl/;Andrzej Duda chce dla Polski nowej konstytucji;2;http://polska.newsweek.pl/prezydent-2015-andrzej-duda-chce-dla-polski-nowej-konstytucji,artykuly,362449,1.html
2015-05-04;http://www.newsweek.pl/;Komorowski wciąż traci, Kukiz na fali. Co wynika z sondaży?;2;http://polska.newsweek.pl/poparcie-dla-kandydatow-co-wynika-z-sondazy-prezydenckich-,artykuly,362398,1.html
2015-05-04;http://www.newsweek.pl/;PO przed PiS. KORWiN w Sejmie. PSL poza;2;http://polska.newsweek.pl/sondaz-poparcia-dla-partii-po-ma-przewage-nad-pis-wyniki-tns,artykuly,362434,1.html
2015-05-04;http://www.newsweek.pl/;Świat,Niemcy,zapłacą,Grekom,za,zbrodnie,Prezydent,Niemiec,zasugerował,możliwość,wypłacenia,przez,Niemcy,odszkodowania,za,zbrodnie,popełnione,przez,nazistów,w,Grecji;1;http://swiat.newsweek.pl/niemcy-wyplaca-grecji-odszkodowania-za-zbrodnie-nazistow-,artykuly,362389,1.html
2015-05-04;http://www.newsweek.pl/;Matura,Nie,z,religii,SONDAŻ,Prawie,dwie,trzecie,Polaków,uważa,że,religii,nie,powinno,się,włączać,do,przedmiotów,które,można,zdawać,na,maturze,wynika,z,sondażu;1;http://polska.newsweek.pl/matura-z-religii-sondaz,artykuly,362414,1.html
2015-05-04;http://www.tvn24.pl/;Andrzej Duda chce nowej konstytucji.  Na miarÄ Konstytucji 3 maja;3;http://www.tvn24.pl/andrzej-duda-chce-nowej-konstytucji,538937,s.html
2015-05-04;http://www.tvn24.pl/;odtwÃ³rz: Andrzej Duda chce nowej konstytucji.  Na miarÄ Konstytucji 3 maja;3;http://www.tvn24.pl/andrzej-duda-chce-nowej-konstytucji,538937,s.html#autoplay
2015-05-04;http://www.tvn24.pl/;Wszystko, co chcielibyÅcie wiedzieÄo poglÄdach kandydatÃ³w na prezydenta;3;http://fakty.tvn24.pl/r/ankieta-jak-debata-czyli-wszystko-co-chcielibyscie-wiedziec-o-pogladach-kandydatow-na-prezydenta,538295.html
2015-05-04;http://www.tvn24.pl/;Odtwórz: Wszystko, co chcielibyÅcie wiedzieÄ   o poglÄdach kandydatÃ³w na prezydenta;3;http://fakty.tvn24.pl/r/ankieta-jak-debata-czyli-wszystko-co-chcielibyscie-wiedziec-o-pogladach-kandydatow-na-prezydenta,538295.html#autoplay
2015-05-04;http://www.tvn24.pl/;Andrzej Duda chce nowej konstytucji.  Na miarÄ Konstytucji 3 maja;2;http://www.tvn24.pl/andrzej-duda-chce-nowej-konstytucji-na-miare-konstytucji-3-maja,538937,s.html
2015-05-04;http://www.tvn24.pl/;Wszystko, co chcielibyÅcie wiedzieÄ   o poglÄdach kandydatÃ³w na prezydenta;2;http://fakty.tvn24.pl/r/wszystko-co-chcielibyscie-wiedziec-o-pogladach-kandydatow-na-prezydenta,538295.html
2015-05-04;http://www.tvn24.pl/;Andrzej Duda chce nowej konstytucji.  Na miarÄ Konstytucji 3 maja;1;http://www.tvn24.pl/andrzej-duda-chce-nowej-konstytucji,538937,s.html
2015-05-04;http://www.tvn24.pl/;odtwÃ³rz: Andrzej Duda chce nowej konstytucji.  Na miarÄ Konstytucji 3 maja;1;http://www.tvn24.pl/andrzej-duda-chce-nowej-konstytucji,538937,s.html#autoplay
2015-05-04;http://www.tvn24.pl/;Wszystko, co chcielibyÅcie wiedzieÄo poglÄdach kandydatÃ³w na prezydenta;1;http://fakty.tvn24.pl/r/ankieta-jak-debata-czyli-wszystko-co-chcielibyscie-wiedziec-o-pogladach-kandydatow-na-prezydenta,538295.html
2015-05-04;http://www.tvn24.pl/;Odtwórz: Wszystko, co chcielibyÅcie wiedzieÄ   o poglÄdach kandydatÃ³w na prezydenta;1;http://fakty.tvn24.pl/r/ankieta-jak-debata-czyli-wszystko-co-chcielibyscie-wiedziec-o-pogladach-kandydatow-na-prezydenta,538295.html#autoplay
2015-05-04;http://natemat.pl/;Mastalerek wychodzi ze studia TVP.  Nazwijcie TVP Info Komorowski Info;4;http://natemat.pl/141415,mastalerek-wychodzi-ze-studia-tvp-nazwijcie-tvp-info-komorowski-info
2015-05-04;http://natemat.pl/;Przemysław Wipler:Petru nie da wyborcom tego, co może dać Kukiz i Korwin;3;http://natemat.pl/141413,wipler-petru-nie-da-wyborcom-tego-co-moze-dac-kukiz-i-korwin
2015-05-04;http://natemat.pl/;Ogórek jak Hillary Clinton? Przekonuje, że kobiety nie rozumieją „hejtu”, który ją spotyka;3;http://natemat.pl/141407,ogorek-porownana-do-hillary-clinton-przekonuje-ze-kobiety-nie-rozumieja-hejtu-ktory-ja-spotyka
2015-05-04;http://natemat.pl/;Duda o nowej konstytucji: referendum pod każdym wnioskiem popartym przez milion Polaków;3;http://natemat.pl/141399,duda-o-nowej-konstytucji-obowiazkowe-referendum-pod-kazdym-wnioskiem-popartym-przez-milion-polakow
2015-05-04;http://natemat.pl/;Konstytucja według Korwina: Pobierający zasiłki od państwa bez prawa głosu w wyborach;3;http://natemat.pl/141393,pobierajacy-zasilki-od-panstwa-bez-prawa-do-udzialu-w-wyborach-janusz-korwin-mikke-oglasza-swoja-konstytucje
2015-05-04;http://natemat.pl/;Janusz Palikot ma nowy projekt konstytucji. Chce, by leniwi wyborcy tracili swoich posłów;3;http://natemat.pl/141367,janusz-palikot-ma-nowy-projekt-konstytucji-chce-by-leniwi-wyborcy-tracili-swoich-poslow
2015-05-04;http://natemat.pl/;Abp Gądecki o wyborach:  Rezygnacja z głosowania to grzech;2;http://natemat.pl/141395,abp-gadecki-o-wyborach-rezygnacja-z-glosowania-to-grzech
2015-05-04;http://natemat.pl/;Wygrana Jarubasa to dodatkowe 2 tys. zł w portfelu? Sprawdzamy zakłady bukmacherskie;2;http://natemat.pl/141405,wygrana-jarubasa-lub-palikota-to-dodatkowe-2-tys-zl-w-portfelu-sprawdzamy-zaklady-bukmacherskie
2015-05-04;http://natemat.pl/;Polacy na wyborach w Wielkiej Brytanii. Część chce oddać głosować przeciwko imigrantom;1;http://natemat.pl/141199,polacy-na-wyborach-w-wielkiej-brytanii-czesc-z-nich-chce-oddac-glos-na-partie-przeciwstawiajace-sie-imigrantom
2015-05-04;http://natemat.pl/;Jeśli Duda przegra, Kaczyński uruchomi gilotynę. W PiS boją się rozliczeń;1;http://natemat.pl/141369,jesli-duda-przegra-kaczynski-uruchomi-gilotyne-newsweek-w-pis-boja-sie-rozliczen
2015-05-04;http://natemat.pl/;Starsza Ogórek, JKM z „osiemdziesiątką” na karku – komu dodaje lat popularna aplikacja?;1;http://natemat.pl/141375,mlodszy-prezydent-komorowski-starsza-ogorek-i-jkm-z-osiemdziesiatka-na-karku-sprawdzamy-komu-dodaje-lat
2015-05-04;http://natemat.pl/;Tak wygląda użytkownik marihuany. Nietypowa kampania, która obala stereotypy;1;http://maciejkowalski.natemat.pl/141379,tak-wyglada-uzytkownik-marihuany
2015-05-04;http://natemat.pl/;Głosuję na Ogórek;1;http://przemyslawprekiel.natemat.pl/141353,glosuje-na-ogorek
2015-05-04;http://natemat.pl/;Prawica wyciąga  haka  na Korwin-Mikkego. Jest zdjęcie z jego kolacji z prorosyjskimi politykami;1;http://natemat.pl/141355,prawica-wyciaga-korwin-mikkemu-wizyte-w-damaszku-byl-na-kolacji-z-liderem-prorosyjskiej-zmiany
2015-05-04;http://natemat.pl/;Prezydent znów wzywa do  zgody nad podziałami .  Wrogowie zawsze korzystali na sporach;1;http://natemat.pl/141377,z-okazji-3-maja-komorowski-apeluje-o-zgode-nasi-wrogowie-zawsze-korzystali-na-naszych-sporach
2015-05-04;http://natemat.pl/;Duda prowadzi kampanię wyborczą w kościele. Jego sztab chwali się tym w internecie;1;http://natemat.pl/141315,andrzej-duda-prowadzi-kampanie-wyborcza-w-kosciele-a-jego-sztab-sam-chwali-sie-tym-w-internecie
2015-05-04;http://natemat.pl/;Andrzej Saramonowicz;1;http://andrzejsaramonowicz.natemat.pl/
2015-05-04;http://www.gazeta.pl;Ważna deklaracja Komorowskiego.  Jesli będzie II tura...;1;http://wiadomosci.gazeta.pl/wiadomosci/1,143907,17852139,Wybory_prezydenckie_2015__Komorowski__W_przypadku.html#BoxNewsLink
2015-05-04;http://www.gazeta.pl;Duda przemówił z ambony.  Wielu księży popiera PiS;1;http://wiadomosci.gazeta.pl/wiadomosci/1,143907,17852344,Duda_przemowil_z_ambony__Czarnecki_wprost__Spora_czesc.html#BoxNewsLink
2015-05-04;http://www.dziennik.pl;Uroczysty 3 Maja. Prezydent o wojnie i rosyjskich czołgach;3;http://wiadomosci.dziennik.pl/wydarzenia/galeria/489398,swieto-konstytucji-3-maja-prezydent-o-wojnie-ukrainie-i-rosyjskich-czolgach.html
2015-05-04;http://www.dziennik.pl;Korwin-Mikke napisał konstytucję. Komu zabierze prawo głosu?;2;http://wiadomosci.dziennik.pl/wybory-prezydenckie/artykuly/489394,korwin-mikke-napisal-nowa-konstytucje-komu-chce-zabrac-prawo-glosu.html
2015-05-04;http://www.dziennik.pl;Polacy z Donbasu apelują do prezydenta. Chcą obywatelstwa;2;http://wiadomosci.dziennik.pl/wydarzenia/artykuly/489365,polacy-z-donbasu-apeluja-do-prezydenta-o-polskie-obywatelstwo.html
2015-05-04;http://www.dziennik.pl;Piechociński pożegna się z Sejmem? Miller zostanie? SONDAŻ;2;http://wiadomosci.dziennik.pl/polityka/artykuly/489391,sondaz-dla-wiadomosci-tvp-po-i-pis-na-czele-psl-poza-sejmem.html
2015-05-04;http://www.dziennik.pl;PSL może pożegnać się z Sejmem. NOWY SONDAŻ;1;http://wiadomosci.dziennik.pl/polityka/artykuly/489391,sondaz-dla-wiadomosci-tvp-po-i-pis-na-czele-psl-poza-sejmem.html
2015-05-04;http://www.dziennik.pl;Komorowski: Polska ma szansę na kolejne 400 miliardów z UE;1;http://wiadomosci.dziennik.pl/polityka/artykuly/489327,prezydent-polska-ma-szanse-na-kolejne-400-miliardow-z-ue.html
2015-05-04;http://www.dziennik.pl;Cezary Grabarczyk nie jest już ministrem. Prezydent przyjął jego dymisję;1;http://wiadomosci.dziennik.pl/polityka/artykuly/489306,bronislaw-komorowski-przyjal-dymisje-cezarego-grabarczyka.html
2015-05-04;http://www.dziennik.pl;Cezary Grabarczyk wycofał się z komitetu wyborczego Bronisława Komorowskiego;1;http://wiadomosci.dziennik.pl/polityka/artykuly/489305,cezary-grabarczyk-juz-nie-jest-w-komitecie-wyborczym-bronislawa-komorowskiego.html
2015-05-04;http://wyborcza.pl/0,0.html?piano_d=1;Wybory 2015. Na ostatniej prostej faworyci tracą. Pewnie będzie II tura;3;http://wyborcza.pl/1,143644,17855236,Pewnie_bedzie_II_tura.html
2015-05-04;http://wyborcza.pl/0,0.html?piano_d=1;Komorowski na święto 3 maja - o zgodzie i moskiewskim placu pancernym;3;http://wyborcza.pl/1,75478,17855095,Prezydent_Komorowski_na_swieto_3_maja___o_polskiej.html
2015-05-04;http://wyborcza.pl/0,0.html?piano_d=1;TNS Polska: Platforma prowadzi, KORWiN wypycha z Sejmu PSL;3;http://wyborcza.pl/1,75478,17852117,TNS_Polska_dla__Wiadomosci___Platforma_prowadzi__KORWiN.html
2015-05-04;http://wyborcza.pl/0,0.html?piano_d=1;Piłsudski? To taki gość, który poparł Kukiza;3;http://wyborcza.pl/1,143644,17848044,Kukiza_poparl_Pilsudski.html
2015-05-04;http://wyborcza.pl/0,0.html?piano_d=1;Duda, Jarubas, Ogórek... Mogli się pokusić chociaż o II ligę;3;http://wyborcza.pl/1,143644,17848211,Uspiona_demokracja.html
2015-05-04;http://www.tvp.info/;Kandydaci chcą zmieniać konstytucję, prezydent jej broni. Tydzień do wyborów;2;http://www.tvp.info.pl/19911575/kandydaci-chca-zmieniac-konstytucje-prezydent-jej-broni-tydzien-do-wyborow
2015-05-04;http://www.tvp.info/;Komandosi arabscy desantowali się w Jemenie. Pomogą obronić bastion prezydenta?;2;http://www.tvp.info.pl/19911028/komandosi-arabscy-desantowali-sie-w-jemenie-pomoga-obronic-bastion-prezydenta
2015-05-04;http://www.tvp.info/;20 tys. zł wolne od podatku? Magdalena Ogórek gościem TVP1;2;http://www.tvp.info.pl/19910366/20-tys-zl-wolne-od-podatku-magdalena-ogorek-gosciem-tvp1
2015-05-04;http://www.wp.pl;Kukiz, Duda czy Komorowski. Jaką podjąć decyzję?;3;http://www.biztok.pl/gospodarka/zus-podatki-i-euro-czyli-gospodarka-oczami-kandydatow-na-prezydenta_s21095
2015-05-04;http://www.wprost.pl/;Rzecznik PiS wyszedł ze studia TVP.  To farsa ,  Komorowski Info;3;http://www.wprost.pl/ar/505103/Rzecznik-PiS-wyszedl-ze-studia-TVP-To-farsa-Komorowski-Info/
2015-05-04;http://www.wprost.pl/;Rzecznik PiS wyszedł ze studia TVP.  To farsa ,  Komorowski Info;2;http://www.wprost.pl/ar/505103/Rzecznik-PiS-wyszedl-ze-studia-TVP-To-farsa-Komorowski-Info/
2015-05-04;http://www.wprost.pl/;Korwin-Mikke chce odebrać prawo głosu pobierającym zasiłki;2;http://www.wprost.pl/ar/505102/Korwin-Mikke-chce-odebrac-prawo-glosu-pobierajacym-zasilki/
2015-05-04;http://www.wprost.pl/;Duda chce zmian w konstytucji. M.in. obowiązkowych referendów oraz ochrony lasów;2;http://www.wprost.pl/ar/505093/Duda-chce-zmian-w-konstytucji-Min-obowiazkowych-referendow-oraz-ochrony-lasow/
2015-05-04;http://www.wprost.pl/;Palikot chce nowej konstytucji. Bez Senatu, liczba posłów zależna od liczby głosujących;2;http://www.wprost.pl/ar/505092/Palikot-chce-nowej-konstytucji-Bez-Senatu-liczba-poslow-zalezna-od-liczby-glosujacych/
2015-05-04;http://www.wprost.pl/;Komorowski: Plac Czerwony zamieni się w Plac Pancerny;2;http://www.wprost.pl/ar/505091/Komorowski-Plac-Czerwony-zamieni-sie-w-Plac-Pancerny/
2015-05-04;http://www.wprost.pl/;Kaleta dla  Wprost : e-Prezydent? Nie tym razem;2;http://www.wprost.pl/ar/505075/Kaleta-dla-Wprost-e-Prezydent-Nie-tym-razem/
2015-05-04;http://www.wprost.pl/;Kaleta dla "Wprost": e-Prezydent? Nie tym razem;1;http://www.wprost.pl/ar/505075/Kaleta-dla-Wprost-e-Prezydent-Nie-tym-razem/
2015-05-04;http://www.onet.pl/;Zyskuje Paweł Kukiz, traci Bronisław Komorowski. Dlaczego?;2;http://wiadomosci.onet.pl/kraj/sondaz-dlaczego-zyskuje-kukiz-a-traci-komorowski/87e6p6
2015-05-04;http://www.onet.pl/;Wielka debata w TVP. Prezydent w innej stacji;2;http://wiadomosci.onet.pl/kraj/w-dniu-debaty-w-tvp1-komorowski-porozmawia-w-polsacie/gz4nz9
2015-05-04;http://www.newsweek.pl/;Wybory Miss, czyli korona za seks?;4;http://polska.newsweek.pl/wybory-miss-za-seks-co-robia-kandydatki-by-wygrac-newsweek,artykuly,362429,1.html
2015-05-04;http://www.newsweek.pl/;Słaby wynik Dudy? W PiS polecą głowy [WIDEO];3;http://polska.newsweek.pl/wybory-prezydenckie-andrzej-duda-kto-winny-slabego-wyniku,artykuly,362425,1.html
2015-05-04;http://www.newsweek.pl/;Miss zostaje się za seks [SONDAŻ];3;http://polska.newsweek.pl/najpiekniejsze-brudy-korona-miss-w-zamian-za-seks-sondaz-,artykuly,362437,1.html
2015-05-04;http://www.newsweek.pl/;Andrzej Duda chce dla Polski nowej konstytucji;2;http://polska.newsweek.pl/prezydent-2015-andrzej-duda-chce-dla-polski-nowej-konstytucji,artykuly,362449,1.html
2015-05-04;http://www.newsweek.pl/;Komorowski wciąż traci, Kukiz na fali. Co wynika z sondaży?;2;http://polska.newsweek.pl/poparcie-dla-kandydatow-co-wynika-z-sondazy-prezydenckich-,artykuly,362398,1.html
2015-05-04;http://www.newsweek.pl/;PO przed PiS. KORWiN w Sejmie. PSL poza;2;http://polska.newsweek.pl/sondaz-poparcia-dla-partii-po-ma-przewage-nad-pis-wyniki-tns,artykuly,362434,1.html
2015-05-04;http://www.newsweek.pl/;Świat,Niemcy,zapłacą,Grekom,za,zbrodnie,Prezydent,Niemiec,zasugerował,możliwość,wypłacenia,przez,Niemcy,odszkodowania,za,zbrodnie,popełnione,przez,nazistów,w,Grecji;1;http://swiat.newsweek.pl/niemcy-wyplaca-grecji-odszkodowania-za-zbrodnie-nazistow-,artykuly,362389,1.html
2015-05-04;http://www.newsweek.pl/;Matura,Nie,z,religii,SONDAŻ,Prawie,dwie,trzecie,Polaków,uważa,że,religii,nie,powinno,się,włączać,do,przedmiotów,które,można,zdawać,na,maturze,wynika,z,sondażu;1;http://polska.newsweek.pl/matura-z-religii-sondaz,artykuly,362414,1.html
2015-05-04;http://www.tvn24.pl/;Andrzej Duda chce nowej konstytucji.  Na miarÄ Konstytucji 3 maja;3;http://www.tvn24.pl/andrzej-duda-chce-nowej-konstytucji,538937,s.html
2015-05-04;http://www.tvn24.pl/;odtwÃ³rz: Andrzej Duda chce nowej konstytucji.  Na miarÄ Konstytucji 3 maja;3;http://www.tvn24.pl/andrzej-duda-chce-nowej-konstytucji,538937,s.html#autoplay
2015-05-04;http://www.tvn24.pl/;Wszystko, co chcielibyÅcie wiedzieÄo poglÄdach kandydatÃ³w na prezydenta;3;http://fakty.tvn24.pl/r/ankieta-jak-debata-czyli-wszystko-co-chcielibyscie-wiedziec-o-pogladach-kandydatow-na-prezydenta,538295.html
2015-05-04;http://www.tvn24.pl/;Odtwórz: Wszystko, co chcielibyÅcie wiedzieÄ   o poglÄdach kandydatÃ³w na prezydenta;3;http://fakty.tvn24.pl/r/ankieta-jak-debata-czyli-wszystko-co-chcielibyscie-wiedziec-o-pogladach-kandydatow-na-prezydenta,538295.html#autoplay
2015-05-04;http://www.tvn24.pl/;Andrzej Duda chce nowej konstytucji.  Na miarÄ Konstytucji 3 maja;2;http://www.tvn24.pl/andrzej-duda-chce-nowej-konstytucji-na-miare-konstytucji-3-maja,538937,s.html
2015-05-04;http://www.tvn24.pl/;Wszystko, co chcielibyÅcie wiedzieÄ   o poglÄdach kandydatÃ³w na prezydenta;2;http://fakty.tvn24.pl/r/wszystko-co-chcielibyscie-wiedziec-o-pogladach-kandydatow-na-prezydenta,538295.html
2015-05-04;http://www.tvn24.pl/;Andrzej Duda chce nowej konstytucji.  Na miarÄ Konstytucji 3 maja;1;http://www.tvn24.pl/andrzej-duda-chce-nowej-konstytucji,538937,s.html
2015-05-04;http://www.tvn24.pl/;odtwÃ³rz: Andrzej Duda chce nowej konstytucji.  Na miarÄ Konstytucji 3 maja;1;http://www.tvn24.pl/andrzej-duda-chce-nowej-konstytucji,538937,s.html#autoplay
2015-05-04;http://www.tvn24.pl/;Wszystko, co chcielibyÅcie wiedzieÄo poglÄdach kandydatÃ³w na prezydenta;1;http://fakty.tvn24.pl/r/ankieta-jak-debata-czyli-wszystko-co-chcielibyscie-wiedziec-o-pogladach-kandydatow-na-prezydenta,538295.html
2015-05-04;http://www.tvn24.pl/;Odtwórz: Wszystko, co chcielibyÅcie wiedzieÄ   o poglÄdach kandydatÃ³w na prezydenta;1;http://fakty.tvn24.pl/r/ankieta-jak-debata-czyli-wszystko-co-chcielibyscie-wiedziec-o-pogladach-kandydatow-na-prezydenta,538295.html#autoplay
2015-05-04;http://natemat.pl/;Mastalerek wychodzi ze studia TVP.  Nazwijcie TVP Info Komorowski Info;4;http://natemat.pl/141415,mastalerek-wychodzi-ze-studia-tvp-nazwijcie-tvp-info-komorowski-info
2015-05-04;http://natemat.pl/;Przemysław Wipler:Petru nie da wyborcom tego, co może dać Kukiz i Korwin;3;http://natemat.pl/141413,wipler-petru-nie-da-wyborcom-tego-co-moze-dac-kukiz-i-korwin
2015-05-04;http://natemat.pl/;Ogórek jak Hillary Clinton? Przekonuje, że kobiety nie rozumieją „hejtu”, który ją spotyka;3;http://natemat.pl/141407,ogorek-porownana-do-hillary-clinton-przekonuje-ze-kobiety-nie-rozumieja-hejtu-ktory-ja-spotyka
2015-05-04;http://natemat.pl/;Duda o nowej konstytucji: referendum pod każdym wnioskiem popartym przez milion Polaków;3;http://natemat.pl/141399,duda-o-nowej-konstytucji-obowiazkowe-referendum-pod-kazdym-wnioskiem-popartym-przez-milion-polakow
2015-05-04;http://natemat.pl/;Konstytucja według Korwina: Pobierający zasiłki od państwa bez prawa głosu w wyborach;3;http://natemat.pl/141393,pobierajacy-zasilki-od-panstwa-bez-prawa-do-udzialu-w-wyborach-janusz-korwin-mikke-oglasza-swoja-konstytucje
2015-05-04;http://natemat.pl/;Janusz Palikot ma nowy projekt konstytucji. Chce, by leniwi wyborcy tracili swoich posłów;3;http://natemat.pl/141367,janusz-palikot-ma-nowy-projekt-konstytucji-chce-by-leniwi-wyborcy-tracili-swoich-poslow
2015-05-04;http://natemat.pl/;Abp Gądecki o wyborach:  Rezygnacja z głosowania to grzech;2;http://natemat.pl/141395,abp-gadecki-o-wyborach-rezygnacja-z-glosowania-to-grzech
2015-05-04;http://natemat.pl/;Wygrana Jarubasa to dodatkowe 2 tys. zł w portfelu? Sprawdzamy zakłady bukmacherskie;2;http://natemat.pl/141405,wygrana-jarubasa-lub-palikota-to-dodatkowe-2-tys-zl-w-portfelu-sprawdzamy-zaklady-bukmacherskie
2015-05-04;http://natemat.pl/;Polacy na wyborach w Wielkiej Brytanii. Część chce oddać głosować przeciwko imigrantom;1;http://natemat.pl/141199,polacy-na-wyborach-w-wielkiej-brytanii-czesc-z-nich-chce-oddac-glos-na-partie-przeciwstawiajace-sie-imigrantom
2015-05-04;http://natemat.pl/;Jeśli Duda przegra, Kaczyński uruchomi gilotynę. W PiS boją się rozliczeń;1;http://natemat.pl/141369,jesli-duda-przegra-kaczynski-uruchomi-gilotyne-newsweek-w-pis-boja-sie-rozliczen
2015-05-04;http://natemat.pl/;Starsza Ogórek, JKM z „osiemdziesiątką” na karku – komu dodaje lat popularna aplikacja?;1;http://natemat.pl/141375,mlodszy-prezydent-komorowski-starsza-ogorek-i-jkm-z-osiemdziesiatka-na-karku-sprawdzamy-komu-dodaje-lat
2015-05-04;http://natemat.pl/;Tak wygląda użytkownik marihuany. Nietypowa kampania, która obala stereotypy;1;http://maciejkowalski.natemat.pl/141379,tak-wyglada-uzytkownik-marihuany
2015-05-04;http://natemat.pl/;Głosuję na Ogórek;1;http://przemyslawprekiel.natemat.pl/141353,glosuje-na-ogorek
2015-05-04;http://natemat.pl/;Prawica wyciąga  haka  na Korwin-Mikkego. Jest zdjęcie z jego kolacji z prorosyjskimi politykami;1;http://natemat.pl/141355,prawica-wyciaga-korwin-mikkemu-wizyte-w-damaszku-byl-na-kolacji-z-liderem-prorosyjskiej-zmiany
2015-05-04;http://natemat.pl/;Prezydent znów wzywa do  zgody nad podziałami .  Wrogowie zawsze korzystali na sporach;1;http://natemat.pl/141377,z-okazji-3-maja-komorowski-apeluje-o-zgode-nasi-wrogowie-zawsze-korzystali-na-naszych-sporach
2015-05-04;http://natemat.pl/;Duda prowadzi kampanię wyborczą w kościele. Jego sztab chwali się tym w internecie;1;http://natemat.pl/141315,andrzej-duda-prowadzi-kampanie-wyborcza-w-kosciele-a-jego-sztab-sam-chwali-sie-tym-w-internecie
2015-05-04;http://natemat.pl/;Andrzej Saramonowicz;1;http://andrzejsaramonowicz.natemat.pl/
2015-05-04;http://www.gazeta.pl;Ważna deklaracja Komorowskiego.  Jesli będzie II tura...;1;http://wiadomosci.gazeta.pl/wiadomosci/1,143907,17852139,Wybory_prezydenckie_2015__Komorowski__W_przypadku.html#BoxNewsLink
2015-05-04;http://www.gazeta.pl;Duda przemówił z ambony.  Wielu księży popiera PiS;1;http://wiadomosci.gazeta.pl/wiadomosci/1,143907,17852344,Duda_przemowil_z_ambony__Czarnecki_wprost__Spora_czesc.html#BoxNewsLink
2015-05-04;http://www.dziennik.pl;Uroczysty 3 Maja. Prezydent o wojnie i rosyjskich czołgach;3;http://wiadomosci.dziennik.pl/wydarzenia/galeria/489398,swieto-konstytucji-3-maja-prezydent-o-wojnie-ukrainie-i-rosyjskich-czolgach.html
2015-05-04;http://www.dziennik.pl;Korwin-Mikke napisał konstytucję. Komu zabierze prawo głosu?;2;http://wiadomosci.dziennik.pl/wybory-prezydenckie/artykuly/489394,korwin-mikke-napisal-nowa-konstytucje-komu-chce-zabrac-prawo-glosu.html
2015-05-04;http://www.dziennik.pl;Polacy z Donbasu apelują do prezydenta. Chcą obywatelstwa;2;http://wiadomosci.dziennik.pl/wydarzenia/artykuly/489365,polacy-z-donbasu-apeluja-do-prezydenta-o-polskie-obywatelstwo.html
2015-05-04;http://www.dziennik.pl;Piechociński pożegna się z Sejmem? Miller zostanie? SONDAŻ;2;http://wiadomosci.dziennik.pl/polityka/artykuly/489391,sondaz-dla-wiadomosci-tvp-po-i-pis-na-czele-psl-poza-sejmem.html
2015-05-04;http://www.dziennik.pl;PSL może pożegnać się z Sejmem. NOWY SONDAŻ;1;http://wiadomosci.dziennik.pl/polityka/artykuly/489391,sondaz-dla-wiadomosci-tvp-po-i-pis-na-czele-psl-poza-sejmem.html
2015-05-04;http://www.dziennik.pl;Komorowski: Polska ma szansę na kolejne 400 miliardów z UE;1;http://wiadomosci.dziennik.pl/polityka/artykuly/489327,prezydent-polska-ma-szanse-na-kolejne-400-miliardow-z-ue.html
2015-05-04;http://www.dziennik.pl;Cezary Grabarczyk nie jest już ministrem. Prezydent przyjął jego dymisję;1;http://wiadomosci.dziennik.pl/polityka/artykuly/489306,bronislaw-komorowski-przyjal-dymisje-cezarego-grabarczyka.html
2015-05-04;http://www.dziennik.pl;Cezary Grabarczyk wycofał się z komitetu wyborczego Bronisława Komorowskiego;1;http://wiadomosci.dziennik.pl/polityka/artykuly/489305,cezary-grabarczyk-juz-nie-jest-w-komitecie-wyborczym-bronislawa-komorowskiego.html
2015-05-04;http://wyborcza.pl/0,0.html?piano_d=1;Wybory 2015. Na ostatniej prostej faworyci tracą. Pewnie będzie II tura;3;http://wyborcza.pl/1,143644,17855236,Pewnie_bedzie_II_tura.html
2015-05-04;http://wyborcza.pl/0,0.html?piano_d=1;Komorowski na święto 3 maja - o zgodzie i moskiewskim placu pancernym;3;http://wyborcza.pl/1,75478,17855095,Prezydent_Komorowski_na_swieto_3_maja___o_polskiej.html
2015-05-04;http://wyborcza.pl/0,0.html?piano_d=1;TNS Polska: Platforma prowadzi, KORWiN wypycha z Sejmu PSL;3;http://wyborcza.pl/1,75478,17852117,TNS_Polska_dla__Wiadomosci___Platforma_prowadzi__KORWiN.html
2015-05-04;http://wyborcza.pl/0,0.html?piano_d=1;Prezydent Komorowski na święto 3 maja - o polskiej zgodzie i moskiewskim placu pancernym;2;http://wyborcza.pl/1,75478,17855095,Prezydent_Komorowski_na_swieto_3_maja___o_polskiej.html
2015-05-04;http://wyborcza.pl/0,0.html?piano_d=1;Piłsudski? To taki gość, który poparł Kukiza;3;http://wyborcza.pl/1,143644,17848044,Kukiza_poparl_Pilsudski.html
2015-05-04;http://wyborcza.pl/0,0.html?piano_d=1;Duda, Jarubas, Ogórek... Mogli się pokusić chociaż o II ligę;3;http://wyborcza.pl/1,143644,17848211,Uspiona_demokracja.html
2015-05-04;http://www.tvp.info/;Tylko u nas   W „Bez retuszu” o finiszu kampanii. „Nikt się ze sobą nie ściera, każdy sobie rzepkę skrobie”;2;http://www.tvp.info.pl/19917329/w-bez-retuszu-o-finiszu-kampanii-nikt-sie-ze-soba-nie-sciera-kazdy-sobie-rzepke-skrobie
2015-05-04;http://www.wp.pl;Ostatnia prosta przed wyborami. Co wyciągną kandydaci?;4;http://wiadomosci.wp.pl/kat,1329,title,Ostatnia-prosta-przed-wyborami-Jakie-armaty-wytocza-kandydaci-Ogladaj-dziejesienazywo,wid,17501467,wiadomosc.html
2015-05-04;http://www.wp.pl;Ostatnia prosta przed wyborami. Co wyciągną kandydaci?;4;http://wiadomosci.wp.pl/kat,1329,title,,wid,17501467,wiadomosc.html
2015-05-04;http://www.wp.pl;Kukiz, Duda czy Komorowski. Jaką podjąć decyzję?;3;http://www.biztok.pl/gospodarka/zus-podatki-i-euro-czyli-gospodarka-oczami-kandydatow-na-prezydenta_s21095
2015-05-04;http://www.wprost.pl/;Wróblewski: Prezydent ostatniego wyboru;4;http://www.wprost.pl/blogi/tomasz_wroblewski/?B=3561
2015-05-04;http://www.wprost.pl/;Rzecznik PiS wyszedł ze studia TVP.  To farsa ,  Komorowski Info;2;http://www.wprost.pl/ar/505103/Rzecznik-PiS-wyszedl-ze-studia-TVP-To-farsa-Komorowski-Info/
2015-05-04;http://www.wprost.pl/;Korwin-Mikke chce odebrać prawo głosu pobierającym zasiłki;2;http://www.wprost.pl/ar/505102/Korwin-Mikke-chce-odebrac-prawo-glosu-pobierajacym-zasilki/
2015-05-04;http://www.wprost.pl/;Kaleta dla "Wprost": e-Prezydent? Nie tym razem;1;http://www.wprost.pl/ar/505075/Kaleta-dla-Wprost-e-Prezydent-Nie-tym-razem/
2015-05-04;http://www.onet.pl/;Wybory: Finisz kampanii. Szykuje się ostre starcie;2;http://wiadomosci.onet.pl/kraj/kaczynski-duda-bedzie-blisko-komorowskiego-w-drugiej-turze-sprawa-bedzie-otwarta/73rcfw
2015-05-04;http://www.newsweek.pl/;Wybory Miss, czyli korona za seks?;4;http://polska.newsweek.pl/wybory-miss-za-seks-co-robia-kandydatki-by-wygrac-newsweek,artykuly,362429,1.html
2015-05-04;http://www.newsweek.pl/;Słaby wynik Dudy? W PiS polecą głowy [WIDEO];3;http://polska.newsweek.pl/wybory-prezydenckie-andrzej-duda-kto-winny-slabego-wyniku,artykuly,362425,1.html
2015-05-04;http://www.newsweek.pl/;Andrzej Duda chce dla Polski nowej konstytucji;2;http://polska.newsweek.pl/prezydent-2015-andrzej-duda-chce-dla-polski-nowej-konstytucji,artykuly,362449,1.html
2015-05-04;http://www.newsweek.pl/;Komorowski wciąż traci, Kukiz na fali. Co wynika z sondaży?;2;http://polska.newsweek.pl/poparcie-dla-kandydatow-co-wynika-z-sondazy-prezydenckich-,artykuly,362398,1.html
2015-05-04;http://www.newsweek.pl/;PO przed PiS. KORWiN w Sejmie. PSL poza;2;http://polska.newsweek.pl/sondaz-poparcia-dla-partii-po-ma-przewage-nad-pis-wyniki-tns,artykuly,362434,1.html
2015-05-04;http://www.newsweek.pl/;Świat,Niemcy,zapłacą,Grekom,za,zbrodnie,Prezydent,Niemiec,zasugerował,możliwość,wypłacenia,przez,Niemcy,odszkodowania,za,zbrodnie,popełnione,przez,nazistów,w,Grecji;1;http://swiat.newsweek.pl/niemcy-wyplaca-grecji-odszkodowania-za-zbrodnie-nazistow-,artykuly,362389,1.html
2015-05-04;http://www.newsweek.pl/;Puchar,Polski,dla,Legii,Warszawa,Piłkarze,Legii,Warszawa,po,raz,siedemnasty,w,historii,zdobyli,Puchar,Polski,W,finałowym,meczu,pokonali,Lech,Poznań,2,1;1;http://sport.newsweek.pl/puchar-polski-dla-legii-lech-legia-1-2,artykuly,362423,1.html
2015-05-04;http://www.tvn24.pl/;WkrÃ³tce rozstrzelajÄ obcokrajowcÃ³w?  Apelujemy do prezydenta, by okazaÅ ÅaskÄ;3;/wiadomosci-ze-swiata,2/wkrotce-rozstrzelaja-obcokrajowcow-apelujemy-do-prezydenta-by-okazal-laske,536296.html
2015-05-04;http://www.tvn24.pl/;Wszystko, co chcielibyÅcie wiedzieÄo poglÄdach kandydatÃ³w na prezydenta;3;http://fakty.tvn24.pl/r/ankieta-jak-debata-czyli-wszystko-co-chcielibyscie-wiedziec-o-pogladach-kandydatow-na-prezydenta,538295.html
2015-05-04;http://www.tvn24.pl/;Odtwórz: Wszystko, co chcielibyÅcie wiedzieÄ   o poglÄdach kandydatÃ³w na prezydenta;3;http://fakty.tvn24.pl/r/ankieta-jak-debata-czyli-wszystko-co-chcielibyscie-wiedziec-o-pogladach-kandydatow-na-prezydenta,538295.html#autoplay
2015-05-04;http://www.tvn24.pl/;Wszystko, co chcielibyÅcie wiedzieÄ   o poglÄdach kandydatÃ³w na prezydenta;2;http://fakty.tvn24.pl/r/wszystko-co-chcielibyscie-wiedziec-o-pogladach-kandydatow-na-prezydenta,538295.html
2015-05-04;http://www.tvn24.pl/;Kampania na Wyspach, strzelanina w USA i gorÄca linia NATO-Rosja;2;http://tvn24bis.pl/redirect/kampania-na-wyspach-strzelanina-w-usa-i-goraca-linia-nato-rosja,539008.html
2015-05-04;http://www.tvn24.pl/;WkrÃ³tce rozstrzelajÄ obcokrajowcÃ³w?  Apelujemy do prezydenta, by okazaÅ ÅaskÄ;1;http://www.tvn24.pl/wiadomosci-ze-swiata,2/wkrotce-rozstrzelaja-obcokrajowcow-apelujemy-do-prezydenta-by-okazal-laske,536296.html
2015-05-04;http://www.tvn24.pl/;Wszystko, co chcielibyÅcie wiedzieÄo poglÄdach kandydatÃ³w na prezydenta;1;http://fakty.tvn24.pl/r/ankieta-jak-debata-czyli-wszystko-co-chcielibyscie-wiedziec-o-pogladach-kandydatow-na-prezydenta,538295.html
2015-05-04;http://www.tvn24.pl/;Odtwórz: Wszystko, co chcielibyÅcie wiedzieÄ   o poglÄdach kandydatÃ³w na prezydenta;1;http://fakty.tvn24.pl/r/ankieta-jak-debata-czyli-wszystko-co-chcielibyscie-wiedziec-o-pogladach-kandydatow-na-prezydenta,538295.html#autoplay
2015-05-04;http://natemat.pl/;Pierwszy taki wywiad Ogórek. Przyznaje, że do tej pory była za grzeczna i atakuje Komorowskiego;3;http://natemat.pl/141437,magdalena-ogorek-przyznala-ze-byla-za-grzeczna-i-krytykuje-komorowskiego-calkowicie-zniszczyl-stosunki-polsko-rosyjskie
2015-05-04;http://natemat.pl/;Szefowa sztabu Dudy obwinia Balcerowicza za  dzisiejsze problemy;3;http://natemat.pl/141435,pis-jak-sld-szefowa-sztabu-dudy-beata-szydlo-obwinia-leszka-balcerowicza-za-dzisiejsze-problemy-polski
2015-05-04;http://natemat.pl/;Mastalerek wychodzi ze studia TVP.  Nazwijcie stację Komorowski Info;3;http://natemat.pl/141415,mastalerek-wychodzi-ze-studia-tvp-nazwijcie-tvp-info-komorowski-info
2015-05-04;http://natemat.pl/;Wipler: Petru nie da wyborcom tego, co może dać Kukiz i Korwin;1;http://natemat.pl/141413,wipler-petru-nie-da-wyborcom-tego-co-moze-dac-kukiz-i-korwin
2015-05-04;http://natemat.pl/;Ogórek jak Clinton? Przekonuje, że kobiety nie rozumieją „hejtu”;1;http://natemat.pl/141407,ogorek-porownana-do-hillary-clinton-przekonuje-ze-kobiety-nie-rozumieja-hejtu-ktory-ja-spotyka
2015-05-04;http://natemat.pl/;Abp Stanisław Gądecki o wyborach:  Rezygnacja z głosowania to grzech;1;http://natemat.pl/141395,abp-gadecki-o-wyborach-rezygnacja-z-glosowania-to-grzech
2015-05-04;http://natemat.pl/;Duda o nowej konstytucji: referendum pod każdym wnioskiem popartym przez milion Polaków;1;http://natemat.pl/141399,duda-o-nowej-konstytucji-obowiazkowe-referendum-pod-kazdym-wnioskiem-popartym-przez-milion-polakow
2015-05-04;http://natemat.pl/;Konstytucja według Korwina: Pobierający zasiłki od państwa bez prawa głosu w wyborach;1;http://natemat.pl/141393,pobierajacy-zasilki-od-panstwa-bez-prawa-do-udzialu-w-wyborach-janusz-korwin-mikke-oglasza-swoja-konstytucje
2015-05-04;http://natemat.pl/;Janusz Palikot ma nowy projekt konstytucji. Chce, by leniwi wyborcy tracili swoich posłów;1;http://natemat.pl/141367,janusz-palikot-ma-nowy-projekt-konstytucji-chce-by-leniwi-wyborcy-tracili-swoich-poslow
2015-05-04;http://natemat.pl/;Polacy na wyborach w Wielkiej Brytanii. Część chce oddać głosować przeciwko imigrantom;1;http://natemat.pl/141199,polacy-na-wyborach-w-wielkiej-brytanii-czesc-z-nich-chce-oddac-glos-na-partie-przeciwstawiajace-sie-imigrantom
2015-05-04;http://natemat.pl/;Wygrana Jarubasa to dodatkowe 2 tys. zł w portfelu? Sprawdzamy zakłady bukmacherskie;1;http://natemat.pl/141405,wygrana-jarubasa-lub-palikota-to-dodatkowe-2-tys-zl-w-portfelu-sprawdzamy-zaklady-bukmacherskie
2015-05-04;http://natemat.pl/;Starsza Ogórek, JKM z „osiemdziesiątką” na karku – komu dodaje lat popularna aplikacja?;1;http://natemat.pl/141375,mlodszy-prezydent-komorowski-starsza-ogorek-i-jkm-z-osiemdziesiatka-na-karku-sprawdzamy-komu-dodaje-lat
2015-05-04;http://natemat.pl/;Jeśli Duda przegra, Kaczyński uruchomi gilotynę. W PiS boją się rozliczeń;1;http://natemat.pl/141369,jesli-duda-przegra-kaczynski-uruchomi-gilotyne-newsweek-w-pis-boja-sie-rozliczen
2015-05-04;http://natemat.pl/;Głosuję na Ogórek;1;http://przemyslawprekiel.natemat.pl/141353,glosuje-na-ogorek
2015-05-04;http://natemat.pl/;Tak wygląda użytkownik marihuany. Nietypowa kampania obala stereotypy;1;http://maciejkowalski.natemat.pl/141379,tak-wyglada-uzytkownik-marihuany
2015-05-04;http://www.gazeta.pl;Ktoś, kto nie chce małżeństwa, może założyć spółkę cywilną . Kandydaci o związkach partnerskich;4;http://wiadomosci.gazeta.pl/wiadomosci/1,144685,17840793,Co_z_legalizacja_zwiazkow_partnerskich_.html#MT
2015-05-04;http://www.gazeta.pl;Kaczyński dla  wSieci . Co jeśli Duda nie wygra?  Już dziś ma wybitne miejsce...;3;http://wiadomosci.gazeta.pl/wiadomosci/1,143907,17855932,Kaczynski_dla__wSieci___Co_jesli_Duda_nie_wygra___Juz.html#Czolka3Img
2015-05-04;http://www.gazeta.pl;Ważna deklaracja Komorowskiego.  Jesli będzie II tura...;1;http://wiadomosci.gazeta.pl/wiadomosci/1,143907,17852139,Wybory_prezydenckie_2015__Komorowski__W_przypadku.html#BoxNewsLink
2015-05-04;http://www.dziennik.pl;Kukiz: Chce pan  programu  z menu Okrągłego Stolca?;2;http://wiadomosci.dziennik.pl/wybory-prezydenckie/artykuly/489431,wybory-prezydenckie-2015-pawel-kukiz-o.html
2015-05-04;http://www.dziennik.pl;Piechociński pożegna się z Sejmem? Miller zostanie? SONDAŻ;2;http://wiadomosci.dziennik.pl/polityka/artykuly/489391,sondaz-dla-wiadomosci-tvp-po-i-pis-na-czele-psl-poza-sejmem.html
2015-05-04;http://www.dziennik.pl;Korwin-Mikke napisał konstytucję. Komu zabierze prawo głosu?;2;http://wiadomosci.dziennik.pl/wybory-prezydenckie/artykuly/489394,korwin-mikke-napisal-nowa-konstytucje-komu-chce-zabrac-prawo-glosu.html
2015-05-04;http://www.dziennik.pl;PSL może pożegnać się z Sejmem. NOWY SONDAŻ;1;http://wiadomosci.dziennik.pl/polityka/artykuly/489391,sondaz-dla-wiadomosci-tvp-po-i-pis-na-czele-psl-poza-sejmem.html
2015-05-04;http://www.dziennik.pl;Komorowski: Polska ma szansę na kolejne 400 miliardów z UE;1;http://wiadomosci.dziennik.pl/polityka/artykuly/489327,prezydent-polska-ma-szanse-na-kolejne-400-miliardow-z-ue.html
2015-05-04;http://www.dziennik.pl;Cezary Grabarczyk nie jest już ministrem. Prezydent przyjął jego dymisję;1;http://wiadomosci.dziennik.pl/polityka/artykuly/489306,bronislaw-komorowski-przyjal-dymisje-cezarego-grabarczyka.html
2015-05-04;http://www.dziennik.pl;Cezary Grabarczyk wycofał się z komitetu wyborczego Bronisława Komorowskiego;1;http://wiadomosci.dziennik.pl/polityka/artykuly/489305,cezary-grabarczyk-juz-nie-jest-w-komitecie-wyborczym-bronislawa-komorowskiego.html
2015-05-04;http://wyborcza.pl/0,0.html?piano_d=1;Wybory 2015. Na ostatniej prostej faworyci tracą. Pewnie będzie II tura;3;http://wyborcza.pl/1,143644,17855236,Pewnie_bedzie_II_tura.html
2015-05-04;http://wyborcza.pl/0,0.html?piano_d=1;Kalendarz wyborczy - wybory prezydenckie 2015;2;http://wyborcza.pl/1,75478,17835080,Kalendarz_wyborczy___wybory_prezydenckie_2015.html
2015-05-04;http://wyborcza.pl/0,0.html?piano_d=1;Piłsudski? To taki gość, który poparł Kukiza;3;http://wyborcza.pl/1,143644,17848044,Kukiza_poparl_Pilsudski.html
2015-05-04;http://wyborcza.pl/0,0.html?piano_d=1;Duda, Jarubas, Ogórek... Mogli się pokusić chociaż o II ligę;3;http://wyborcza.pl/1,143644,17848211,Uspiona_demokracja.html
2015-05-04;http://www.tvp.info/;Tylko u nas                     Magdalena Ogórek: wszyscy kandydaci podejmują moje postulaty. Troszkę ściągają;3;http://www.tvp.info/19917632/ogorek-wszyscy-kandydaci-podejmuja-moje-postulaty-troszke-sciagaja
2015-05-04;http://www.wp.pl;Puste obietnice Bronisława Komorowskiego? Sprawdziliśmy, co prezydent zrobił przez 5 lat;4;http://www.money.pl/gospodarka/wiadomosci/artykul/obietnice-wyborcze-bronislawa-komorowskiego,52,0,1783348.html
2015-05-04;http://www.wp.pl;Andrzej Duda w liście do wyborców: będę prezydentem dialogu;1;/kat,140394,title,Andrzej-Duda-w-liscie-do-wyborcow-bede-prezydentem-dialogu,wid,17507377,wiadomosc.html
2015-05-04;http://www.wp.pl;Kukiz będzie walczył z Ogórek o trzecie miejsce;1;/kat,140394,title,Kukiz-bedzie-walczyl-z-Ogorek-o-trzecie-miejsce,wid,17507349,wiadomosc.html
2015-05-04;http://www.wp.pl;Marcin Mastalerek: To mogą być dwa tygodnie, które wstrząsną polityką;1;/kat,140394,title,Marcin-Mastalerek-To-moga-byc-dwa-tygodnie-ktore-wstrzasna-polityka,wid,17506785,wiadomosc.html
2015-05-04;http://www.wprost.pl/;Wróblewski: Prezydent ostatniego wyboru;4;http://www.wprost.pl/blogi/tomasz_wroblewski/?B=3561
2015-05-04;http://www.wprost.pl/;Komorowski: Nie zmuszajcie mnie do uczestniczenia w płytkich awanturach;2;http://www.wprost.pl/ar/505151/Komorowski-Nie-zmuszajcie-mnie-do-uczestniczenia-w-plytkich-awanturach/
2015-05-04;http://www.wprost.pl/;Rzecznik PiS wyszedł ze studia TVP.  To farsa ,  Komorowski Info;2;http://www.wprost.pl/ar/505103/Rzecznik-PiS-wyszedl-ze-studia-TVP-To-farsa-Komorowski-Info/
2015-05-04;http://www.wprost.pl/;Kaleta dla "Wprost": e-Prezydent? Nie tym razem;1;http://www.wprost.pl/ar/505075/Kaleta-dla-Wprost-e-Prezydent-Nie-tym-razem/
2015-05-04;http://www.onet.pl/;  Monika Olejnik kpi na Facebooku z Magdaleny Ogórek ;3;http://wiadomosci.onet.pl/kraj/monika-olejnik-kpi-na-facebooku-z-magdaleny-ogorek/g7knk3
2015-05-04;http://www.onet.pl/;Matthew Tyrmand popiera Pawła Kukiza;2;http://wiadomosci.onet.pl/kraj/matthew-tyrmand-popiera-pawla-kukiza/f5tn7e
2015-05-04;http://www.onet.pl/;Prezydent Komorowski chwali się swoim sukcesem;2;http://wiadomosci.onet.pl/kraj/komorowski-w-drugiej-kadencji-rozbuduje-to-co-robilem-w-pierwszej/twcqh9
2015-05-04;http://www.newsweek.pl/;Wyborcy Kukiza i Korwin-Mikkego wiedzą, że to  oszołomy;4;http://opinie.newsweek.pl/pawel-kukiz-janusz-korwin-mikke-wybory-2015-wyborcy,artykuly,362467,1.html
2015-05-04;http://www.newsweek.pl/;Wybory Miss, czyli korona za seks?;4;http://polska.newsweek.pl/wybory-miss-za-seks-co-robia-kandydatki-by-wygrac-newsweek,artykuly,362429,1.html
2015-05-04;http://www.newsweek.pl/;Słaby wynik Dudy? W PiS polecą głowy [WIDEO];3;http://polska.newsweek.pl/wybory-prezydenckie-andrzej-duda-kto-winny-slabego-wyniku,artykuly,362425,1.html
2015-05-04;http://www.newsweek.pl/;Miss zostaje się za seks [SONDAŻ];2;http://polska.newsweek.pl/najpiekniejsze-brudy-korona-miss-w-zamian-za-seks-sondaz-,artykuly,362437,1.html
2015-05-04;http://www.newsweek.pl/;Komorowski wciąż traci, Kukiz na fali. Co wynika z sondaży?;2;http://polska.newsweek.pl/poparcie-dla-kandydatow-co-wynika-z-sondazy-prezydenckich-,artykuly,362398,1.html
2015-05-04;http://www.newsweek.pl/;Świat,Niemcy,zapłacą,Grekom,za,zbrodnie,Prezydent,Niemiec,zasugerował,możliwość,wypłacenia,przez,Niemcy,odszkodowania,za,zbrodnie,popełnione,przez,nazistów,w,Grecji;1;http://swiat.newsweek.pl/niemcy-wyplaca-grecji-odszkodowania-za-zbrodnie-nazistow-,artykuly,362389,1.html
2015-05-04;http://www.newsweek.pl/;Polacy,chcą,dodatkowego,podatku,dla,najbogatszych,Większość,Polaków,jest,za,wprowadzeniem,dodatkowej,stawki,podatkowej,dla,najbogatszych,pokazał,sondaż,IQS,dla,Newsweeka;1;http://biznes.newsweek.pl/wysokosc-podatkow-w-polsce-wyzsze-podatki-dla-najbogatszych,artykuly,362455,1.html
2015-05-04;http://www.newsweek.pl/;Ile,zarabiamy,Kolejny,rekord,średniej,krajowej,Ale,co,z,tego,Przeciętne,wynagrodzenie,w,lutym,2015,roku,wyniosło,4214,zł,brutto,czyli,3003,zł,na,rękę,Czy,jednak,na,pewno,przeciętne,Kto,może,liczyć,na,taką,pensję;1;http://biznes.newsweek.pl/srednia-krajowa-w-lutym-2015-w-polsce-pensje-polakow,artykuly,362474,1.html
2015-05-04;http://www.newsweek.pl/;PO,przed,PiS,KORWiN,w,Sejmie,PSL,poza,Gdyby,wybory,odbywały,się,dziś,zwyciężyłaby,PO,z,34,proc,poparciem,PiS,wraz,z,koalicjantami,mógłby,liczyć,na,27,proc,W,Sejmie,po,raz,pierwszy,w,historii,III,RP,zabrakłoby;1;http://polska.newsweek.pl/sondaz-poparcia-dla-partii-po-ma-przewage-nad-pis-wyniki-tns,artykuly,362434,1.html
2015-05-04;http://www.tvn24.pl/;WkrÃ³tce rozstrzelajÄ obcokrajowcÃ³w?  Apelujemy do prezydenta, by okazaÅ ÅaskÄ;3;/wiadomosci-ze-swiata,2/wkrotce-rozstrzelaja-obcokrajowcow-apelujemy-do-prezydenta-by-okazal-laske,536296.html
2015-05-04;http://www.tvn24.pl/;Wszystko, co chcielibyÅcie wiedzieÄo poglÄdach kandydatÃ³w na prezydenta;3;http://fakty.tvn24.pl/r/ankieta-jak-debata-czyli-wszystko-co-chcielibyscie-wiedziec-o-pogladach-kandydatow-na-prezydenta,538295.html
2015-05-04;http://www.tvn24.pl/;Odtwórz: Wszystko, co chcielibyÅcie wiedzieÄ   o poglÄdach kandydatÃ³w na prezydenta;3;http://fakty.tvn24.pl/r/ankieta-jak-debata-czyli-wszystko-co-chcielibyscie-wiedziec-o-pogladach-kandydatow-na-prezydenta,538295.html#autoplay
2015-05-04;http://www.tvn24.pl/;Wszystko, co chcielibyÅcie wiedzieÄ   o poglÄdach kandydatÃ³w na prezydenta;2;http://fakty.tvn24.pl/r/wszystko-co-chcielibyscie-wiedziec-o-pogladach-kandydatow-na-prezydenta,538295.html
2015-05-04;http://www.tvn24.pl/;Kampania na Wyspach, strzelanina w USA i gorÄca linia NATO-Rosja;2;http://tvn24bis.pl/redirect/kampania-na-wyspach-strzelanina-w-usa-i-goraca-linia-nato-rosja,539008.html
2015-05-04;http://www.tvn24.pl/;WkrÃ³tce rozstrzelajÄ obcokrajowcÃ³w?  Apelujemy do prezydenta, by okazaÅ ÅaskÄ;1;http://www.tvn24.pl/wiadomosci-ze-swiata,2/wkrotce-rozstrzelaja-obcokrajowcow-apelujemy-do-prezydenta-by-okazal-laske,536296.html
2015-05-04;http://www.tvn24.pl/;Wszystko, co chcielibyÅcie wiedzieÄo poglÄdach kandydatÃ³w na prezydenta;1;http://fakty.tvn24.pl/r/ankieta-jak-debata-czyli-wszystko-co-chcielibyscie-wiedziec-o-pogladach-kandydatow-na-prezydenta,538295.html
2015-05-04;http://www.tvn24.pl/;Odtwórz: Wszystko, co chcielibyÅcie wiedzieÄ   o poglÄdach kandydatÃ³w na prezydenta;1;http://fakty.tvn24.pl/r/ankieta-jak-debata-czyli-wszystko-co-chcielibyscie-wiedziec-o-pogladach-kandydatow-na-prezydenta,538295.html#autoplay
2015-05-04;http://natemat.pl/;Magdalena Ogórek;4;http://magdalenaogorek.natemat.pl/
2015-05-04;http://natemat.pl/;Pierwszy taki wywiad Ogórek. Przyznaje, że do tej pory była za grzeczna i atakuje Komorowskiego;3;http://natemat.pl/141437,magdalena-ogorek-przyznala-ze-byla-za-grzeczna-i-krytykuje-komorowskiego-calkowicie-zniszczyl-stosunki-polsko-rosyjskie
2015-05-04;http://natemat.pl/;Zgoda zbuduje tanie mieszkania na wynajem . Komorowski chce pomóc młodym Polakom;3;http://natemat.pl/141445,zgoda-zbuduje-tanie-mieszkania-na-wynajem-komorowski-chce-pomoc-mlodym-polakom
2015-05-04;http://natemat.pl/;Mastalerek wychodzi ze studia TVP.  Nazwijcie stację Komorowski Info;2;http://natemat.pl/141415,mastalerek-wychodzi-ze-studia-tvp-nazwijcie-tvp-info-komorowski-info
2015-05-04;http://natemat.pl/;Szefowa sztabu Dudy obwinia Balcerowicza za  dzisiejsze problemy;1;http://natemat.pl/141435,pis-jak-sld-szefowa-sztabu-dudy-beata-szydlo-obwinia-leszka-balcerowicza-za-dzisiejsze-problemy-polski
2015-05-04;http://natemat.pl/;Abp Stanisław Gądecki o wyborach:  Rezygnacja z głosowania to grzech;1;http://natemat.pl/141395,abp-gadecki-o-wyborach-rezygnacja-z-glosowania-to-grzech
2015-05-04;http://natemat.pl/;Wipler: Petru nie da wyborcom tego, co może dać Kukiz i Korwin;1;http://natemat.pl/141413,wipler-petru-nie-da-wyborcom-tego-co-moze-dac-kukiz-i-korwin
2015-05-04;http://natemat.pl/;Ogórek jak Clinton? Przekonuje, że kobiety nie rozumieją „hejtu”;1;http://natemat.pl/141407,ogorek-porownana-do-hillary-clinton-przekonuje-ze-kobiety-nie-rozumieja-hejtu-ktory-ja-spotyka
2015-05-04;http://natemat.pl/;Duda o nowej konstytucji: referendum pod każdym wnioskiem popartym przez milion Polaków;1;http://natemat.pl/141399,duda-o-nowej-konstytucji-obowiazkowe-referendum-pod-kazdym-wnioskiem-popartym-przez-milion-polakow
2015-05-04;http://natemat.pl/;Konstytucja według Korwina: Pobierający zasiłki od państwa bez prawa głosu w wyborach;1;http://natemat.pl/141393,pobierajacy-zasilki-od-panstwa-bez-prawa-do-udzialu-w-wyborach-janusz-korwin-mikke-oglasza-swoja-konstytucje
2015-05-04;http://natemat.pl/;Janusz Palikot ma nowy projekt konstytucji. Chce, by leniwi wyborcy tracili swoich posłów;1;http://natemat.pl/141367,janusz-palikot-ma-nowy-projekt-konstytucji-chce-by-leniwi-wyborcy-tracili-swoich-poslow
2015-05-04;http://natemat.pl/;Polacy na wyborach w Wielkiej Brytanii. Część chce oddać głosować przeciwko imigrantom;1;http://natemat.pl/141199,polacy-na-wyborach-w-wielkiej-brytanii-czesc-z-nich-chce-oddac-glos-na-partie-przeciwstawiajace-sie-imigrantom
2015-05-04;http://natemat.pl/;Wygrana Jarubasa to dodatkowe 2 tys. zł w portfelu? Sprawdzamy zakłady bukmacherskie;1;http://natemat.pl/141405,wygrana-jarubasa-lub-palikota-to-dodatkowe-2-tys-zl-w-portfelu-sprawdzamy-zaklady-bukmacherskie
2015-05-04;http://natemat.pl/;Starsza Ogórek, JKM z „osiemdziesiątką” na karku – komu dodaje lat popularna aplikacja?;1;http://natemat.pl/141375,mlodszy-prezydent-komorowski-starsza-ogorek-i-jkm-z-osiemdziesiatka-na-karku-sprawdzamy-komu-dodaje-lat
2015-05-04;http://natemat.pl/;Jeśli Duda przegra, Kaczyński uruchomi gilotynę. W PiS boją się rozliczeń;1;http://natemat.pl/141369,jesli-duda-przegra-kaczynski-uruchomi-gilotyne-newsweek-w-pis-boja-sie-rozliczen
2015-05-04;http://natemat.pl/;Głosuję na Ogórek;1;http://przemyslawprekiel.natemat.pl/141353,glosuje-na-ogorek
2015-05-04;http://natemat.pl/;Tak wygląda użytkownik marihuany. Nietypowa kampania obala stereotypy;1;http://maciejkowalski.natemat.pl/141379,tak-wyglada-uzytkownik-marihuany
2015-05-04;http://www.gazeta.pl;Kowin-Mikke: Ktoś, kto nie chce zawierać związku małżeńskiego, może założyć spółkę cywilną;2;http://wiadomosci.gazeta.pl/wiadomosci/1,144685,17840793,Co_z_legalizacja_zwiazkow_partnerskich_.html#BoxNewsImg
2015-05-04;http://www.gazeta.pl;Kaczyński dla  wSieci : Co jeśli Duda nie wygra?;1;http://wiadomosci.gazeta.pl/wiadomosci/1,143907,17855932,Kaczynski_dla__wSieci___Co_jesli_Duda_nie_wygra___Juz.html#BoxNewsLink
2015-05-04;http://www.gazeta.pl;Ważna deklaracja Komorowskiego.  Jesli będzie II tura...;1;http://wiadomosci.gazeta.pl/wiadomosci/1,143907,17852139,Wybory_prezydenckie_2015__Komorowski__W_przypadku.html#BoxNewsLink
2015-05-04;http://www.dziennik.pl;Kukiz: Chce pan  programu  z menu Okrągłego Stolca?;2;http://wiadomosci.dziennik.pl/wybory-prezydenckie/artykuly/489431,wybory-prezydenckie-2015-pawel-kukiz-o.html
2015-05-04;http://www.dziennik.pl;Dlaczego poparcie dla prezydenta spada? Komorowski ma teorię;2;http://wiadomosci.dziennik.pl/wybory-prezydenckie/artykuly/489449,poparcie-dla-prezydenta-spada-bronislaw-komorowski-musze-sie-podzielic-z-innymi.html
2015-05-04;http://www.dziennik.pl;Nazwijcie TVP Info Komorowski Info . Awantura na antenie;1;http://wiadomosci.dziennik.pl/polityka/artykuly/489417,marcin-mastalerek-z-pis-kontra-piotr-krasko-awantura-w-tvp.html
2015-05-04;http://www.dziennik.pl;PSL może pożegnać się z Sejmem. NOWY SONDAŻ;1;http://wiadomosci.dziennik.pl/polityka/artykuly/489391,sondaz-dla-wiadomosci-tvp-po-i-pis-na-czele-psl-poza-sejmem.html
2015-05-04;http://www.dziennik.pl;Komorowski: Polska ma szansę na kolejne 400 miliardów z UE;1;http://wiadomosci.dziennik.pl/polityka/artykuly/489327,prezydent-polska-ma-szanse-na-kolejne-400-miliardow-z-ue.html
2015-05-04;http://www.dziennik.pl;Cezary Grabarczyk nie jest już ministrem. Prezydent przyjął jego dymisję;1;http://wiadomosci.dziennik.pl/polityka/artykuly/489306,bronislaw-komorowski-przyjal-dymisje-cezarego-grabarczyka.html
2015-05-04;http://www.dziennik.pl;Cezary Grabarczyk wycofał się z komitetu wyborczego Bronisława Komorowskiego;1;http://wiadomosci.dziennik.pl/polityka/artykuly/489305,cezary-grabarczyk-juz-nie-jest-w-komitecie-wyborczym-bronislawa-komorowskiego.html
2015-05-04;http://wyborcza.pl/0,0.html?piano_d=1;Magdalena Ogórek: Prezydent zniszczył stosunki polsko-rosyjskie;3;http://wyborcza.pl/1,143644,17856517,Magdalena_Ogorek__Prezydent_Komorowski_zniszczyl_stosunki.html
2015-05-04;http://wyborcza.pl/0,0.html?piano_d=1;Dlaczego Mastalerek wyszedł z TVP. Bo nowtowania Dudy stoją w miejscu?;2;http://wyborcza.pl/1,75478,17857234,Dlaczego_Mastalerek_wyszedl_z_TVP__Bo_nowtowania_Dudy.html
2015-05-04;http://wyborcza.pl/0,0.html?piano_d=1;W sanktuarium Duda przemawiał od ołtarza;3;http://wyborcza.pl/1,143644,17855280,Duchowny_sztabowcem_PiS.html
2015-05-04;http://wyborcza.pl/0,0.html?piano_d=1;Duda, Jarubas, Ogórek... Mogli się pokusić chociaż o II ligę;3;http://wyborcza.pl/1,143644,17848211,Uspiona_demokracja.html
2015-05-04;http://www.tvp.info/;Prezydent Gauck: jako Niemcy żegnamy człowieka, który był naszym przyjacielem;3;http://www.tvp.info/19919726/prezydent-niemiec-joachim-gauck-o-wladyslawie-bartoszewskim
2015-05-04;http://www.tvp.info/;Tylko u nas    Magdalena Ogórek: wszyscy kandydaci podejmują moje postulaty. Troszkę ściągają;2;http://www.tvp.info.pl/19917632/ogorek-wszyscy-kandydaci-podejmuja-moje-postulaty-troszke-sciagaja
2015-05-04;http://www.tvp.info/;„Cofnę skutki reformy emerytalnej”. Andrzej Duda gościem programu „Dziś wieczorem”;2;http://www.tvp.info.pl/19918853/cofne-skutki-reformy-emerytalnej-andrzej-duda-gosciem-programu-dzis-wieczorem
2015-05-04;http://www.wp.pl;Komorowski popełnił błąd? Niechcący wzmocnił największego rywala;4;http://wiadomosci.wp.pl/kat,1016499,title,Eksperci-o-debacie-kandydatow-na-prezydenta-jatki-nie-bedzie,wid,17507252,wiadomosc.html
2015-05-04;http://www.wp.pl;Puste obietnice Bronisława Komorowskiego? Sprawdziliśmy, co prezydent zrobił przez 5 lat;3;http://www.money.pl/gospodarka/wiadomosci/artykul/obietnice-wyborcze-bronislawa-komorowskiego,52,0,1783348.html
2015-05-04;http://www.wp.pl;Andrzej Duda w liście do wyborców: będę prezydentem dialogu;1;/kat,140394,title,Andrzej-Duda-w-liscie-do-wyborcow-bede-prezydentem-dialogu,wid,17507377,wiadomosc.html
2015-05-04;http://www.wp.pl;Kukiz będzie walczył z Ogórek o trzecie miejsce;1;/kat,140394,title,Kukiz-bedzie-walczyl-z-Ogorek-o-trzecie-miejsce,wid,17507349,wiadomosc.html
2015-05-04;http://www.wp.pl;Marcin Mastalerek: To mogą być dwa tygodnie, które wstrząsną polityką;1;/kat,140394,title,Marcin-Mastalerek-To-moga-byc-dwa-tygodnie-ktore-wstrzasna-polityka,wid,17506785,wiadomosc.html
2015-05-04;http://www.wprost.pl/;Wróblewski: Prezydent ostatniego wyboru;4;http://www.wprost.pl/blogi/tomasz_wroblewski/?B=3561
2015-05-04;http://www.wprost.pl/;Wipler: JKM jest otwarty na współpracę, w szczególności z Kukizem;3;http://www.wprost.pl/ar/505164/Wipler-JKM-jest-otwarty-na-wspolprace-w-szczegolnosci-z-Kukizem/
2015-05-04;http://www.wprost.pl/;Wipler: JKM jest otwarty na współpracę, w szczególności z Kukizem;2;http://www.wprost.pl/ar/505164/Wipler-JKM-jest-otwarty-na-wspolprace-w-szczegolnosci-z-Kukizem/
2015-05-04;http://www.wprost.pl/;Duda napisał list do wyborców;2;http://www.wprost.pl/ar/505162/Duda-napisal-list-do-wyborcow/
2015-05-04;http://www.wprost.pl/;Jarubas: Sondaże? Najważniejszy odbędzie się 10 maja;2;http://www.wprost.pl/ar/505156/Jarubas-Sondaze-Najwazniejszy-odbedzie-sie-10-maja/
2015-05-04;http://www.wprost.pl/;Kaleta dla "Wprost": e-Prezydent? Nie tym razem;1;http://www.wprost.pl/ar/505075/Kaleta-dla-Wprost-e-Prezydent-Nie-tym-razem/
2015-05-04;http://www.onet.pl/;  Monika Olejnik kpi na Facebooku z Magdaleny Ogórek ;3;http://wiadomosci.onet.pl/kraj/monika-olejnik-kpi-na-facebooku-z-magdaleny-ogorek/g7knk3
2015-05-04;http://www.onet.pl/;Ostatnie dni kampanii. Eksperci są krytyczni;2;http://wiadomosci.onet.pl/kraj/jak-przyciagnac-uwage-wyborcow-kampania-wyborcza-na-ostatniej-prostej/1fg1nk
2015-05-04;http://www.newsweek.pl/;Prezydent: Władku, miałeś odwagę i rację głosząc, że warto być przyzwoitym;4;http://polska.newsweek.pl/pogrzeb-wladyslawa-bartoszewskiego-,artykuly,362470,1.html
2015-05-04;http://www.newsweek.pl/;Wyborcy Kukiza i Korwin-Mikkego wiedzą, że to  oszołomy;4;http://opinie.newsweek.pl/pawel-kukiz-janusz-korwin-mikke-wybory-2015-wyborcy,artykuly,362467,1.html
2015-05-04;http://www.newsweek.pl/;Stanę na wysokości krzesła . Wyborcze [MEMY] lepsze niż kampania?;3;http://polska.newsweek.pl/wybory-prezydenckie-2015-najlepsze-memy-wyborcze,galeria,362488,1.html
2015-05-04;http://www.newsweek.pl/;Miss zostaje się za seks [SONDAŻ];2;http://polska.newsweek.pl/najpiekniejsze-brudy-korona-miss-w-zamian-za-seks-sondaz-,artykuly,362437,1.html
2015-05-04;http://www.newsweek.pl/;Komorowski wciąż traci, Kukiz na fali. Co wynika z sondaży?;2;http://polska.newsweek.pl/poparcie-dla-kandydatow-co-wynika-z-sondazy-prezydenckich-,artykuly,362398,1.html
2015-05-04;http://www.newsweek.pl/;Świat,Niemcy,zapłacą,Grekom,za,zbrodnie,Prezydent,Niemiec,zasugerował,możliwość,wypłacenia,przez,Niemcy,odszkodowania,za,zbrodnie,popełnione,przez,nazistów,w,Grecji;1;http://swiat.newsweek.pl/niemcy-wyplaca-grecji-odszkodowania-za-zbrodnie-nazistow-,artykuly,362389,1.html
2015-05-04;http://www.newsweek.pl/;Polacy,chcą,dodatkowego,podatku,dla,najbogatszych,Większość,Polaków,jest,za,wprowadzeniem,dodatkowej,stawki,podatkowej,dla,najbogatszych,pokazał,sondaż,IQS,dla,Newsweeka;1;http://biznes.newsweek.pl/wysokosc-podatkow-w-polsce-wyzsze-podatki-dla-najbogatszych,artykuly,362455,1.html
2015-05-04;http://www.newsweek.pl/;Rosjanie,coraz,bardziej,zuchwali,na,Bałtyku,Łotwa,Estonia,i,Finlandia,mobilizują,siły,W,najbliższym,miesiącu,do,900,tys,fińskich,rezerwistów,trafią,listy,od,ministerstwa,obrony,Zostaną,w,nich,poinformowani,jaka,będzie,ich,rola,w,razie,zaistnienia,sytuacji;1;http://swiat.newsweek.pl/rosyjski-atak-finlandia-wysyla-listy-do-rezerwistow-,artykuly,362503,1.html
2015-05-04;http://www.newsweek.pl/;Marihuana,jest,bezpieczniejsza,od,fistaszków,Media,często,straszą,że,marihuana,doprowadza,ludzi,do,śmierci,a,taki,przypadek,znamy,jeden,i,to,wcale,niezbyt,dobrze,udokumentowany,Słodycze,zabiły,już,miliony,ludzi,na;1;http://nauka.newsweek.pl/jerzy-vetualni-o-marihuanie-czy-marihuana-jest-zdrowa,artykuly,362479,1.html
2015-05-04;http://www.tvn24.pl/;WkrÃ³tce rozstrzelajÄ obcokrajowcÃ³w?  Apelujemy do prezydenta, by okazaÅ ÅaskÄ;3;/wiadomosci-ze-swiata,2/wkrotce-rozstrzelaja-obcokrajowcow-apelujemy-do-prezydenta-by-okazal-laske,536296.html
2015-05-04;http://www.tvn24.pl/;Wszystko, co chcielibyÅcie wiedzieÄo poglÄdach kandydatÃ³w na prezydenta;3;http://fakty.tvn24.pl/r/ankieta-jak-debata-czyli-wszystko-co-chcielibyscie-wiedziec-o-pogladach-kandydatow-na-prezydenta,538295.html
2015-05-04;http://www.tvn24.pl/;Odtwórz: Wszystko, co chcielibyÅcie wiedzieÄ   o poglÄdach kandydatÃ³w na prezydenta;3;http://fakty.tvn24.pl/r/ankieta-jak-debata-czyli-wszystko-co-chcielibyscie-wiedziec-o-pogladach-kandydatow-na-prezydenta,538295.html#autoplay
2015-05-04;http://www.tvn24.pl/;Åukomska-PyÅ¼alska nie powalczy z Grobelnym.  Prezydent ma piÄtÄ kadencjÄ w kieszeni;3;/poznan,43/lukomska-pyzalska-nie-powalczy-z-grobelnym-prezydent-ma-piata-kadencje-w-kieszeni,461160.html
2015-05-04;http://www.tvn24.pl/;Druga kobieta w walce o fotel prezydenta USA. ByÅa szefem HP;3;http://www.tvn24.pl/carly-fiorina-startuje-w-wyborach-prezydenckich-w-usa-w-2016-roku,539151,s.html
2015-05-04;http://www.tvn24.pl/;Druga kobieta w walce o fotel prezydenta USA. ByÅa szefem HP;2;http://www.tvn24.pl/wiadomosci-ze-swiata,2/druga-kobieta-w-walce-o-fotel-prezydenta-usa-byla-szefem-hp,539151.html
2015-05-04;http://www.tvn24.pl/;Wszystko, co chcielibyÅcie wiedzieÄ   o poglÄdach kandydatÃ³w na prezydenta;2;http://fakty.tvn24.pl/r/wszystko-co-chcielibyscie-wiedziec-o-pogladach-kandydatow-na-prezydenta,538295.html
2015-05-04;http://www.tvn24.pl/;Druga kobieta w walce o fotel prezydenta USA. ByÅa szefem HP;2;http://www.tvn24.pl/druga-kobieta-w-walce-o-fotel-prezydenta-usa-byla-szefem-hp,539151,s.html
2015-05-04;http://www.tvn24.pl/;WkrÃ³tce rozstrzelajÄ obcokrajowcÃ³w?  Apelujemy do prezydenta, by okazaÅ ÅaskÄ;1;http://www.tvn24.pl/wiadomosci-ze-swiata,2/wkrotce-rozstrzelaja-obcokrajowcow-apelujemy-do-prezydenta-by-okazal-laske,536296.html
2015-05-04;http://www.tvn24.pl/;Wszystko, co chcielibyÅcie wiedzieÄo poglÄdach kandydatÃ³w na prezydenta;1;http://fakty.tvn24.pl/r/ankieta-jak-debata-czyli-wszystko-co-chcielibyscie-wiedziec-o-pogladach-kandydatow-na-prezydenta,538295.html
2015-05-04;http://www.tvn24.pl/;Odtwórz: Wszystko, co chcielibyÅcie wiedzieÄ   o poglÄdach kandydatÃ³w na prezydenta;1;http://fakty.tvn24.pl/r/ankieta-jak-debata-czyli-wszystko-co-chcielibyscie-wiedziec-o-pogladach-kandydatow-na-prezydenta,538295.html#autoplay
2015-05-04;http://www.tvn24.pl/;Åukomska-PyÅ¼alska nie powalczy z Grobelnym.  Prezydent ma piÄtÄ kadencjÄ w kieszeni;1;http://www.tvn24.pl/poznan,43/lukomska-pyzalska-nie-powalczy-z-grobelnym-prezydent-ma-piata-kadencje-w-kieszeni,461160.html
2015-05-04;http://www.tvn24.pl/;Druga kobieta w walce o fotel prezydenta USA. ByÅa szefem HP;1;http://www.tvn24.pl/carly-fiorina-startuje-w-wyborach-prezydenckich-w-usa-w-2016-roku,539151,s.html
2015-05-04;http://natemat.pl/;Magdalena Ogórek;3;http://magdalenaogorek.natemat.pl/
2015-05-04;http://natemat.pl/;Po śmierci kibica Korwin krytykuje policję.  Nie trzeba było strzelać, najwyżej by się pobili;3;http://natemat.pl/141497,po-smierci-kibica-korwin-mikke-krytykuje-policje-nie-trzeba-bylo-strzelac-najwyzej-kibice-by-sie-pobili
2015-05-04;http://natemat.pl/;Zgoda zbuduje tanie mieszkania na wynajem . Komorowski chce pomóc młodym Polakom;2;http://natemat.pl/141445,zgoda-zbuduje-tanie-mieszkania-na-wynajem-komorowski-chce-pomoc-mlodym-polakom
2015-05-04;http://natemat.pl/;Pierwszy taki wywiad Ogórek. Przyznaje, że do tej pory była za grzeczna i atakuje Komorowskiego;2;http://natemat.pl/141437,magdalena-ogorek-przyznala-ze-byla-za-grzeczna-i-krytykuje-komorowskiego-calkowicie-zniszczyl-stosunki-polsko-rosyjskie
2015-05-04;http://natemat.pl/;Mastalerek wychodzi ze studia TVP.  Nazwijcie stację Komorowski Info;2;http://natemat.pl/141415,mastalerek-wychodzi-ze-studia-tvp-nazwijcie-tvp-info-komorowski-info
2015-05-04;http://natemat.pl/;Szefowa sztabu Dudy obwinia Balcerowicza za  dzisiejsze problemy;1;http://natemat.pl/141435,pis-jak-sld-szefowa-sztabu-dudy-beata-szydlo-obwinia-leszka-balcerowicza-za-dzisiejsze-problemy-polski
2015-05-04;http://natemat.pl/;Abp Stanisław Gądecki o wyborach:  Rezygnacja z głosowania to grzech;1;http://natemat.pl/141395,abp-gadecki-o-wyborach-rezygnacja-z-glosowania-to-grzech
2015-05-04;http://natemat.pl/;Wipler: Petru nie da wyborcom tego, co może dać Kukiz i Korwin;1;http://natemat.pl/141413,wipler-petru-nie-da-wyborcom-tego-co-moze-dac-kukiz-i-korwin
2015-05-04;http://natemat.pl/;Ogórek jak Clinton? Przekonuje, że kobiety nie rozumieją „hejtu”;1;http://natemat.pl/141407,ogorek-porownana-do-hillary-clinton-przekonuje-ze-kobiety-nie-rozumieja-hejtu-ktory-ja-spotyka
2015-05-04;http://www.gazeta.pl;Magda Gessler pyta, czy prezydent może zmniejszyć podatki. Co na to Jarubas?;3;http://wiadomosci.gazeta.pl/wiadomosci/1,143907,17844938,Twoj_Glos__Adam_Jarubas_odpowiada_na_Wasze_pytania.html#Czolka3Img
2015-05-04;http://www.gazeta.pl;Kaczyński dla  wSieci : Co jeśli Duda nie wygra?;1;http://wiadomosci.gazeta.pl/wiadomosci/1,143907,17855932,Kaczynski_dla__wSieci___Co_jesli_Duda_nie_wygra___Juz.html#BoxNewsLink
2015-05-04;http://www.dziennik.pl;Kukiz: Chce pan  programu  z menu Okrągłego Stolca?;2;http://wiadomosci.dziennik.pl/wybory-prezydenckie/artykuly/489431,wybory-prezydenckie-2015-pawel-kukiz-o.html
2015-05-04;http://www.dziennik.pl;Vader to Kukliński, Jedi to bezpieka. Braun analizuje  Gwiezdne Wojny;2;http://wiadomosci.dziennik.pl/wybory-prezydenckie/artykuly/489483,lord-vader-jak-kuklinski-zakon-jedi-jak-bezpieka-grzegorz-braun-analizuje-gwiezdne-wojny.html
2015-05-04;http://www.dziennik.pl;Nazwijcie TVP Info Komorowski Info . Awantura na antenie;1;http://wiadomosci.dziennik.pl/polityka/artykuly/489417,marcin-mastalerek-z-pis-kontra-piotr-krasko-awantura-w-tvp.html
2015-05-04;http://www.dziennik.pl;PSL może pożegnać się z Sejmem. NOWY SONDAŻ;1;http://wiadomosci.dziennik.pl/polityka/artykuly/489391,sondaz-dla-wiadomosci-tvp-po-i-pis-na-czele-psl-poza-sejmem.html
2015-05-04;http://www.dziennik.pl;Komorowski: Polska ma szansę na kolejne 400 miliardów z UE;1;http://wiadomosci.dziennik.pl/polityka/artykuly/489327,prezydent-polska-ma-szanse-na-kolejne-400-miliardow-z-ue.html
2015-05-04;http://www.dziennik.pl;Cezary Grabarczyk nie jest już ministrem. Prezydent przyjął jego dymisję;1;http://wiadomosci.dziennik.pl/polityka/artykuly/489306,bronislaw-komorowski-przyjal-dymisje-cezarego-grabarczyka.html
2015-05-04;http://www.dziennik.pl;Cezary Grabarczyk wycofał się z komitetu wyborczego Bronisława Komorowskiego;1;http://wiadomosci.dziennik.pl/polityka/artykuly/489305,cezary-grabarczyk-juz-nie-jest-w-komitecie-wyborczym-bronislawa-komorowskiego.html
2015-05-04;http://wyborcza.pl/0,0.html?piano_d=1;Strzelanie w Gazie jest cool! - szokujący raport o izraelskiej kampanii;2;http://wyborcza.pl/1,75477,17858905,Strzelanie_w_Gazie_jest_cool____szokujacy_raport_o.html
2015-05-04;http://wyborcza.pl/0,0.html?piano_d=1;W sanktuarium Duda przemawiał od ołtarza;3;http://wyborcza.pl/1,143644,17855280,Duchowny_sztabowcem_PiS.html
2015-05-04;http://wyborcza.pl/0,0.html?piano_d=1;Duda, Jarubas, Ogórek... Mogli się pokusić chociaż o II ligę;3;http://wyborcza.pl/1,143644,17848211,Uspiona_demokracja.html
2015-05-04;http://www.tvp.info/;Prezydent nie przyjdzie na debatę? Duda: widocznie nie traktuje wyborców poważnie;4;http://www.tvp.info.pl/19923704/duda-o-komorowskim-widocznie-nie-traktuje-wyborcow-powaznie
2015-05-04;http://www.wp.pl;Puste obietnice Bronisława Komorowskiego? Sprawdziliśmy, co prezydent zrobił przez 5 lat;3;http://www.money.pl/gospodarka/wiadomosci/artykul/obietnice-wyborcze-bronislawa-komorowskiego,52,0,1783348.html
2015-05-04;http://www.wp.pl;1 godz.Andrzej Duda weźmie udział w debacie TVP;2;http://wiadomosci.wp.pl/kat,1342,title,Andrzej-Duda-wezmie-udzial-w-debacie-TVP,wid,17509789,wiadomosc.html
2015-05-04;http://www.wp.pl;3 godz.Tym razem PKW nie poda cząstkowych wyników;2;http://wiadomosci.wp.pl/kat,1342,title,Wiceszef-PKW-podczas-wyborow-wykorzystamy-elementy-systemu-informatycznego,wid,17509620,wiadomosc.html
2015-05-04;http://www.wp.pl;ważneCzym nas zaskoczą kandydaci przed 10 maja?;2;http://wiadomosci.wp.pl/kat,36474,title,Ostatnia-prosta-przed-wyborami-Jakie-armaty-wytocza-kandydaci-Ogladaj-dziejesienazywo,wid,17501467,wiadomosc.html
2015-05-04;http://www.wp.pl;Andrzej Duda weźmie udział w debacie TVP;1;/kat,140394,title,Andrzej-Duda-wezmie-udzial-w-debacie-TVP,wid,17509789,wiadomosc.html
2015-05-04;http://www.wp.pl;Wiceszef PKW: podczas wyborów wykorzystamy elementy systemu informatycznego;1;/kat,140394,title,Wiceszef-PKW-podczas-wyborow-wykorzystamy-elementy-systemu-informatycznego,wid,17509620,wiadomosc.html
2015-05-04;http://www.wp.pl;Andrzej Duda w liście do wyborców: będę prezydentem dialogu;1;/kat,140394,title,Andrzej-Duda-w-liscie-do-wyborcow-bede-prezydentem-dialogu,wid,17507377,wiadomosc.html
2015-05-04;http://www.wp.pl;Kukiz będzie walczył z Ogórek o trzecie miejsce;1;/kat,140394,title,Kukiz-bedzie-walczyl-z-Ogorek-o-trzecie-miejsce,wid,17507349,wiadomosc.html
2015-05-04;http://www.wp.pl;Marcin Mastalerek: To mogą być dwa tygodnie, które wstrząsną polityką;1;/kat,140394,title,Marcin-Mastalerek-To-moga-byc-dwa-tygodnie-ktore-wstrzasna-polityka,wid,17506785,wiadomosc.html
2015-05-04;http://www.wp.pl;Rzecznik PiS wyszedł ze studia TVP.  W farsie nie będziemy brali udziału;1;/kat,140394,title,Rzecznik-PiS-wyszedl-ze-studia-TVP-W-farsie-nie-bedziemy-brali-udzialu,wid,17506498,wiadomosc.html
2015-05-04;http://www.wprost.pl/;Duda: Jeżeli nie wygram w I turze, przed II spotkam się z Komorowskim;3;http://www.wprost.pl/ar/505194/Duda-Jezeli-nie-wygram-w-I-turze-przed-II-spotkam-sie-z-Komorowskim/
2015-05-04;http://www.wprost.pl/;Ogórek o kwocie wolnej od podatku;3;http://www.wprost.pl/ar/505192/Ogorek-o-kwocie-wolnej-od-podatku/
2015-05-04;http://www.wprost.pl/;Kandydat na prezydenta skomentował wyjście rzecznika PiS ze studia TVP;2;http://www.wprost.pl/ar/505197/Kandydat-na-prezydenta-skomentowal-wyjscie-rzecznika-PiS-ze-studia-TVP/
2015-05-04;http://www.wprost.pl/;Duda mówi o zafałszowaniu wyników wyborów;2;http://www.wprost.pl/ar/505195/Duda-mowi-o-zafalszowaniu-wynikow-wyborow/
2015-05-04;http://www.wprost.pl/;Duda: Jeżeli nie wygram w I turze, przed II spotkam się z Komorowskim;2;http://www.wprost.pl/ar/505194/Duda-Jezeli-nie-wygram-w-I-turze-przed-II-spotkam-sie-z-Komorowskim/
2015-05-04;http://www.wprost.pl/;Monika Palikot  nominowała  Agatę Dudę i Annę Komorowską;2;http://www.wprost.pl/ar/505193/Monika-Palikot-nominowala-Agate-Dude-i-Anne-Komorowska/
2015-05-04;http://www.wprost.pl/;Ogórek o kwocie wolnej od podatku;2;http://www.wprost.pl/ar/505192/Ogorek-o-kwocie-wolnej-od-podatku/
2015-05-04;http://www.wprost.pl/;Kampania na Twitterze. Palikot groził Rydzykowi, Kukiz napisał o plagiacie;2;http://www.wprost.pl/ar/505175/Kampania-na-Twitterze-Palikot-grozil-Rydzykowi-Kukiz-napisal-o-plagiacie/
2015-05-04;http://www.wprost.pl/;Kampania na Facebooku. Korwin-Mikke  rządzi  z Żelaznego Tronu;2;http://www.wprost.pl/ar/505177/Kampania-na-Facebooku-Korwin-Mikke-rzadzi-z-Zelaznego-Tronu/
2015-05-04;http://www.wprost.pl/;Szefowa sztabu Dudy pisze list do KRRiT. Skarży się na TVP;2;http://www.wprost.pl/ar/505183/Szefowa-sztabu-Dudy-pisze-list-do-KRRiT-Skarzy-sie-na-TVP/
2015-05-04;http://www.wprost.pl/;Była szefowa HP wystartuje w wyborach prezydenckich w USA;2;http://www.wprost.pl/ar/505182/Byla-szefowa-HP-wystartuje-w-wyborach-prezydenckich-w-USA/
2015-05-04;http://www.wprost.pl/;Kaczyński: Poparcie Kukiza byłoby cenne. Kukiz: Będę namawiał, by nie głosowano na Komorowskiego;2;http://www.wprost.pl/ar/505181/Kaczynski-Poparcie-Kukiza-byloby-cenne-Kukiz-Bede-namawial-by-nie-glosowano-na-Komorowskiego/
2015-05-04;http://www.wprost.pl/;Kampania na Twitterze. Palikot groził Rydzykowi, Kukiz napisał o plagiacie;1;http://www.wprost.pl/ar/505175/Kampania-na-Twitterze-Palikot-grozil-Rydzykowi-Kukiz-napisal-o-plagiacie/
2015-05-04;http://www.wprost.pl/;Kampania na Facebooku. Korwin-Mikke "rządzi" z Żelaznego Tronu;1;http://www.wprost.pl/ar/505177/Kampania-na-Facebooku-Korwin-Mikke-rzadzi-z-Zelaznego-Tronu/
2015-05-04;http://www.wprost.pl/;Kaleta dla "Wprost": e-Prezydent? Nie tym razem;1;http://www.wprost.pl/ar/505075/Kaleta-dla-Wprost-e-Prezydent-Nie-tym-razem/
2015-05-04;http://www.onet.pl/;Przyczyny sondażowej "niespodzianki" Kukiza. "Kolejny duży plus";2;http://wiadomosci.onet.pl/tylko-w-onecie/prof-ewa-marciniak-sondazowy-wynik-pawla-kukiza-to-niespodzianka/wvxnlh
2015-05-04;http://www.newsweek.pl/;Prezydent: Władku, miałeś odwagę i rację głosząc, że warto być przyzwoitym;4;http://polska.newsweek.pl/pogrzeb-wladyslawa-bartoszewskiego-,artykuly,362470,1.html
2015-05-04;http://www.newsweek.pl/;Wyborcy Kukiza i Korwin-Mikkego wiedzą, że to  oszołomy;4;http://opinie.newsweek.pl/pawel-kukiz-janusz-korwin-mikke-wybory-2015-wyborcy,artykuly,362467,1.html
2015-05-04;http://www.newsweek.pl/;Stanę na wysokości krzesła . Wyborcze [MEMY] lepsze niż kampania?;2;http://polska.newsweek.pl/wybory-prezydenckie-2015-najlepsze-memy-wyborcze,galeria,362488,1.html
2015-05-04;http://www.newsweek.pl/;Świat,Niemcy,zapłacą,Grekom,za,zbrodnie,Prezydent,Niemiec,zasugerował,możliwość,wypłacenia,przez,Niemcy,odszkodowania,za,zbrodnie,popełnione,przez,nazistów,w,Grecji;1;http://swiat.newsweek.pl/niemcy-wyplaca-grecji-odszkodowania-za-zbrodnie-nazistow-,artykuly,362389,1.html
2015-05-04;http://www.newsweek.pl/;Polacy,chcą,dodatkowego,podatku,dla,najbogatszych,Większość,Polaków,jest,za,wprowadzeniem,dodatkowej,stawki,podatkowej,dla,najbogatszych,pokazał,sondaż,IQS,dla,Newsweeka;1;http://biznes.newsweek.pl/wysokosc-podatkow-w-polsce-wyzsze-podatki-dla-najbogatszych,artykuly,362455,1.html
2015-05-04;http://www.newsweek.pl/;Pierwszy,taki,przeszczep,narządów,szyi,Polska,kolejny,raz,pionierem,11,kwietnia,w,Centrum,Onkologii,w,Gliwicach,przeprowadzono,pierwszy,na,świecie,allogeniczny,złożony,przeszczep,narządów,szyi;1;http://nauka.newsweek.pl/przeszczep-narzadow-szyi-w-gliwickim-centrum-onkologii,artykuly,362482,1.html
2015-05-04;http://www.newsweek.pl/;Ile,zarabiamy,Kolejny,rekord,średniej,krajowej,Ale,co,z,tego,Przeciętne,wynagrodzenie,w,lutym,2015,roku,wyniosło,4214,zł,brutto,czyli,3003,zł,na,rękę,Czy,jednak,na,pewno,przeciętne,Kto,może,liczyć,na,taką,pensję;1;http://biznes.newsweek.pl/srednia-krajowa-w-lutym-2015-w-polsce-pensje-polakow,artykuly,362474,1.html
2015-05-04;http://www.tvn24.pl/;Kolego, leczyłeś się psychicznie? . Co jeszcze usłyszał Janusz Korwin-Mikke;3;http://fakty.tvn24.pl/ogladaj-online,60/korwin-mikke-na-slasku-tlumaczy-sie-ze-slow-o-strzelaniu-do-gornikow,539208.html
2015-05-04;http://www.tvn24.pl/;Odtwórz:  Kolego, leczyłeś się psychicznie? . Co jeszcze usłyszał Janusz Korwin-Mikke;3;http://fakty.tvn24.pl/ogladaj-online,60/korwin-mikke-na-slasku-tlumaczy-sie-ze-slow-o-strzelaniu-do-gornikow,539208.html
2015-05-04;http://www.tvn24.pl/;Staniszkis: Duda to maminsynek. Musi być ktoś znacznie bardziej odporny i waleczny;3;http://www.tvn24.pl/staniszkis-o-andrzeju-dudzie-mamisynek,539279,s.html
2015-05-04;http://www.tvn24.pl/;Odtwórz: Staniszkis: Duda to maminsynek. Musi byÄ ktoÅ znacznie bardziej odporny i waleczny;3;http://www.tvn24.pl/staniszkis-o-andrzeju-dudzie-mamisynek,539279,s.html#autoplay
2015-05-04;http://www.tvn24.pl/;Komorowski i Duda z najlepszymi kampaniami. Pozostali kandydaci niewidoczni? SondaÅ¼ dla FaktÃ³w TVN i TVN24;3;http://fakty.tvn24.pl/r/komorowski-i-duda-z-najlepszymi-kampaniami-pozostali-kandydaci-niewidoczni-sondaz-dla-faktow-tvn-i-tvn24,538490.html
2015-05-04;http://www.tvn24.pl/;Duda: konieczna zmiana wÅadzy i podwyÅ¼ka wynagrodzeÅ;3;/wiadomosci-z-kraju,3/duda-konieczna-zmiana-wladzy-i-podwyzka-wynagrodzen,538568.html
2015-05-04;http://www.tvn24.pl/;Wszystko, co chcielibyÅcie wiedzieÄo poglÄdach kandydatÃ³w na prezydenta;3;http://fakty.tvn24.pl/r/ankieta-jak-debata-czyli-wszystko-co-chcielibyscie-wiedziec-o-pogladach-kandydatow-na-prezydenta,538295.html
2015-05-04;http://www.tvn24.pl/;Odtwórz: Wszystko, co chcielibyÅcie wiedzieÄ   o poglÄdach kandydatÃ³w na prezydenta;3;http://fakty.tvn24.pl/r/ankieta-jak-debata-czyli-wszystko-co-chcielibyscie-wiedziec-o-pogladach-kandydatow-na-prezydenta,538295.html#autoplay
2015-05-04;http://www.tvn24.pl/;Druga kobieta w walce o fotel prezydenta USA. ByÅa szefem HP;3;http://www.tvn24.pl/carly-fiorina-startuje-w-wyborach-prezydenckich-w-usa-w-2016-roku,539151,s.html
2015-05-04;http://www.tvn24.pl/;Staniszkis: Duda to maminsynek. Musi byÄ ktoÅ znacznie bardziej odporny i waleczny;2;http://www.tvn24.pl/staniszkis-duda-to-maminsynek-musi-byc-ktos-znacznie-bardziej-odporny-i-waleczny,539279,s.html
2015-05-04;http://www.tvn24.pl/;Wszystko, co chcielibyÅcie wiedzieÄ   o poglÄdach kandydatÃ³w na prezydenta;2;http://fakty.tvn24.pl/r/wszystko-co-chcielibyscie-wiedziec-o-pogladach-kandydatow-na-prezydenta,538295.html
2015-05-04;http://www.tvn24.pl/;Druga kobieta w walce o fotel prezydenta USA. ByÅa szefem HP;2;http://www.tvn24.pl/druga-kobieta-w-walce-o-fotel-prezydenta-usa-byla-szefem-hp,539151,s.html
2015-05-04;http://www.tvn24.pl/;Wszystko, co chcielibyÅcie wiedzieÄo poglÄdach kandydatÃ³w na prezydenta;1;http://fakty.tvn24.pl/r/ankieta-jak-debata-czyli-wszystko-co-chcielibyscie-wiedziec-o-pogladach-kandydatow-na-prezydenta,538295.html
2015-05-04;http://www.tvn24.pl/;Odtwórz: Wszystko, co chcielibyÅcie wiedzieÄ   o poglÄdach kandydatÃ³w na prezydenta;1;http://fakty.tvn24.pl/r/ankieta-jak-debata-czyli-wszystko-co-chcielibyscie-wiedziec-o-pogladach-kandydatow-na-prezydenta,538295.html#autoplay
2015-05-04;http://www.tvn24.pl/;Druga kobieta w walce o fotel prezydenta USA. ByÅa szefem HP;1;http://www.tvn24.pl/carly-fiorina-startuje-w-wyborach-prezydenckich-w-usa-w-2016-roku,539151,s.html
2015-05-04;http://natemat.pl/;Staniszkis: Chciałabym, żeby Kukiz dostał dobry wynik i na jesieni był koalicjantem PiS;4;http://natemat.pl/141547,jadwiga-staniszkis-chcialabym-zeby-kukiz-dostal-dobry-wynik-i-stworzyl-ruch-ktory-na-jesieni-bedzie-koalicjantem-pis
2015-05-04;http://natemat.pl/;Od drukarek do Białego Domu, czyli była szefowa Hewlett Packard na prezydenta USA;3;http://natemat.pl/141527,od-drukarek-do-bialego-domu-czyli-byla-szefowa-hewlett-packard-na-prezydenta-usa
2015-05-04;http://natemat.pl/;Radny Kukiz: przez pół roku w sejmiku nie złożył żadnej interpelacji;3;http://natemat.pl/141495,radny-kukiz-przez-pol-roku-w-dolnoslaskim-sejmiku-nie-zlozyl-zadnej-interpelacji-a-jego-wypowiedzi-to-politykierstwo
2015-05-04;http://natemat.pl/;Po śmierci kibica Korwin-Mikke krytykuje policję.  Nie trzeba było strzelać, najwyżej kibice by się pobili;2;http://natemat.pl/141497,po-smierci-kibica-korwin-mikke-krytykuje-policje-nie-trzeba-bylo-strzelac-najwyzej-kibice-by-sie-pobili
2015-05-04;http://natemat.pl/;Magdalena Ogórek;1;http://magdalenaogorek.natemat.pl/
2015-05-04;http://natemat.pl/;Zgoda zbuduje tanie mieszkania na wynajem . Komorowski chce pomóc młodym Polakom;1;http://natemat.pl/141445,zgoda-zbuduje-tanie-mieszkania-na-wynajem-komorowski-chce-pomoc-mlodym-polakom
2015-05-04;http://natemat.pl/;Pierwszy taki wywiad Ogórek. Przyznaje, że do tej pory była za grzeczna i atakuje Komorowskiego;1;http://natemat.pl/141437,magdalena-ogorek-przyznala-ze-byla-za-grzeczna-i-krytykuje-komorowskiego-calkowicie-zniszczyl-stosunki-polsko-rosyjskie
2015-05-04;http://natemat.pl/;Mastalerek wychodzi ze studia TVP.  Nazwijcie stację Komorowski Info;1;http://natemat.pl/141415,mastalerek-wychodzi-ze-studia-tvp-nazwijcie-tvp-info-komorowski-info
2015-05-04;http://natemat.pl/;Szefowa sztabu Dudy obwinia Balcerowicza za  dzisiejsze problemy;1;http://natemat.pl/141435,pis-jak-sld-szefowa-sztabu-dudy-beata-szydlo-obwinia-leszka-balcerowicza-za-dzisiejsze-problemy-polski
2015-05-04;http://natemat.pl/;Wanda Nowicka;1;http://wandanowicka.natemat.pl/
2015-05-04;http://www.dziennik.pl;Kogo poprze Kukiz w II turze?  Robię to z przyjemnością;2;http://wiadomosci.dziennik.pl/wybory-prezydenckie/artykuly/489503,kukiz-nie-poprze-w-ii-turze-bronislawa-komorowskiego.html
2015-05-04;http://www.dziennik.pl;Szefowa sztabu Dudy napisała do KRRiT.  Nierówne traktowanie;2;http://wiadomosci.dziennik.pl/wybory-prezydenckie/artykuly/489508,szefowa-sztabu-andrzeja-dudy-napisala-skarge-do-krrit.html
2015-05-04;http://www.dziennik.pl;Komorowski powołał Borysa Budkę na ministra sprawiedliwości;1;http://wiadomosci.dziennik.pl/polityka/artykuly/489512,komorowski-powolal-borysa-budke-na-ministra-sprawiedliwosci.html
2015-05-04;http://www.dziennik.pl;Nazwijcie TVP Info Komorowski Info . Awantura na antenie;1;http://wiadomosci.dziennik.pl/polityka/artykuly/489417,marcin-mastalerek-z-pis-kontra-piotr-krasko-awantura-w-tvp.html
2015-05-04;http://www.dziennik.pl;PSL może pożegnać się z Sejmem. NOWY SONDAŻ;1;http://wiadomosci.dziennik.pl/polityka/artykuly/489391,sondaz-dla-wiadomosci-tvp-po-i-pis-na-czele-psl-poza-sejmem.html
2015-05-04;http://www.dziennik.pl;Komorowski: Polska ma szansę na kolejne 400 miliardów z UE;1;http://wiadomosci.dziennik.pl/polityka/artykuly/489327,prezydent-polska-ma-szanse-na-kolejne-400-miliardow-z-ue.html
2015-05-04;http://wyborcza.pl/0,0.html?piano_d=1;Pogrzeb prof. Bartoszewskiego. Prezydent Gauck: Dziękuję bardzo, panie Władysławie;3;http://warszawa.gazeta.pl/warszawa/1,34862,17855112,Wladyslaw_Bartoszewski_spocznie_na_Powazkach__Uroczystosci.html
2015-05-04;http://wyborcza.pl/0,0.html?piano_d=1;Prezydent powołał Borysa Budkę na ministra sprawiedliwości;3;http://wyborcza.pl/1,75478,17859662,Prezydent_powolal_Borysa_Budke_na_ministra_sprawiedliwosci.html
2015-05-04;http://wyborcza.pl/0,0.html?piano_d=1;PiS skarży się na faworyzowanie Komorowskiego w TVP;2;http://wyborcza.pl/1,75478,17860523,PiS_skarzy_sie_na_faworyzowanie_Komorowskiego_w_TVP.html
2015-05-04;http://wyborcza.pl/0,0.html?piano_d=1;Skąd to wyjście smoka Mastalerka z TVP? Przez notowania Dudy?;3;http://wyborcza.pl/1,143644,17857234,Dlaczego_Mastalerek_wyszedl_z_TVP__Bo_notowania_Dudy.html
2015-05-04;http://wyborcza.pl/0,0.html?piano_d=1;Politycy mówią z kosmosu. Poza Ogórek, która mówi z salonu LOreal, i Kukizem;3;http://wyborcza.pl/1,143644,17855317,Kukiz_nie_spadl_z_nieba.html
2015-05-04;http://wyborcza.pl/0,0.html?piano_d=1;W sanktuarium Duda przemawiał od ołtarza;3;http://wyborcza.pl/1,143644,17855280,Duchowny_sztabowcem_PiS.html
