"date";"portal";"title";"position";"link"
2015-04-27;http://www.tvp.info/;Ofensywa propagandy. Putin w filmie „Prezydent” o zajeciu Krymu: niczego nie zaluje;3;http://www.tvp.info/19823700/niczego-nie-zaluje-putin-w-filmie-prezydent-o-zajeciu-krymu
2015-04-27;http://www.wp.pl;Oglaszaja powolanie nowej partii i poparcie dla Pawla Kukiza;3;http://wiadomosci.wp.pl/kat,1342,title,OPZZ-RIOR-oglasza-powolanie-nowej-partii-i-poparcie-dla-Pawla-Kukiza,wid,17486071,wiadomosc.html
2015-04-27;http://www.wp.pl;wazneKorwin-Mikke: jesli oni wygraja, mamy III wojne;2;http://wiadomosci.wp.pl/kat,140394,title,Korwin-Mikke-po-wystapieniu-Schetyny-krytykuje-min-polityke-wschodnia,wid,17478355,wiadomosc.html
2015-04-27;http://www.wp.pl;wazneBedzie transport dla niepelnosprawnych na wybory;2;http://wiadomosci.wp.pl/kat,1019409,title,Bezplatny-transport-dla-niepelnosprawnych-ze-Slaska-podczas-wyborow-prezydenckich,wid,17468262,wiadomosc.html
2015-04-27;http://www.wprost.pl/;Partia Gowina poparła kandydaturę Andrzeja Dudy;2;http://www.wprost.pl/ar/504268/Partia-Gowina-poparla-kandydature-Andrzeja-Dudy/
2015-04-27;http://www.wprost.pl/;Sondaż: Komorowski 43,8 proc., Duda 32,5 proc. Kukiz trzeci;2;http://www.wprost.pl/ar/504264/Sondaz-Komorowski-438-proc-Duda-325-proc-Kukiz-trzeci/
2015-04-27;http://www.wprost.pl/;Schyłek Palikota;1;http://www.wprost.pl/ar/503992/Schylek-Palikota/
2015-04-27;http://www.wprost.pl/;Prezydent zlecał podsłuchy. Jak afera podsłuchowa "zmiotła" prezydenta;1;http://www.wprost.pl/ar/452873/Prezydent-zlecal-podsluchy-Jak-afera-podsluchowa-zmiotla-prezydenta/
2015-04-27;http://www.onet.pl/;BOR zdradzil sekret zabezpieczen aut prezydenta;2;http://wiadomosci.onet.pl/kraj/bor-zdradzil-tajemnice-zabezpieczen-prezydenckich-aut/vvvvf4
2015-04-27;http://www.onet.pl/;Posel PSL: ja sie dziwie Komorowskiemu;2;http://wiadomosci.onet.pl/tylko-w-onecie/eugeniusz-klopotek-w-ustalmy-jedno-dziwie-sie-komorowskiemu-powinien-zadzwonic-do/br4q0c
2015-04-27;http://www.newsweek.pl/;Historia,Wspólna,historia,Zlosliwie,o,Polakach,zlosliwie,o,Niemcach,Rozmowa,z,historykiem,Andrzejem,Klimem,autorem,ksiazki,Polska,Niemcy,1,0,w,której,przedstawia,ponad,1000,lat,polsko,niemieckiej,historii;1;http://historia.newsweek.pl/ksiazka-o-historii-polski-i-niemiec-polska-niemcy-1-0-klim,artykuly,361846,1.html
2015-04-27;http://www.tvn24.pl/;Film  Prezydent . Putin oskarza USA o kontakty z kaukaskimi  terrorystami;3;http://www.tvn24.pl/film-prezydent-putin-kontakty-usa-z-kaukaskimi-terrorystami,536956,s.html
2015-04-27;http://www.tvn24.pl/;Odtwórz: Film  Prezydent . Putin oskarÅ¼a USA o kontakty z kaukaskimi  terrorystami;3;http://www.tvn24.pl/film-prezydent-putin-kontakty-usa-z-kaukaskimi-terrorystami,536956,s.html#autoplay
2015-04-27;http://www.tvn24.pl/;Komorowski na poÅ<U+0082>udniu, Duda na Mazowszu;3;http://www.tvn24.pl/aktywny-przedostatni-weekend-kampanii-wyborczej-kandydatow,536946,s.html
2015-04-27;http://www.tvn24.pl/;Odtwórz: Komorowski na poÅ<U+0082>udniu, Duda na Mazowszu;3;http://www.tvn24.pl/aktywny-przedostatni-weekend-kampanii-wyborczej-kandydatow,536946,s.html#autoplay
2015-04-27;http://www.tvn24.pl/;Kampania wyborcza na Wyspach;3;/raporty/kampania-wyborcza-na-wyspach,938
2015-04-27;http://www.tvn24.pl/;Film  Prezydent . Putin oskarÅ¼a USA o kontakty z kaukaskimi  terrorystami;2;http://www.tvn24.pl/film-prezydent-putin-oskarza-usa-o-kontakty-z-kaukaskimi-terrorystami,536956,s.html
2015-04-27;http://www.tvn24.pl/;Komorowski na poÅ<U+0082>udniu, Duda na Mazowszu;2;http://www.tvn24.pl/komorowski-na-poludniu-duda-na-mazowszu,536946,s.html
2015-04-27;http://www.tvn24.pl/;Komorowski na poÅ<U+0082>udniu, Duda na Mazowszu;1;http://www.tvn24.pl/aktywny-przedostatni-weekend-kampanii-wyborczej-kandydatow,536946,s.html
2015-04-27;http://www.tvn24.pl/;Odtwórz: Komorowski na poÅ<U+0082>udniu, Duda na Mazowszu;1;http://www.tvn24.pl/aktywny-przedostatni-weekend-kampanii-wyborczej-kandydatow,536946,s.html#autoplay
2015-04-27;http://www.tvn24.pl/;Kampania wyborcza na Wyspach;1;http://www.tvn24.pl/raporty/kampania-wyborcza-na-wyspach,938
2015-04-27;http://natemat.pl/;Spadek notowan Komorowskiego i zacieta walka Kukiza i Korwin-Mikkego o trzecie miejsce;4;http://natemat.pl/140761,spadek-notowan-bronislawa-komorowskiego-i-zacieta-walka-kukiza-i-korwin-mikkego-o-trzecie-miejsce
2015-04-27;http://natemat.pl/;Andrzej Duda: Obecna wladza odpowiada za zmiany, które uderzaja w najbiedniejszych;3;http://natemat.pl/140775,andrzej-duda-obecna-wladza-odpowiada-za-zmiany-ktore-uderzaja-w-najbiedniejszych
2015-04-27;http://natemat.pl/;“Tu Andrzej Halicki, w imieniu prezydenta zapraszam na wybory”;3;http://natemat.pl/140743,tu-andrzej-halicki-w-imieniu-prezydenta-zapraszam-na-wybory-tak-wyglada-kampania-door-to-door-komorowskiego
2015-04-27;http://natemat.pl/;Waldemar Pawlak wesprze Bronislawa Komorowskiego? Zaostrza sie konflikt wewnatrz PSL;2;http://natemat.pl/140765,byly-lider-ludowcow-wesprze-bronislawa-komorowskiego-zaostrza-sie-konflikt-wewnatrz-psl
2015-04-27;http://natemat.pl/;Modelka i jej gotowe na plaze cialo. Kampania reklamowa wywolala burze.  To seksizm;2;http://natemat.pl/140727,modelka-i-jej-gotowe-na-plaze-cialo-kampania-reklamowa-wywolala-burze-to-seksizm
2015-04-27;http://natemat.pl/;Kazik Staszewski glosowal kiedys na Korwin-Mikkego. Teraz nie idzie na wybory;2;http://natemat.pl/140715,kazik-staszewski-glosowal-kiedys-na-korwin-mikkego-teraz-nie-idzie-na-wybory
2015-04-27;http://natemat.pl/;Marian Kowalski: „Prezydent nie moze byc pierdola”;1;http://natemat.pl/140741,marian-kowalski-w-nowym-spocie-prezydent-nie-moze-byc-pierdola
2015-04-27;http://natemat.pl/;Palikot chce zrobic porzadek z Jarubasem: „Doprowadzil swietokrzyskie do recesji”;1;http://natemat.pl/140757,palikot-chce-zrobic-porzadek-z-jarubasem-to-zly-marszalek-ktory-doprowadzil-swietokrzyskie-do-recesji
2015-04-27;http://natemat.pl/;Ogórek ma nowy pomysl.  Fundusz, który bedzie placil grzywny za mlodych Polaków;1;http://natemat.pl/140749,ogorek-ma-nowy-pomysl-fundusz-ktory-bedzie-placil-grzywny-za-mlodych-polakow
2015-04-27;http://natemat.pl/;Stracilem noge, ale zyskalem cos innego . Oto historia zwyciezcy  Celebrity Splash , narciarza Andrzeja Szczesnego;1;http://natemat.pl/47945,stracilem-noge-ale-zyskalem-cos-innego-historia-swietnego-narciarza-andrzeja-szczesnego-wywiad
2015-04-27;http://natemat.pl/;Korwin-Mikke: Gra o tron nadal trwa! Prezes na Pyrkonie w Poznaniu;1;http://natemat.pl/140729,korwin-mikke-gra-o-tron-nadal-trwa-prezes-na-pyrkonie-w-poznaniu
2015-04-27;http://natemat.pl/;Ostatnia droga Janusza Palikota;1;http://natemat.pl/140679,ostatnia-droga-janusza-palikota-kampanijny-wyjazd-do-torunia-jak-orszak-zalobny-skloconej-rodziny
2015-04-27;http://natemat.pl/;Prawica zarzuca Komorowskiemu „granie Bartoszewskim”, lecz sama wpisuje jego smierc w kampanie;1;http://natemat.pl/140677,prawica-zarzuca-granie-bartoszewskim-lecz-sama-wpisuje-jego-smierc-jako-element-kampanii
2015-04-27;http://natemat.pl/;Duda i Komorowski rywalizuja ulga na badania i rozwój. Kielbasa wyborcza?;1;http://innpoland.pl/116741,inn-tygodnia-podsumowujemy-tydzien-w-innowacjach
2015-04-27;http://natemat.pl/;Zobacz 7 najlepszych momentów naszej rozmowyz prezydentem Komorowskim!;1;http://natemat.pl/140523,komorowski-na-ama-z-natemat-wygram-ustawe-po-ktorej-skarbowka-bedzie-rozstrzygac-na-korzysc-podatnika
2015-04-27;http://natemat.pl/;Obejrzyj caly wywiad szefów redakcji Grupy naTemat z Bronislawem Komorowskim;1;https://www.youtube.com/watch?v=tgDSXFliId8&feature=youtu.be
2015-04-27;http://www.dziennik.pl;Poseł PiS oskarża prezydenta.  To było zdanie złożone;3;http://wiadomosci.dziennik.pl/polityka/artykuly/488875,sasin-i-ziobro-oskarzaja-komorowskiego-wiceprezes-psl-nie-rozumiecie-zdania-zlozonego.html
2015-04-27;http://www.dziennik.pl;Prezydent Komorowski złożył kondolencje Nepalczykom;1;http://wiadomosci.dziennik.pl/polityka/artykuly/488886,prezydent-bronislaw-komorowski-zlozyl-kondolencje-nepalczykom.html
2015-04-27;http://www.dziennik.pl;Sasin i Ziobro oskarżają Komorowskiego. Wiceprezes PSL: Nie rozumiecie zdania złożonego;1;http://wiadomosci.dziennik.pl/polityka/artykuly/488875,sasin-i-ziobro-oskarzaja-komorowskiego-wiceprezes-psl-nie-rozumiecie-zdania-zlozonego.html
2015-04-27;http://www.dziennik.pl;Prezydent o Władysławie Bartoszewskim: Metr z Sevres polskiego patriotyzmu;1;http://wiadomosci.dziennik.pl/polityka/artykuly/488825,prezydent-komorowski-o-wladyslawie-bartoszewskim-metr-z-sevres-polskiego-patriotyzmu.html
2015-04-27;http://wyborcza.pl/0,0.html?piano_d=1;Janusz Korwin-Mikke straszy wiecami i III wojną;3;http://wyborcza.pl/1,143644,17812941,Korwin_straszy_wiecami_i_III_wojna.html
2015-04-27;http://wyborcza.pl/0,0.html?piano_d=1;Wybory prezydenckie. Jak kandydaci spędzili wyborczy weekend?;2;http://wyborcza.pl/1,75478,17819008,Wybory_prezydenckie__Jak_kandydaci_spedzili_wyborczy.html
2015-04-27;http://wyborcza.pl/0,0.html?piano_d=1;Korwin chce haremu, bowiem jest katolik;3;http://wyborcza.pl/1,75968,17809588,Korwin_chce_haremu__bowiem_jest_katolik__Jak_drzec.html
2015-04-27;http://www.tvp.info/;Tylko u nas                     „Komorowski to rezydent. Chcial sprzedac lasy, aby splacic roszczenia zydowskie”;3;http://www.tvp.info/19830390/komorowski-to-rezydent-chcial-sprzedac-lasy-aby-splacic-roszczenia-zydowskie
2015-04-27;http://www.wp.pl;wazneKorwin-Mikke: jesli oni wygraja, mamy III wojne;2;http://wiadomosci.wp.pl/kat,140394,title,Korwin-Mikke-po-wystapieniu-Schetyny-krytykuje-min-polityke-wschodnia,wid,17478355,wiadomosc.html
2015-04-27;http://www.wprost.pl/;Partia Gowina poparła kandydaturę Andrzeja Dudy;2;http://www.wprost.pl/ar/504268/Partia-Gowina-poparla-kandydature-Andrzeja-Dudy/
2015-04-27;http://www.wprost.pl/;Sondaż: Komorowski 43,8 proc., Duda 32,5 proc. Kukiz trzeci;2;http://www.wprost.pl/ar/504264/Sondaz-Komorowski-438-proc-Duda-325-proc-Kukiz-trzeci/
2015-04-27;http://www.wprost.pl/;Schyłek Palikota;1;http://www.wprost.pl/ar/503992/Schylek-Palikota/
2015-04-27;http://www.wprost.pl/;Prezydent zlecał podsłuchy. Jak afera podsłuchowa "zmiotła" prezydenta;1;http://www.wprost.pl/ar/452873/Prezydent-zlecal-podsluchy-Jak-afera-podsluchowa-zmiotla-prezydenta/
2015-04-27;http://www.onet.pl/;"Czas na zwrot w kampanii Andrzeja Dudy";2;http://wiadomosci.onet.pl/kraj/dr-jaroslaw-flis-dla-wsieci-czas-na-zwrot-w-kampanii-andrzeja-dudy/ny4db5
2015-04-27;http://www.onet.pl/;Najbardziej przewidywalne wybory na swiecie?;2;http://wiadomosci.onet.pl/swiat/wstepne-wyniki-wyborow-nazarbajew-zdobyl-97-7-proc-glosow/z5ms5p
2015-04-27;http://www.onet.pl/;BOR zdradzil sekret zabezpieczen aut prezydenta;2;http://wiadomosci.onet.pl/kraj/bor-zdradzil-tajemnice-zabezpieczen-prezydenckich-aut/vvvvf4
2015-04-27;http://www.newsweek.pl/;Film o Putinie: Prezydent-cudotwórca;4;http://swiat.newsweek.pl/film-o-prezydenturze-wladimira-putina,artykuly,362020,1.html
2015-04-27;http://www.tvn24.pl/;To Magdalena OgÃ³rek, czyâ<U+0080>¦ syntezator â<U+0080><U+009E>Ivonaâ<U+0080>? W kampanii walka o gÅ<U+0082>osy i gÅ<U+0082>os;3;http://fakty.tvn24.pl/ogladaj-online,60/czy-to-magdalena-ogorek-czy-syntezator-ivona-niepokojacy-klip-kandydatki-sld-na-prezydenta,536972.html
2015-04-27;http://www.tvn24.pl/;OdtwÃ³rz: To Magdalena OgÃ³rek, czyâ<U+0080>¦ syntezator â<U+0080><U+009E>Ivonaâ<U+0080>? W kampanii walka o gÅ<U+0082>osy i gÅ<U+0082>os;3;http://fakty.tvn24.pl/ogladaj-online,60/czy-to-magdalena-ogorek-czy-syntezator-ivona-niepokojacy-klip-kandydatki-sld-na-prezydenta,536972.html
2015-04-27;http://www.tvn24.pl/;Kampania wyborcza na Wyspach;3;/raporty/kampania-wyborcza-na-wyspach,938
2015-04-27;http://www.tvn24.pl/;To Magdalena OgÃ³rek, czyâ<U+0080>¦ syntezator â<U+0080><U+009E>Ivonaâ<U+0080>? W kampanii walka o gÅ<U+0082>osy i gÅ<U+0082>os;1;http://fakty.tvn24.pl/ogladaj-online,60/czy-to-magdalena-ogorek-czy-syntezator-ivona-niepokojacy-klip-kandydatki-sld-na-prezydenta,536972.html
2015-04-27;http://www.tvn24.pl/;OdtwÃ³rz: To Magdalena OgÃ³rek, czyâ<U+0080>¦ syntezator â<U+0080><U+009E>Ivonaâ<U+0080>? W kampanii walka o gÅ<U+0082>osy i gÅ<U+0082>os;1;http://fakty.tvn24.pl/ogladaj-online,60/czy-to-magdalena-ogorek-czy-syntezator-ivona-niepokojacy-klip-kandydatki-sld-na-prezydenta,536972.html
2015-04-27;http://www.tvn24.pl/;Kampania wyborcza na Wyspach;1;http://www.tvn24.pl/raporty/kampania-wyborcza-na-wyspach,938
2015-04-27;http://natemat.pl/;Komorowski obiecuje tanie mieszkania na wynajem dla mlodych. Jest juz gotowa ustawa;4;http://natemat.pl/140789,komorowski-obiecuje-tanie-mieszkania-na-wynajem-dla-mlodych-rzad-ma-juz-gotowa-ustawe
2015-04-27;http://natemat.pl/;Nie rozumiem kandydatury Ogórek. Eksperyment wymknal sie spod kontroli;3;http://natemat.pl/140795,aleksander-kwasniewski-o-magdalenie-ogorek-nie-rozumiem-tej-kandydatury-eksperyment-wymknal-sie-spod-kontroli
2015-04-27;http://natemat.pl/;Komorowski bedzie walczyl o podatki nawet przy sprzeciwie rzadu;3;http://innpoland.pl/116733,bronislaw-komorowski-bedzie-walczyl-o-swoj-projekt-podatkowy-prezydent-nie-zrezygnuje-czuje-ze-obywatele-sa-po-jego-stronie
2015-04-27;http://natemat.pl/;Pawlak wesprze Bronislawa Komorowskiego? Zaostrza sie konflikt wewnatrz PSL;3;http://natemat.pl/140765,byly-lider-ludowcow-wesprze-bronislawa-komorowskiego-zaostrza-sie-konflikt-wewnatrz-psl
2015-04-27;http://natemat.pl/;Spadek notowan Komorowskiego i zacieta walka Kukiza i Korwin-Mikkego o trzecie miejsce;1;http://natemat.pl/140761,spadek-notowan-bronislawa-komorowskiego-i-zacieta-walka-kukiza-i-korwin-mikkego-o-trzecie-miejsce
2015-04-27;http://natemat.pl/;Andrzej Duda: Obecna wladza odpowiada za zmiany, które uderzaja w najbiedniejszych;1;http://natemat.pl/140775,andrzej-duda-obecna-wladza-odpowiada-za-zmiany-ktore-uderzaja-w-najbiedniejszych
2015-04-27;http://natemat.pl/;“Tu Andrzej Halicki, w imieniu prezydenta zapraszam na wybory”. Kampania door to door;1;http://natemat.pl/140743,tu-andrzej-halicki-w-imieniu-prezydenta-zapraszam-na-wybory-tak-wyglada-kampania-door-to-door-komorowskiego
2015-04-27;http://natemat.pl/;Dzwonek na telefon  3 slowa Janusza Palikota do Ojca Prowadzacego;1;http://kampaniapalikota.natemat.pl/140771,dzwonek-na-telefon-3-slowa-janusza-palikota-do-ojca-prowadzacego
2015-04-27;http://natemat.pl/;Ogórek ma nowy pomysl.  Fundusz, który bedzie placil grzywny za mlodych Polaków;1;http://natemat.pl/140749,ogorek-ma-nowy-pomysl-fundusz-ktory-bedzie-placil-grzywny-za-mlodych-polakow
2015-04-27;http://natemat.pl/;Kazik glosowal kiedys na Korwin-Mikkego. Teraz nie idzie na wybory;1;http://natemat.pl/140715,kazik-staszewski-glosowal-kiedys-na-korwin-mikkego-teraz-nie-idzie-na-wybory
2015-04-27;http://natemat.pl/;Stracilem noge, ale zyskalem cos innego . Oto historia zwyciezcy  Celebrity Splash , narciarza Andrzeja Szczesnego;1;http://natemat.pl/47945,stracilem-noge-ale-zyskalem-cos-innego-historia-swietnego-narciarza-andrzeja-szczesnego-wywiad
2015-04-27;http://www.gazeta.pl;Putin: prezydent USA obiecał, że im  nakopie do tyłka;1;http://wiadomosci.gazeta.pl/wiadomosci/1,114871,17819371,Putin__nie_zaluje_przylaczenia_Krymu__to_akt_dziejowej.html#BoxNewsLink
2015-04-27;http://www.dziennik.pl;Wybory rozstrzygną się w pierwszej turze? NAJNOWSZY SONDAŻ;2;http://wiadomosci.dziennik.pl/wybory-prezydenckie/artykuly/488925,koniec-marzen-o-wygranej-w-pierwszej-turze-najnowszy-sondaz.html
2015-04-27;http://www.dziennik.pl;Paweł Kukiz oskarża elity: Wygaszają państwo;2;http://wiadomosci.dziennik.pl/wybory-prezydenckie/artykuly/488949,pawel-kukiz-wzywa-wyborcow-odbijcie-polske-z-rak-partyjnych-klanow.html
2015-04-27;http://www.dziennik.pl;Szmal się (nie) postarał. Tak Komorowski go pokonał. WIDEO;2;http://sport.dziennik.pl/news/artykuly/488942,prezydent-komorowski-trafil-do-bramki-slawomira-szmala.html
2015-04-27;http://www.dziennik.pl;Komorowski dla DGP: Rosja może wygrać wojnę nerwów. Żadnej innej;2;http://wiadomosci.dziennik.pl/polityka/artykuly/488928,bronislaw-komorowski-z-zachodem-rosja-moze-wygrac-wojne-nerwow.html
2015-04-27;http://www.dziennik.pl;Poseł PiS oskarża prezydenta.  To było zdanie złożone;2;http://wiadomosci.dziennik.pl/polityka/artykuly/488875,sasin-i-ziobro-oskarzaja-komorowskiego-wiceprezes-psl-nie-rozumiecie-zdania-zlozonego.html
2015-04-27;http://www.dziennik.pl;Komorowski dla DGP: Z Zachodem Rosja może wygrać wojnę nerwów. Ale żadnej innej;1;http://wiadomosci.dziennik.pl/polityka/artykuly/488928,bronislaw-komorowski-z-zachodem-rosja-moze-wygrac-wojne-nerwow.html
2015-04-27;http://www.dziennik.pl;Prezydent Komorowski złożył kondolencje Nepalczykom;1;http://wiadomosci.dziennik.pl/polityka/artykuly/488886,prezydent-bronislaw-komorowski-zlozyl-kondolencje-nepalczykom.html
2015-04-27;http://www.dziennik.pl;Sasin i Ziobro oskarżają Komorowskiego. Wiceprezes PSL: Nie rozumiecie zdania złożonego;1;http://wiadomosci.dziennik.pl/polityka/artykuly/488875,sasin-i-ziobro-oskarzaja-komorowskiego-wiceprezes-psl-nie-rozumiecie-zdania-zlozonego.html
2015-04-27;http://wyborcza.pl/0,0.html?piano_d=1;Prezydent obiecuje czynszówki dla młodych;3;http://wyborcza.pl/1,143644,17819679,Czynszowki_Komorowskiego.html
2015-04-27;http://wyborcza.pl/0,0.html?piano_d=1;Janusz Korwin-Mikke straszy wiecami i III wojną;3;http://wyborcza.pl/1,143644,17812941,Korwin_straszy_wiecami_i_III_wojna.html
2015-04-27;http://www.tvp.info/;Tylko u nas                     „Komorowski to rezydent. Chcial sprzedac lasy, aby splacic roszczenia zydowskie”;3;http://www.tvp.info/19830390/komorowski-to-rezydent-chcial-sprzedac-lasy-aby-splacic-roszczenia-zydowskie
2015-04-27;http://www.wp.pl;Magdalena Og�rek urzekla Krzysztofa  Diablo  Wlodarczyka;3;http://wiadomosci.wp.pl/gid,17480863,kat,1342,title,Tak-zaglosuja-znani-Polacy,galeria.html
2015-04-27;http://www.wp.pl;wazneKorwin-Mikke: jesli oni wygraja, mamy III wojne;2;http://wiadomosci.wp.pl/kat,140394,title,Korwin-Mikke-po-wystapieniu-Schetyny-krytykuje-min-polityke-wschodnia,wid,17478355,wiadomosc.html
2015-04-27;http://www.wprost.pl/;Wybory w Kazachstanie: Nazarbajew prezydentem po raz piąty;2;http://www.wprost.pl/ar/504288/Wybory-w-Kazachstanie-Nazarbajew-prezydentem-po-raz-piaty/
2015-04-27;http://www.wprost.pl/;Partia Gowina poparła kandydaturę Andrzeja Dudy;2;http://www.wprost.pl/ar/504268/Partia-Gowina-poparla-kandydature-Andrzeja-Dudy/
2015-04-27;http://www.wprost.pl/;Sondaż: Komorowski 43,8 proc., Duda 32,5 proc. Kukiz trzeci;2;http://www.wprost.pl/ar/504264/Sondaz-Komorowski-438-proc-Duda-325-proc-Kukiz-trzeci/
2015-04-27;http://www.wprost.pl/;Schyłek Palikota;1;http://www.wprost.pl/ar/503992/Schylek-Palikota/
2015-04-27;http://www.wprost.pl/;Prezydent zlecał podsłuchy. Jak afera podsłuchowa "zmiotła" prezydenta;1;http://www.wprost.pl/ar/452873/Prezydent-zlecal-podsluchy-Jak-afera-podsluchowa-zmiotla-prezydenta/
2015-04-27;http://www.onet.pl/;Byly posel PiS: zwyciestwo Bronislawa Komorowskiego w zasadzie rostrzygniete;2;http://wiadomosci.onet.pl/kraj/marek-migalski-na-lewicy-dojdzie-do-masakry/67yn1j
2015-04-27;http://www.onet.pl/;"Czas na zwrot w kampanii Andrzeja Dudy";2;http://wiadomosci.onet.pl/kraj/dr-jaroslaw-flis-dla-wsieci-czas-na-zwrot-w-kampanii-andrzeja-dudy/ny4db5
2015-04-27;http://www.onet.pl/;BOR zdradzil sekret zabezpieczen aut prezydenta;2;http://wiadomosci.onet.pl/kraj/bor-zdradzil-tajemnice-zabezpieczen-prezydenckich-aut/vvvvf4
2015-04-27;http://www.newsweek.pl/;Film o Putinie: Prezydent-cudotwórca;4;http://swiat.newsweek.pl/film-o-prezydenturze-wladimira-putina,artykuly,362020,1.html
2015-04-27;http://www.tvn24.pl/;To Magdalena OgÃ³rek, czyâ<U+0080>¦ syntezator â<U+0080><U+009E>Ivonaâ<U+0080>? W kampanii walka o gÅ<U+0082>osy i gÅ<U+0082>os;3;http://fakty.tvn24.pl/ogladaj-online,60/czy-to-magdalena-ogorek-czy-syntezator-ivona-niepokojacy-klip-kandydatki-sld-na-prezydenta,536972.html
2015-04-27;http://www.tvn24.pl/;OdtwÃ³rz: To Magdalena OgÃ³rek, czyâ<U+0080>¦ syntezator â<U+0080><U+009E>Ivonaâ<U+0080>? W kampanii walka o gÅ<U+0082>osy i gÅ<U+0082>os;3;http://fakty.tvn24.pl/ogladaj-online,60/czy-to-magdalena-ogorek-czy-syntezator-ivona-niepokojacy-klip-kandydatki-sld-na-prezydenta,536972.html
2015-04-27;http://www.tvn24.pl/;Kampania wyborcza na Wyspach;3;/raporty/kampania-wyborcza-na-wyspach,938
2015-04-27;http://www.tvn24.pl/;To Magdalena OgÃ³rek, czyâ<U+0080>¦ syntezator â<U+0080><U+009E>Ivonaâ<U+0080>? W kampanii walka o gÅ<U+0082>osy i gÅ<U+0082>os;1;http://fakty.tvn24.pl/ogladaj-online,60/czy-to-magdalena-ogorek-czy-syntezator-ivona-niepokojacy-klip-kandydatki-sld-na-prezydenta,536972.html
2015-04-27;http://www.tvn24.pl/;OdtwÃ³rz: To Magdalena OgÃ³rek, czyâ<U+0080>¦ syntezator â<U+0080><U+009E>Ivonaâ<U+0080>? W kampanii walka o gÅ<U+0082>osy i gÅ<U+0082>os;1;http://fakty.tvn24.pl/ogladaj-online,60/czy-to-magdalena-ogorek-czy-syntezator-ivona-niepokojacy-klip-kandydatki-sld-na-prezydenta,536972.html
2015-04-27;http://www.tvn24.pl/;Kampania wyborcza na Wyspach;1;http://www.tvn24.pl/raporty/kampania-wyborcza-na-wyspach,938
2015-04-27;http://natemat.pl/;Nie rozumiem kandydatury Ogórek. Eksperyment wymknal sie spod kontroli;3;http://natemat.pl/140795,aleksander-kwasniewski-o-magdalenie-ogorek-nie-rozumiem-tej-kandydatury-eksperyment-wymknal-sie-spod-kontroli
2015-04-27;http://natemat.pl/;Cel Hofmana: Powrót do PiS albo miejsce na liscie u Korwina. Jesli sie nie uda, to praca w SKOK-ach;3;http://natemat.pl/140801,cel-adama-hofmana-powrot-do-pis-albo-miejsce-na-liscie-u-korwina-jesli-sie-nie-uda-to-praca-w-skok-ach
2015-04-27;http://natemat.pl/;Komorowski obiecuje tanie mieszkania na wynajem dla mlodych. Jest juz gotowa ustawa;3;http://natemat.pl/140789,komorowski-obiecuje-tanie-mieszkania-na-wynajem-dla-mlodych-rzad-ma-juz-gotowa-ustawe
2015-04-27;http://natemat.pl/;Prezydent bedzie walczyl o podatki nawet przy sprzeciwie rzadu. O co dokladnie?;3;http://innpoland.pl/116733,bronislaw-komorowski-bedzie-walczyl-o-swoj-projekt-podatkowy-prezydent-nie-zrezygnuje-czuje-ze-obywatele-sa-po-jego-stronie
2015-04-27;http://natemat.pl/;Spadek notowan Komorowskiego i zacieta walka Kukiza i Korwin-Mikkego o trzecie miejsce;1;http://natemat.pl/140761,spadek-notowan-bronislawa-komorowskiego-i-zacieta-walka-kukiza-i-korwin-mikkego-o-trzecie-miejsce
2015-04-27;http://natemat.pl/;Andrzej Duda: Obecna wladza odpowiada za zmiany, które uderzaja w najbiedniejszych;1;http://natemat.pl/140775,andrzej-duda-obecna-wladza-odpowiada-za-zmiany-ktore-uderzaja-w-najbiedniejszych
2015-04-27;http://natemat.pl/;“Tu Andrzej Halicki, w imieniu prezydenta zapraszam na wybory”. Kampania door to door;1;http://natemat.pl/140743,tu-andrzej-halicki-w-imieniu-prezydenta-zapraszam-na-wybory-tak-wyglada-kampania-door-to-door-komorowskiego
2015-04-27;http://natemat.pl/;Dzwonek na telefon  3 slowa Janusza Palikota do Ojca Prowadzacego;1;http://kampaniapalikota.natemat.pl/140771,dzwonek-na-telefon-3-slowa-janusza-palikota-do-ojca-prowadzacego
2015-04-27;http://natemat.pl/;Ogórek ma nowy pomysl.  Fundusz, który bedzie placil grzywny za mlodych Polaków;1;http://natemat.pl/140749,ogorek-ma-nowy-pomysl-fundusz-ktory-bedzie-placil-grzywny-za-mlodych-polakow
2015-04-27;http://natemat.pl/;Kazik glosowal kiedys na Korwin-Mikkego. Teraz nie idzie na wybory;1;http://natemat.pl/140715,kazik-staszewski-glosowal-kiedys-na-korwin-mikkego-teraz-nie-idzie-na-wybory
2015-04-27;http://natemat.pl/;Stracilem noge, ale zyskalem cos innego . Oto historia zwyciezcy  Celebrity Splash , narciarza Andrzeja Szczesnego;1;http://natemat.pl/47945,stracilem-noge-ale-zyskalem-cos-innego-historia-swietnego-narciarza-andrzeja-szczesnego-wywiad
2015-04-27;http://www.gazeta.pl;Putin: prezydent USA obiecał, że im  nakopie do tyłka;1;http://wiadomosci.gazeta.pl/wiadomosci/1,114871,17819371,Putin__nie_zaluje_przylaczenia_Krymu__to_akt_dziejowej.html#BoxNewsLink
2015-04-27;http://www.dziennik.pl;Wybory rozstrzygną się w pierwszej turze? NAJNOWSZY SONDAŻ;3;http://wiadomosci.dziennik.pl/wybory-prezydenckie/artykuly/488925,koniec-marzen-o-wygranej-w-pierwszej-turze-najnowszy-sondaz.html
2015-04-27;http://www.dziennik.pl;Paweł Kukiz oskarża elity: Wygaszają państwo;2;http://wiadomosci.dziennik.pl/wybory-prezydenckie/artykuly/488949,pawel-kukiz-wzywa-wyborcow-odbijcie-polske-z-rak-partyjnych-klanow.html
2015-04-27;http://www.dziennik.pl;Szmal się (nie) postarał. Tak Komorowski go pokonał. WIDEO;2;http://sport.dziennik.pl/news/artykuly/488942,prezydent-komorowski-trafil-do-bramki-slawomira-szmala.html
2015-04-27;http://www.dziennik.pl;Komorowski dla DGP: Rosja może wygrać wojnę nerwów. Żadnej innej;2;http://wiadomosci.dziennik.pl/polityka/artykuly/488928,bronislaw-komorowski-z-zachodem-rosja-moze-wygrac-wojne-nerwow.html
2015-04-27;http://www.dziennik.pl;Komorowski dla DGP: Z Zachodem Rosja może wygrać wojnę nerwów. Ale żadnej innej;1;http://wiadomosci.dziennik.pl/polityka/artykuly/488928,bronislaw-komorowski-z-zachodem-rosja-moze-wygrac-wojne-nerwow.html
2015-04-27;http://www.dziennik.pl;Prezydent Komorowski złożył kondolencje Nepalczykom;1;http://wiadomosci.dziennik.pl/polityka/artykuly/488886,prezydent-bronislaw-komorowski-zlozyl-kondolencje-nepalczykom.html
2015-04-27;http://www.dziennik.pl;Sasin i Ziobro oskarżają Komorowskiego. Wiceprezes PSL: Nie rozumiecie zdania złożonego;1;http://wiadomosci.dziennik.pl/polityka/artykuly/488875,sasin-i-ziobro-oskarzaja-komorowskiego-wiceprezes-psl-nie-rozumiecie-zdania-zlozonego.html
2015-04-27;http://wyborcza.pl/0,0.html?piano_d=1;Prezydent obiecuje czynszówki dla młodych;3;http://wyborcza.pl/1,143644,17819679,Czynszowki_Komorowskiego.html
2015-04-27;http://wyborcza.pl/0,0.html?piano_d=1;Janusz Korwin-Mikke straszy wiecami i III wojną;3;http://wyborcza.pl/1,143644,17812941,Korwin_straszy_wiecami_i_III_wojna.html
2015-04-27;http://www.tvp.info/;Tylko u nas                     „Komorowski to rezydent. Chcial sprzedac lasy, aby splacic roszczenia zydowskie”;3;http://www.tvp.info/19830390/komorowski-to-rezydent-chcial-sprzedac-lasy-aby-splacic-roszczenia-zydowskie
2015-04-27;http://www.tvp.info/;Ostatnie dwa tygodnie kampanii. Magdalena Ogórek gosciem programu „Dzis wieczorem”;2;http://www.tvp.info.pl/19831775/ostatnie-dwa-tygodnie-kampanii-magdalena-ogorek-gosciem-programu-dzis-wieczorem
2015-04-27;http://www.wp.pl;Andrzej Duda tlumaczy sie z wpadki w�kosciele;4;http://wiadomosci.wp.pl/kat,130496,title,Andrzej-Duda-zmienia-stanowisko-ws-zwiazkow-partnerskich-i-in-vitro-Pod-pewnymi-warunkami,wid,17487489,wiadomosc.html
2015-04-27;http://www.wp.pl;wazneKorwin-Mikke: jesli oni wygraja, mamy III wojne;2;http://wiadomosci.wp.pl/kat,140394,title,Korwin-Mikke-po-wystapieniu-Schetyny-krytykuje-min-polityke-wschodnia,wid,17478355,wiadomosc.html
2015-04-27;http://www.wprost.pl/;Kukiz: Ludzie z krajów islamskich niech jadą do bogatych Niemiec;2;http://www.wprost.pl/ar/504298/Kukiz-Ludzie-z-krajow-islamskich-niech-jada-do-bogatych-Niemiec/
2015-04-27;http://www.wprost.pl/;Wybory na Facebooku . Kukiz coraz silniejszy;2;http://www.wprost.pl/ar/504294/Wybory-na-Facebooku-Kukiz-coraz-silniejszy/
2015-04-27;http://www.wprost.pl/;Duda zaprezentował kolejny spot. Skupia się na wspieraniu rodziny;2;http://www.wprost.pl/ar/504295/Duda-zaprezentowal-kolejny-spot-Skupia-sie-na-wspieraniu-rodziny/
2015-04-27;http://www.wprost.pl/;Wybory w Kazachstanie: Nazarbajew prezydentem po raz piąty;2;http://www.wprost.pl/ar/504288/Wybory-w-Kazachstanie-Nazarbajew-prezydentem-po-raz-piaty/
2015-04-27;http://www.wprost.pl/;Wybory na Facebooku . Kukiz coraz silniejszy;1;http://www.wprost.pl/ar/504294/Wybory-na-Facebooku-Kukiz-coraz-silniejszy/
2015-04-27;http://www.wprost.pl/;Schyłek Palikota;1;http://www.wprost.pl/ar/503992/Schylek-Palikota/
2015-04-27;http://www.wprost.pl/;Prezydent zlecał podsłuchy. Jak afera podsłuchowa "zmiotła" prezydenta;1;http://www.wprost.pl/ar/452873/Prezydent-zlecal-podsluchy-Jak-afera-podsluchowa-zmiotla-prezydenta/
2015-04-27;http://www.onet.pl/;"Cicha wojna" pomiedzy Komorowskim a Kopacz?;2;http://wiadomosci.onet.pl/kraj/wprost-cicha-wojna-miedzy-komorowskim-a-kopacz/s9mnzf
2015-04-27;http://www.newsweek.pl/;Film o Putinie: Prezydent-cudotwórca;4;http://swiat.newsweek.pl/film-o-prezydenturze-wladimira-putina,artykuly,362020,1.html
2015-04-27;http://www.tvn24.pl/;To Magdalena OgÃ³rek, czyâ<U+0080>¦ syntezator Ivona? W kampanii walka o gÅ<U+0082>osy i gÅ<U+0082>os;3;http://fakty.tvn24.pl/ogladaj-online,60/czy-to-magdalena-ogorek-czy-syntezator-ivona-niepokojacy-klip-kandydatki-sld-na-prezydenta,536972.html
2015-04-27;http://www.tvn24.pl/;OdtwÃ³rz: To Magdalena OgÃ³rek, czyâ<U+0080>¦ syntezator Ivona? W kampanii walka o gÅ<U+0082>osy i gÅ<U+0082>os;3;http://fakty.tvn24.pl/ogladaj-online,60/czy-to-magdalena-ogorek-czy-syntezator-ivona-niepokojacy-klip-kandydatki-sld-na-prezydenta,536972.html
2015-04-27;http://www.tvn24.pl/;Pawlakowi bliÅ¼ej do Komorowskiego niÅ¼ Jarubasa? WspÃ³lne zdjÄ<U+0099>cia z prezydentem;3;http://www.tvn24.pl/komorowski-i-pawlak-na-pielgrzymce-strazakow-na-jasnej-gorze,537118,s.html
2015-04-27;http://www.tvn24.pl/;Odtwórz: Pawlakowi bliÅ¼ej do Komorowskiego niÅ¼ Jarubasa? WspÃ³lne zdjÄ<U+0099>cia z prezydentem;3;http://www.tvn24.pl/komorowski-i-pawlak-na-pielgrzymce-strazakow-na-jasnej-gorze,537118,s.html#autoplay
2015-04-27;http://www.tvn24.pl/;Pawlakowi bliÅ¼ej do Komorowskiego niÅ¼ Jarubasa? WspÃ³lne zdjÄ<U+0099>cia z prezydentem;2;http://www.tvn24.pl/pawlakowi-blizej-do-komorowskiego-niz-jarubasa-wspolne-zdjecia-z-prezydentem,537118,s.html
2015-04-27;http://www.tvn24.pl/;To Magdalena OgÃ³rek, czyâ<U+0080>¦ syntezator Ivona? W kampanii walka o gÅ<U+0082>osy i gÅ<U+0082>os;1;http://fakty.tvn24.pl/ogladaj-online,60/czy-to-magdalena-ogorek-czy-syntezator-ivona-niepokojacy-klip-kandydatki-sld-na-prezydenta,536972.html
2015-04-27;http://www.tvn24.pl/;OdtwÃ³rz: To Magdalena OgÃ³rek, czyâ<U+0080>¦ syntezator Ivona? W kampanii walka o gÅ<U+0082>osy i gÅ<U+0082>os;1;http://fakty.tvn24.pl/ogladaj-online,60/czy-to-magdalena-ogorek-czy-syntezator-ivona-niepokojacy-klip-kandydatki-sld-na-prezydenta,536972.html
2015-04-27;http://www.tvn24.pl/;Pawlakowi bliÅ¼ej do Komorowskiego niÅ¼ Jarubasa? WspÃ³lne zdjÄ<U+0099>cia z prezydentem;1;http://www.tvn24.pl/komorowski-i-pawlak-na-pielgrzymce-strazakow-na-jasnej-gorze,537118,s.html
2015-04-27;http://www.tvn24.pl/;Odtwórz: Pawlakowi bliÅ¼ej do Komorowskiego niÅ¼ Jarubasa? WspÃ³lne zdjÄ<U+0099>cia z prezydentem;1;http://www.tvn24.pl/komorowski-i-pawlak-na-pielgrzymce-strazakow-na-jasnej-gorze,537118,s.html#autoplay
2015-04-27;http://natemat.pl/;Cel Hofmana: Powrót do PiS albo miejsce na liscie u Korwina. Jesli sie nie uda, to praca w SKOK-ach;3;http://natemat.pl/140801,cel-adama-hofmana-powrot-do-pis-albo-miejsce-na-liscie-u-korwina-jesli-sie-nie-uda-to-praca-w-skok-ach
2015-04-27;http://natemat.pl/;Komorowski obiecuje tanie mieszkania na wynajem dla mlodych. Jest juz gotowa ustawa;1;http://natemat.pl/140789,komorowski-obiecuje-tanie-mieszkania-na-wynajem-dla-mlodych-rzad-ma-juz-gotowa-ustawe
2015-04-27;http://natemat.pl/;Prezydent bedzie walczyl o podatki nawet przy sprzeciwie rzadu. O co dokladnie chodzi?;1;http://innpoland.pl/116733,bronislaw-komorowski-bedzie-walczyl-o-swoj-projekt-podatkowy-prezydent-nie-zrezygnuje-czuje-ze-obywatele-sa-po-jego-stronie
2015-04-27;http://natemat.pl/;Spadek notowan Komorowskiego i zacieta walka Kukiza i Korwin-Mikkego o trzecie miejsce;1;http://natemat.pl/140761,spadek-notowan-bronislawa-komorowskiego-i-zacieta-walka-kukiza-i-korwin-mikkego-o-trzecie-miejsce
2015-04-27;http://natemat.pl/;Ogórek ma nowy pomysl.  Fundusz, który bedzie placil grzywny za mlodych Polaków;1;http://natemat.pl/140749,ogorek-ma-nowy-pomysl-fundusz-ktory-bedzie-placil-grzywny-za-mlodych-polakow
2015-04-27;http://natemat.pl/;“Tu Andrzej Halicki, w imieniu prezydenta zapraszam na wybory”. Kampania door to door;1;http://natemat.pl/140743,tu-andrzej-halicki-w-imieniu-prezydenta-zapraszam-na-wybory-tak-wyglada-kampania-door-to-door-komorowskiego
2015-04-27;http://natemat.pl/;Dzwonek na telefon  3 slowa Janusza Palikota do Ojca Prowadzacego;1;http://kampaniapalikota.natemat.pl/140771,dzwonek-na-telefon-3-slowa-janusza-palikota-do-ojca-prowadzacego
2015-04-27;http://natemat.pl/;Kazik glosowal kiedys na Korwin-Mikkego. Teraz nie idzie na wybory;1;http://natemat.pl/140715,kazik-staszewski-glosowal-kiedys-na-korwin-mikkego-teraz-nie-idzie-na-wybory
2015-04-27;http://natemat.pl/;Stracilem noge, ale zyskalem cos innego . Oto historia zwyciezcy  Celebrity Splash , narciarza Andrzeja Szczesnego;1;http://natemat.pl/47945,stracilem-noge-ale-zyskalem-cos-innego-historia-swietnego-narciarza-andrzeja-szczesnego-wywiad
2015-04-27;http://www.gazeta.pl;Cała seria spotów Komorowskiego. Są gwiazdy, sportowcy i zwykli Polacy;3;http://wiadomosci.gazeta.pl/wiadomosci/1,143907,17821994,Nowe_spoty_Bronislawa_Komorowskiego__Kto_na_niego.html#Czolka3Img
2015-04-27;http://www.gazeta.pl;Putin: prezydent USA obiecał, że im  nakopie do tyłka;1;http://wiadomosci.gazeta.pl/wiadomosci/1,114871,17819371,Putin__nie_zaluje_przylaczenia_Krymu__to_akt_dziejowej.html#BoxNewsLink
2015-04-27;http://www.dziennik.pl;Wybory rozstrzygną się w pierwszej turze? NAJNOWSZY SONDAŻ;2;http://wiadomosci.dziennik.pl/wybory-prezydenckie/artykuly/488925,koniec-marzen-o-wygranej-w-pierwszej-turze-najnowszy-sondaz.html
2015-04-27;http://www.dziennik.pl;Szmal się (nie) postarał. Tak Komorowski go pokonał. WIDEO;2;http://sport.dziennik.pl/news/artykuly/488942,prezydent-komorowski-trafil-do-bramki-slawomira-szmala.html
2015-04-27;http://www.dziennik.pl;Paweł Kukiz oskarża elity: Wygaszają państwo;2;http://wiadomosci.dziennik.pl/wybory-prezydenckie/artykuly/488949,pawel-kukiz-wzywa-wyborcow-odbijcie-polske-z-rak-partyjnych-klanow.html
2015-04-27;http://www.dziennik.pl;Komorowski dla DGP: Z Zachodem Rosja może wygrać wojnę nerwów. Ale żadnej innej;1;http://wiadomosci.dziennik.pl/polityka/artykuly/488928,bronislaw-komorowski-z-zachodem-rosja-moze-wygrac-wojne-nerwow.html
2015-04-27;http://www.dziennik.pl;Prezydent Komorowski złożył kondolencje Nepalczykom;1;http://wiadomosci.dziennik.pl/polityka/artykuly/488886,prezydent-bronislaw-komorowski-zlozyl-kondolencje-nepalczykom.html
2015-04-27;http://www.dziennik.pl;Sasin i Ziobro oskarżają Komorowskiego. Wiceprezes PSL: Nie rozumiecie zdania złożonego;1;http://wiadomosci.dziennik.pl/polityka/artykuly/488875,sasin-i-ziobro-oskarzaja-komorowskiego-wiceprezes-psl-nie-rozumiecie-zdania-zlozonego.html
2015-04-27;http://wyborcza.pl/0,0.html?piano_d=1;Kandydat narodowców stawia na Łukaszenkę i obniżkę podatków;3;http://bialystok.gazeta.pl/bialystok/1,35241,17821160,Marian_Kowalski__Lukaszenka_i_obnizka_podatkow_to.html
2015-04-27;http://www.tvp.info/;Wajda, Olbrychski i Sonik „glosuja” na Komorowskiego. Chca „rozstrzygnac wybory w I turze”;2;http://www.tvp.info.pl/19833424/wajda-olbrychski-i-sonik-glosuja-na-komorowskiego-chca-rozstrzygnac-wybory-w-i-turze
2015-04-27;http://www.tvp.info/;Duda nie musi przepraszac Korwin-Mikkego za „strzelanie do górników”. Pozew w trybie wyborczym;2;http://www.tvp.info.pl/19833896/duda-nie-musi-przepraszac-korwinmikkego-za-strzelanie-do-gornikow
2015-04-27;http://www.tvp.info/;Tylko u nas   „Komorowski to rezydent. Chcial sprzedac lasy, aby splacic roszczenia zydowskie”;2;http://www.tvp.info.pl/19830390/komorowski-to-rezydent-chcial-sprzedac-lasy-aby-splacic-roszczenia-zydowskie
2015-04-27;http://www.tvp.info/;Ostatnie dwa tygodnie kampanii. Magdalena Ogórek gosciem programu „Dzis wieczorem”;2;http://www.tvp.info.pl/19831775/ostatnie-dwa-tygodnie-kampanii-magdalena-ogorek-gosciem-programu-dzis-wieczorem
2015-04-27;http://www.wp.pl;2 godz.Korwin-Mikke przegral proces z Duda. Echa wywiadu dla WP;2;http://wiadomosci.wp.pl/kat,1342,title,Janusz-Korwin-Mikke-przegral-proces-w-trybie-wyborczym-Andrzej-Duda-nie-musi-go-przepraszac,wid,17489403,wiadomosc.html
2015-04-27;http://www.wp.pl;wazneKorwin-Mikke: jesli oni wygraja, mamy III wojne;2;http://wiadomosci.wp.pl/kat,140394,title,Korwin-Mikke-po-wystapieniu-Schetyny-krytykuje-min-polityke-wschodnia,wid,17478355,wiadomosc.html
2015-04-27;http://www.wp.pl;Janusz Korwin-Mikke przegrał proces w trybie wyborczym. Andrzej Duda nie musi go przepraszać;1;/kat,140394,title,Janusz-Korwin-Mikke-przegral-proces-w-trybie-wyborczym-Andrzej-Duda-nie-musi-go-przepraszac,wid,17489403,wiadomosc.html
2015-04-27;http://www.wprost.pl/;Prezydent Grecji: Narzucone nam działania wykraczały poza to, co...;3;http://www.wprost.pl/ar/504317/Narzucone-nam-dzialania-wykraczaly-poza-to-co-przewiduje-unijne-prawo/
2015-04-27;http://www.wprost.pl/;Prezydent droższy niż rodzina królewska? Sztab Ogórek chce audytu...;2;http://www.wprost.pl/ar/504319/Prezydent-drozszy-niz-rodzina-krolewska-Sztab-Ogorek-chce-audytu-wydatkow/
2015-04-27;http://www.wprost.pl/;Wspólne zdjęcie Pawlaka i Komorowskiego.  Z okruchów zbiera procenty poparcia;2;http://www.wprost.pl/ar/504307/Wspolne-zdjecie-Pawlaka-i-Komorowskiego-Z-okruchow-zbiera-procenty-poparcia/
2015-04-27;http://www.wprost.pl/;Duda: Liczę na debatę. Prezydent nie może dłużej lekceważyć Polaków;2;http://www.wprost.pl/ar/504305/Duda-Licze-na-debate-Prezydent-nie-moze-dluzej-lekcewazyc-Polakow/
2015-04-27;http://www.wprost.pl/;4 nowe spoty wyborcze Komorowskiego;2;http://www.wprost.pl/ar/504304/4-nowe-spoty-wyborcze-Komorowskiego/
2015-04-27;http://www.wprost.pl/;OPZZ RIOR ogłasza poparcie dla Kukiza i powołanie nowej partii;2;http://www.wprost.pl/ar/504303/OPZZ-RIOR-oglasza-poparcie-dla-Kukiza-i-powolanie-nowej-partii/
2015-04-27;http://www.wprost.pl/;Kukiz: Ludzie z krajów islamskich niech jadą do bogatych Niemiec;2;http://www.wprost.pl/ar/504298/Kukiz-Ludzie-z-krajow-islamskich-niech-jada-do-bogatych-Niemiec/
2015-04-27;http://www.wprost.pl/;Wybory na Facebooku . Kukiz coraz silniejszy;2;http://www.wprost.pl/ar/504294/Wybory-na-Facebooku-Kukiz-coraz-silniejszy/
2015-04-27;http://www.wprost.pl/;"Wybory na Facebooku". Kukiz coraz silniejszy;1;http://www.wprost.pl/ar/504294/Wybory-na-Facebooku-Kukiz-coraz-silniejszy/
2015-04-27;http://www.wprost.pl/;Schyłek Palikota;1;http://www.wprost.pl/ar/503992/Schylek-Palikota/
2015-04-27;http://www.wprost.pl/;Prezydent zlecał podsłuchy. Jak afera podsłuchowa "zmiotła" prezydenta;1;http://www.wprost.pl/ar/452873/Prezydent-zlecal-podsluchy-Jak-afera-podsluchowa-zmiotla-prezydenta/
2015-04-27;http://www.onet.pl/;Korwin-Mikke przegral proces w trybie wyborczym;2;http://wiadomosci.onet.pl/kraj/sad-korwin-mikke-przegral-proces-w-trybie-wyborczym-duda-nie-musi-go-przepraszac/mn33b7
2015-04-27;http://www.newsweek.pl/;Adam Hofman doradza Januszowi Korwin-Mikkemu;4;http://polska.newsweek.pl/adam-hofman-doradza-januszowi-korwin-mikkemu,artykuly,362045,1.html
2015-04-27;http://www.newsweek.pl/;Film o Putinie: Prezydent-cudotwórca;4;http://swiat.newsweek.pl/film-o-prezydenturze-wladimira-putina,artykuly,362020,1.html
2015-04-27;http://www.tvn24.pl/;Komorowski z MaÅ<U+0082>yszem, Duda wÅ<U+009B>rÃ³d rodzin, Korwin-Mikke w sÄ<U+0085>dzie, ludowcy w kÅ<U+0082>opocie;3;http://www.tvn24.pl/kampania-prezydencka-ostatnia-prosta-w-kampanii,537202,s.html
2015-04-27;http://www.tvn24.pl/;Odtwórz: Komorowski z MaÅ<U+0082>yszem, Duda wÅ<U+009B>rÃ³d rodzin, Korwin-Mikke w sÄ<U+0085>dzie, ludowcy w kÅ<U+0082>opocie;3;http://www.tvn24.pl/kampania-prezydencka-ostatnia-prosta-w-kampanii,537202,s.html#autoplay
2015-04-27;http://www.tvn24.pl/;Komorowski z MaÅ<U+0082>yszem, Duda wÅ<U+009B>rÃ³d rodzin, Korwin-Mikke w sÄ<U+0085>dzie, ludowcy w kÅ<U+0082>opocie;2;http://www.tvn24.pl/komorowski-z-malyszem-duda-wsrod-rodzin-korwin-mikke-w-sadzie-ludowcy-w-klopocie,537202,s.html
2015-04-27;http://www.tvn24.pl/;Komorowski z MaÅ<U+0082>yszem, Duda wÅ<U+009B>rÃ³d rodzin, Korwin-Mikke w sÄ<U+0085>dzie, ludowcy w kÅ<U+0082>opocie;1;http://www.tvn24.pl/kampania-prezydencka-ostatnia-prosta-w-kampanii,537202,s.html
2015-04-27;http://www.tvn24.pl/;Odtwórz: Komorowski z MaÅ<U+0082>yszem, Duda wÅ<U+009B>rÃ³d rodzin, Korwin-Mikke w sÄ<U+0085>dzie, ludowcy w kÅ<U+0082>opocie;1;http://www.tvn24.pl/kampania-prezydencka-ostatnia-prosta-w-kampanii,537202,s.html#autoplay
2015-04-27;http://natemat.pl/;Maciej Kowalski;3;http://maciejkowalski.natemat.pl/
2015-04-27;http://natemat.pl/;Mity na temat Palikota;3;http://maciejkowalski.natemat.pl/140819,mity-na-temat-palikota
2015-04-27;http://natemat.pl/;Cel Hofmana: Powrót do PiS albo miejsce na liscie u Korwina. Jesli sie nie uda, to praca w SKOK-ach;3;http://natemat.pl/140801,cel-adama-hofmana-powrot-do-pis-albo-miejsce-na-liscie-u-korwina-jesli-sie-nie-uda-to-praca-w-skok-ach
2015-04-27;http://natemat.pl/;Ogórek rozbija sie o sciane krytyki. Agencja, która jej pomaga juz raz miala wpadke;2;http://natemat.pl/140815,najpierw-chcieli-promowac-gdansk-nagim-rolnikiem-biegajacym-po-polu-teraz-robia-kampanie-magdaleny-ogorek
2015-04-27;http://natemat.pl/;Ogórek ma nowy pomysl.  Fundusz, który bedzie placil grzywny za mlodych Polaków;1;http://natemat.pl/140749,ogorek-ma-nowy-pomysl-fundusz-ktory-bedzie-placil-grzywny-za-mlodych-polakow
2015-04-27;http://natemat.pl/;Komorowski obiecuje tanie mieszkania na wynajem dla mlodych. Jest juz gotowa ustawa;1;http://natemat.pl/140789,komorowski-obiecuje-tanie-mieszkania-na-wynajem-dla-mlodych-rzad-ma-juz-gotowa-ustawe
2015-04-27;http://natemat.pl/;Prezydent bedzie walczyl o podatki nawet przy sprzeciwie rzadu. O co dokladnie chodzi?;1;http://innpoland.pl/116733,bronislaw-komorowski-bedzie-walczyl-o-swoj-projekt-podatkowy-prezydent-nie-zrezygnuje-czuje-ze-obywatele-sa-po-jego-stronie
2015-04-27;http://natemat.pl/;Spadek notowan Komorowskiego i zacieta walka Kukiza i Korwin-Mikkego o trzecie miejsce;1;http://natemat.pl/140761,spadek-notowan-bronislawa-komorowskiego-i-zacieta-walka-kukiza-i-korwin-mikkego-o-trzecie-miejsce
2015-04-27;http://www.gazeta.pl;Palikot:  Ułaskawić wszystkich skazanych za posiadanie niewielkiej ilości marihuany  [WYWIAD];3;http://wiadomosci.gazeta.pl/wiadomosci/1,114871,17822481,Wybory_prezydenckie_2015__Janusz_Palikot___Jak_bede.html#Czolka3Img
2015-04-27;http://www.gazeta.pl;Putin: prezydent USA obiecał, że im  nakopie do tyłka;1;http://wiadomosci.gazeta.pl/wiadomosci/1,114871,17819371,Putin__nie_zaluje_przylaczenia_Krymu__to_akt_dziejowej.html#BoxNewsLink
2015-04-27;http://www.dziennik.pl;Wybory rozstrzygną się w pierwszej turze? NAJNOWSZY SONDAŻ;2;http://wiadomosci.dziennik.pl/wybory-prezydenckie/artykuly/488925,koniec-marzen-o-wygranej-w-pierwszej-turze-najnowszy-sondaz.html
2015-04-27;http://www.dziennik.pl;Sztab Ogórek chce audytu. Prezydent droższy niż rodzina królewska?;2;http://wiadomosci.dziennik.pl/wybory-prezydenckie/artykuly/488985,sztab-magdaleny-ogorek-domaga-sie-audytu-wydatkow-kancelarii-prezydenta.html
2015-04-27;http://www.dziennik.pl;Komorowski dla DGP: Z Zachodem Rosja może wygrać wojnę nerwów. Ale żadnej innej;1;http://wiadomosci.dziennik.pl/polityka/artykuly/488928,bronislaw-komorowski-z-zachodem-rosja-moze-wygrac-wojne-nerwow.html
2015-04-27;http://www.dziennik.pl;Prezydent Komorowski złożył kondolencje Nepalczykom;1;http://wiadomosci.dziennik.pl/polityka/artykuly/488886,prezydent-bronislaw-komorowski-zlozyl-kondolencje-nepalczykom.html
2015-04-27;http://www.dziennik.pl;Sasin i Ziobro oskarżają Komorowskiego. Wiceprezes PSL: Nie rozumiecie zdania złożonego;1;http://wiadomosci.dziennik.pl/polityka/artykuly/488875,sasin-i-ziobro-oskarzaja-komorowskiego-wiceprezes-psl-nie-rozumiecie-zdania-zlozonego.html
2015-04-27;http://wyborcza.pl/0,0.html?piano_d=1;Bronisława Komorowskiego popierają muzycy, sportowcy, powstańcy i... zakochane pary;2;http://wyborcza.pl/1,75478,17824661,Bronislawa_Komorowskiego_popieraja_muzycy__sportowcy_.html
2015-04-27;http://www.tvp.info/;Magdalena Ogórek: jezeli  pan prezydent zdecyduje sie przyjsc na debate do TVP,  ja na pewno bede takze;4;http://www.tvp.info.pl/19836570/ogorek-jezeli-pan-prezydent-zdecyduje-sie-przyjsc-na-debate-do-tvp-ja-na-pewno-bede-takze
2015-04-27;http://www.tvp.info/;Wajda, Olbrychski i Sonik „glosuja” na Komorowskiego. Chca „rozstrzygnac wybory w I turze”;2;http://www.tvp.info.pl/19833424/wajda-olbrychski-i-sonik-glosuja-na-komorowskiego-chca-rozstrzygnac-wybory-w-i-turze
2015-04-27;http://www.tvp.info/;Duda nie musi przepraszac Korwin-Mikkego za „strzelanie do górników”. Pozew w trybie wyborczym;2;http://www.tvp.info.pl/19833896/duda-nie-musi-przepraszac-korwinmikkego-za-strzelanie-do-gornikow
2015-04-27;http://www.tvp.info/;Tylko u nas   „Komorowski to rezydent. Chcial sprzedac lasy, aby splacic roszczenia zydowskie”;2;http://www.tvp.info.pl/19830390/komorowski-to-rezydent-chcial-sprzedac-lasy-aby-splacic-roszczenia-zydowskie
2015-04-27;http://www.wp.pl;Petru o kampanii: Politycy nie potrafia liczyc. Mozemy przegrac wielka szanse;4;http://www.money.pl/gospodarka/wiadomosci/artykul/ryszard-petru-dla-money-pl-polscy-politycy,64,0,1773888.html
2015-04-27;http://www.wp.pl;wazneKorwin-Mikke przegral echa wywiadu w WP;2;http://wiadomosci.wp.pl/kat,1342,title,Janusz-Korwin-Mikke-przegral-proces-w-trybie-wyborczym-Andrzej-Duda-nie-musi-go-przepraszac,wid,17489403,wiadomosc.html
2015-04-27;http://www.wp.pl;wazneKorwin-Mikke: jesli oni wygraja, mamy III wojne;2;http://wiadomosci.wp.pl/kat,140394,title,Korwin-Mikke-po-wystapieniu-Schetyny-krytykuje-min-polityke-wschodnia,wid,17478355,wiadomosc.html
2015-04-27;http://www.wp.pl;Janusz Korwin-Mikke przegrał proces w trybie wyborczym. Andrzej Duda nie musi go przepraszać;1;/kat,140394,title,Janusz-Korwin-Mikke-przegral-proces-w-trybie-wyborczym-Andrzej-Duda-nie-musi-go-przepraszac,wid,17489403,wiadomosc.html
2015-04-27;http://www.wprost.pl/;Prezydent Grecji: Narzucone nam działania wykraczały poza to, co...;3;http://www.wprost.pl/ar/504317/Narzucone-nam-dzialania-wykraczaly-poza-to-co-przewiduje-unijne-prawo/
2015-04-27;http://www.wprost.pl/;Kamiński: Nie wykluczam, że mogłoby dojść do koalicji PiS-KORWiN;2;http://www.wprost.pl/ar/504333/Kaminski-Nie-wykluczam-ze-mogloby-dojsc-do-koalicji-PiS-KORWiN/
2015-04-27;http://www.wprost.pl/;Prezydent Nepalu: Jesteśmy gotowi stawić czoła tej katastrofie;2;http://www.wprost.pl/ar/504330/Prezydent-Nepalu-Jestesmy-gotowi-stawic-czola-tej-katastrofie/
2015-04-27;http://www.wprost.pl/;Zagonię Kopacz do roboty . Nowy spot wyborczy Janusza Korwin-Mikkego;2;http://www.wprost.pl/ar/504329/Zagonie-Kopacz-do-roboty-Nowy-spot-wyborczy-Janusza-Korwin-Mikkego/
2015-04-27;http://www.wprost.pl/;Ranking: Palikot rządzi na Twitterze, Kukiz najlepszym debiutantem;2;http://www.wprost.pl/ar/504297/Ranking-Palikot-rzadzi-na-Twitterze-Kukiz-najlepszym-debiutantem/
2015-04-27;http://www.wprost.pl/;Prezydent droższy niż rodzina królewska? Sztab Ogórek chce audytu wydatków;2;http://www.wprost.pl/ar/504319/Prezydent-drozszy-niz-rodzina-krolewska-Sztab-Ogorek-chce-audytu-wydatkow/
2015-04-27;http://www.wprost.pl/;Ranking: Palikot rządzi na Twitterze, Kukiz najlepszym debiutantem;1;http://www.wprost.pl/ar/504297/Ranking-Palikot-rzadzi-na-Twitterze-Kukiz-najlepszym-debiutantem/
2015-04-27;http://www.wprost.pl/;"Wybory na Facebooku". Kukiz coraz silniejszy;1;http://www.wprost.pl/ar/504294/Wybory-na-Facebooku-Kukiz-coraz-silniejszy/
2015-04-27;http://www.wprost.pl/;Schyłek Palikota;1;http://www.wprost.pl/ar/503992/Schylek-Palikota/
2015-04-27;http://www.wprost.pl/;Prezydent zlecał podsłuchy. Jak afera podsłuchowa "zmiotła" prezydenta;1;http://www.wprost.pl/ar/452873/Prezydent-zlecal-podsluchy-Jak-afera-podsluchowa-zmiotla-prezydenta/
2015-04-27;http://www.onet.pl/;Kaminski: mogloby dojsc do koalicji PiS-KORWiN;2;http://wiadomosci.onet.pl/kraj/kaminski-polsce-moze-byc-zafundowana-koalicja-rodem-z-horroru/wvs5wk
2015-04-27;http://www.newsweek.pl/;Adam Hofman doradza Januszowi Korwin-Mikkemu;4;http://polska.newsweek.pl/adam-hofman-doradza-januszowi-korwin-mikkemu,artykuly,362045,1.html
2015-04-27;http://www.newsweek.pl/;Duda stracil impet. Komorowski go nie nabral;4;http://polska.newsweek.pl/czy-bedzie-druga-tura-wyborow-wybory-2015,artykuly,362056,1.html
2015-04-27;http://www.newsweek.pl/;Film o Putinie: Prezydent-cudotwórca;3;http://swiat.newsweek.pl/film-o-prezydenturze-wladimira-putina,artykuly,362020,1.html
2015-04-27;http://www.tvn24.pl/;Czy zakazaÄ<U+0087> in vitro? Czy Andrzej Duda zmieniÅ<U+0082> zdanie w tej sprawie?;3;http://www.tvn24.pl/wideo/z-anteny/mastalerek-duda-nie-zmienil-zdania-w-sprawie-in-vitro,1417303.html?playlist_id=18201
2015-04-27;http://www.tvn24.pl/;OdtwÃ³rz: Czy zakazaÄ<U+0087> in vitro? Czy Andrzej Duda zmieniÅ<U+0082> zdanie w tej sprawie?;3;http://www.tvn24.pl/wideo/z-anteny/mastalerek-duda-nie-zmienil-zdania-w-sprawie-in-vitro,1417303.html?playlist_id=18201
2015-04-27;http://www.tvn24.pl/;Koalicja PiS-KORWiN?  Nie wykluczam, Å¼e mogÅ<U+0082>oby do niej dojÅ<U+009B>Ä<U+0087>;3;http://www.tvn24.pl/kropka-nad-i-michal-kaminski-w-kropce-nad-i,537296,s.html
2015-04-27;http://www.tvn24.pl/;Odtwórz: Koalicja PiS-KORWiN?  Nie wykluczam, Å¼e mogÅ<U+0082>oby do niej dojÅ<U+009B>Ä<U+0087>;3;http://www.tvn24.pl/kropka-nad-i-michal-kaminski-w-kropce-nad-i,537296,s.html#autoplay
2015-04-27;http://www.tvn24.pl/;Jak Janusz Korwin-Mikke staÅ<U+0082> siÄ<U+0099> najchÄ<U+0099>tniej cytowanym polskim politykiem w Rosji;3;http://www.tvn24.pl/wideo/z-anteny/27-04-korwin-mikke-o-prezydencie-rosji-jego-ekscelencja-putin,1417271.html?playlist_id=18540
2015-04-27;http://www.tvn24.pl/;OdtwÃ³rz: Jak Janusz Korwin-Mikke staÅ<U+0082> siÄ<U+0099> najchÄ<U+0099>tniej cytowanym polskim politykiem w Rosji;3;http://www.tvn24.pl/wideo/z-anteny/27-04-korwin-mikke-o-prezydencie-rosji-jego-ekscelencja-putin,1417271.html?playlist_id=18540
2015-04-27;http://www.tvn24.pl/;Pierwsze damy w kampanii. Kto stoi za kandydatami na prezydenta?;2;http://www.tvn24.pl/wiadomosci-z-kraju,3/pierwsze-damy-w-kampanii-kto-stoi-za-kandydatami-na-prezydenta,537324.html
2015-04-27;http://www.tvn24.pl/;Pierwsze damy w kampanii. Kto stoi za kandydatami na prezydenta?;2;http://www.tvn24.pl/pierwsze-damy-w-kampanii-zony-kandydatow-na-prezydenta,537324,s.html
2015-04-27;http://www.tvn24.pl/;Koalicja PiS-KORWiN?  Nie wykluczam, Å¼e mogÅ<U+0082>oby do niej dojÅ<U+009B>Ä<U+0087>;2;http://www.tvn24.pl/koalicja-pis-korwin-nie-wykluczam-ze-mogloby-do-niej-dojsc,537296,s.html
2015-04-27;http://www.tvn24.pl/;Czy zakazaÄ<U+0087> in vitro? Czy Andrzej Duda zmieniÅ<U+0082> zdanie w tej sprawie?;1;http://www.tvn24.pl/wideo/z-anteny/mastalerek-duda-nie-zmienil-zdania-w-sprawie-in-vitro,1417303.html?playlist_id=18201
2015-04-27;http://www.tvn24.pl/;OdtwÃ³rz: Czy zakazaÄ<U+0087> in vitro? Czy Andrzej Duda zmieniÅ<U+0082> zdanie w tej sprawie?;1;http://www.tvn24.pl/wideo/z-anteny/mastalerek-duda-nie-zmienil-zdania-w-sprawie-in-vitro,1417303.html?playlist_id=18201
2015-04-27;http://www.tvn24.pl/;Koalicja PiS-KORWiN?  Nie wykluczam, Å¼e mogÅ<U+0082>oby do niej dojÅ<U+009B>Ä<U+0087>;1;http://www.tvn24.pl/kropka-nad-i-michal-kaminski-w-kropce-nad-i,537296,s.html
2015-04-27;http://www.tvn24.pl/;Odtwórz: Koalicja PiS-KORWiN?  Nie wykluczam, Å¼e mogÅ<U+0082>oby do niej dojÅ<U+009B>Ä<U+0087>;1;http://www.tvn24.pl/kropka-nad-i-michal-kaminski-w-kropce-nad-i,537296,s.html#autoplay
2015-04-27;http://www.tvn24.pl/;Jak Janusz Korwin-Mikke staÅ<U+0082> siÄ<U+0099> najchÄ<U+0099>tniej cytowanym polskim politykiem w Rosji;1;http://www.tvn24.pl/wideo/z-anteny/27-04-korwin-mikke-o-prezydencie-rosji-jego-ekscelencja-putin,1417271.html?playlist_id=18540
2015-04-27;http://www.tvn24.pl/;OdtwÃ³rz: Jak Janusz Korwin-Mikke staÅ<U+0082> siÄ<U+0099> najchÄ<U+0099>tniej cytowanym polskim politykiem w Rosji;1;http://www.tvn24.pl/wideo/z-anteny/27-04-korwin-mikke-o-prezydencie-rosji-jego-ekscelencja-putin,1417271.html?playlist_id=18540
2015-04-27;http://natemat.pl/;Michal Kaminski o sojuszu Kaczynskiegoi Korwin-Mikkego: Koalicja rodem z horroru;3;http://natemat.pl/140885,michal-kaminski-o-mozliwym-aliansie-kaczynskiego-i-korwina-koalicja-rodem-z-horroru
2015-04-27;http://natemat.pl/;Duda nie musi przepraszac Korwina.  Strzelanie do górników  nie bylo klamstwem;3;http://natemat.pl/140875,andrzej-duda-nie-musi-przepraszac-korwin-mikkego-strzelanie-do-gornikow-nie-bylo-klamstwem
2015-04-27;http://natemat.pl/;Wybory miss kontrowersyjne, ale nadal w cenie.  Konkursy pieknosci to swietny start;3;http://natemat.pl/140867,miss-nadal-w-cenie-eksperci-przekonuja-konkursy-pieknosci-to-swietny-start-dla-kariery
2015-04-27;http://natemat.pl/;Nie rozumiem kandydatury Ogórek. Eksperyment wymknal sie spod kontroli;2;http://natemat.pl/140795,aleksander-kwasniewski-o-magdalenie-ogorek-nie-rozumiem-tej-kandydatury-eksperyment-wymknal-sie-spod-kontroli
2015-04-27;http://natemat.pl/;Ogórek rozbija sie o sciane krytyki. Agencja, która jej pomaga juz raz miala wpadke;2;http://natemat.pl/140815,najpierw-chcieli-promowac-gdansk-nagim-rolnikiem-biegajacym-po-polu-teraz-robia-kampanie-magdaleny-ogorek
2015-04-27;http://natemat.pl/;Maciej Kowalski;1;http://maciejkowalski.natemat.pl/
2015-04-27;http://natemat.pl/;Mity na temat Palikota;1;http://maciejkowalski.natemat.pl/140819,mity-na-temat-palikota
2015-04-27;http://natemat.pl/;Ogórek ma nowy pomysl.  Fundusz, który bedzie placil grzywny za mlodych Polaków;1;http://natemat.pl/140749,ogorek-ma-nowy-pomysl-fundusz-ktory-bedzie-placil-grzywny-za-mlodych-polakow
2015-04-27;http://natemat.pl/;Cel Hofmana: Powrót do PiS albo miejsce na liscie u Korwina. Jesli sie nie uda, to praca w SKOK-ach;1;http://natemat.pl/140801,cel-adama-hofmana-powrot-do-pis-albo-miejsce-na-liscie-u-korwina-jesli-sie-nie-uda-to-praca-w-skok-ach
2015-04-27;http://natemat.pl/;Komorowski obiecuje tanie mieszkania na wynajem dla mlodych. Jest juz gotowa ustawa;1;http://natemat.pl/140789,komorowski-obiecuje-tanie-mieszkania-na-wynajem-dla-mlodych-rzad-ma-juz-gotowa-ustawe
2015-04-27;http://natemat.pl/;Prezydent bedzie walczyl o podatki nawet przy sprzeciwie rzadu. O co dokladnie chodzi?;1;http://innpoland.pl/116733,bronislaw-komorowski-bedzie-walczyl-o-swoj-projekt-podatkowy-prezydent-nie-zrezygnuje-czuje-ze-obywatele-sa-po-jego-stronie
2015-04-27;http://natemat.pl/;Spadek notowan Komorowskiego i zacieta walka Kukiza i Korwin-Mikkego o trzecie miejsce;1;http://natemat.pl/140761,spadek-notowan-bronislawa-komorowskiego-i-zacieta-walka-kukiza-i-korwin-mikkego-o-trzecie-miejsce
2015-04-27;http://www.gazeta.pl;Putin: prezydent USA obiecał, że im  nakopie do tyłka;1;http://wiadomosci.gazeta.pl/wiadomosci/1,114871,17819371,Putin__nie_zaluje_przylaczenia_Krymu__to_akt_dziejowej.html#BoxNewsLink
2015-04-27;http://www.dziennik.pl;Wybory rozstrzygną się w pierwszej turze? NAJNOWSZY SONDAŻ;2;http://wiadomosci.dziennik.pl/wybory-prezydenckie/artykuly/488925,koniec-marzen-o-wygranej-w-pierwszej-turze-najnowszy-sondaz.html
2015-04-27;http://www.dziennik.pl;Sztab Ogórek chce audytu. Prezydent droższy niż rodzina królewska?;2;http://wiadomosci.dziennik.pl/wybory-prezydenckie/artykuly/488985,sztab-magdaleny-ogorek-domaga-sie-audytu-wydatkow-kancelarii-prezydenta.html
2015-04-27;http://www.dziennik.pl;Komorowski dla DGP: Z Zachodem Rosja może wygrać wojnę nerwów. Ale żadnej innej;1;http://wiadomosci.dziennik.pl/polityka/artykuly/488928,bronislaw-komorowski-z-zachodem-rosja-moze-wygrac-wojne-nerwow.html
2015-04-27;http://www.dziennik.pl;Prezydent Komorowski złożył kondolencje Nepalczykom;1;http://wiadomosci.dziennik.pl/polityka/artykuly/488886,prezydent-bronislaw-komorowski-zlozyl-kondolencje-nepalczykom.html
2015-04-27;http://wyborcza.pl/0,0.html?piano_d=1;Komorowskiego popierają muzycy, sportowcy, powstańcy i... zakochani;3;http://wyborcza.pl/1,143644,17824661,Bronislawa_Komorowskiego_popieraja_muzycy__sportowcy_.html
2015-04-27;http://wyborcza.pl/0,0.html?piano_d=1;In vitro? Andrzej Duda: Jestem pewien, że Episkopat poparłby moje rozwiązanie;2;http://wyborcza.pl/1,75478,17825339,In_vitro__Andrzej_Duda__Jestem_pewien__ze_Episkopat.html
