"date";"portal";"title";"position";"link"
2015-05-15;http://www.tvp.info/;„Mamy kredyty, placimy podatki. Róznimy sie tylko tym, ze nasz tata jest prezydentem”. Rodzina wspiera Komorowskiego;4;http://www.tvp.info.pl/20066460/mamy-kredyty-placimy-podatki-roznimy-sie-tylko-tym-ze-nasz-tata-jest-prezydentem-rodzina-wspiera-komorowskiego
2015-05-15;http://www.tvp.info/;08:38                             Tylko u nas                     Petru: wole kandydata, który potrafi liczyc. Czulbym sie niekomfortowo, glosujac na Dude;3;http://www.tvp.info/20067708/petru-wole-kandydata-ktory-potrafi-liczyc-czulbym-sie-niekomfortowo-glosujac-na-dude
2015-05-15;http://www.tvp.info/;Wieczorne spotkanie prezydenta w Sejmie. Sikorski: Platforma jest zmobilizowana, wygramy te wybory;3;http://www.tvp.info/20058998/wieczorne-spotkanie-prezydenta-w-sejmie-sikorski-wygramy-te-wybory
2015-05-15;http://www.tvp.info/;Sztab Komorowskiego demaskuje chlopaka w zóltej bluzie. „PiS cynicznie wykorzystuje swoich dzialaczy”;2;http://www.tvp.info.pl/20053564/sztab-komorowskiego-kontratakuje-pis-cynicznie-wykorzystuje-swoich-dzialaczy
2015-05-15;http://www.tvp.info/;Starcie Komorowskiego z Duda 17 maja w TVP i Polsacie. Kandydatów przepytaja Ziemiec i Gawryluk;2;http://www.tvp.info.pl/20054370/starcie-komorowskiego-z-duda-17-maja-w-tvp-i-polsacie-kandydatow-przepytaja-ziemiec-i-gawryluk
2015-05-15;http://www.wp.pl;Dzieci Komorowskiego wychodza z cienia - nagraly film;3;http://wiadomosci.wp.pl/kat,1342,title,Dzieci-Komorowskiego-wychodza-z-cienia,wid,17539834,wiadomosc.html
2015-05-15;http://www.wp.pl;Zwycieski sondaz dla Dudy. Jest reakcja PO;3;http://wiadomosci.wp.pl/kat,1342,title,Zwycieski-sondaz-dla-Andrzeja-Dudy-Jest-reakcja-PO,wid,17540072,wiadomosc.html
2015-05-15;http://www.wp.pl;PSL poprze Komorowskiego, ale stawia warunki;3;http://wiadomosci.wp.pl/kat,1342,title,PSL-poprze-Bronislawa-Komorowskiego-ale-stawia-warunki,wid,17540245,wiadomosc.html
2015-05-15;http://www.wp.pl;Chca wykupic PKM Duda. Co z tego wyniknie?;3;http://www.money.pl/gielda/wiadomosci/artykul/cedrob-chce-przejac-akcje-pkm-duda-jest,42,0,1797674.html
2015-05-15;http://www.wp.pl;1 godz.Politolog o kampanii: zenujaca demagogia;2;http://wiadomosci.wp.pl/kat,1342,title,Politolog-o-kampanii-zenujace-wydarzenia-i-festiwal-demagogii,wid,17539135,wiadomosc.html
2015-05-15;http://www.wp.pl;wazne Tylko to uratuje Komorowskiego;2;http://wiadomosci.wp.pl/kat,1027139,title,Eksperci-Bronislaw-Komorowski-w-powaznych-tarapatach,wid,17532184,wiadomosc.html
2015-05-15;http://www.wp.pl;wazneWypadek na ul. Bora Komorowskiego. Sa ranni;2;http://wiadomosci.wp.pl/kat,1019401,title,Wypadek-na-ulicy-Bora-Komorowskiego-w-Krakowie-Sa-ranni,wid,17538495,wiadomosc.html
2015-05-15;http://www.wp.pl;Anna Komorowska: pomyślałam, że to dla nas lekcja pokory;1;/kat,140394,title,Anna-Komorowska-pomyslalam-ze-to-dla-nas-lekcja-pokory,wid,17540311,wiadomosc.html
2015-05-15;http://www.wp.pl;PSL poprze Bronisława Komorowskiego, ale stawia warunki;1;/kat,140394,title,PSL-poprze-Bronislawa-Komorowskiego-ale-stawia-warunki,wid,17540245,wiadomosc.html
2015-05-15;http://www.wp.pl;Zwycięski sondaż dla Andrzeja Dudy. Jest reakcja PO;1;/kat,140394,title,Zwycieski-sondaz-dla-Andrzeja-Dudy-Jest-reakcja-PO,wid,17540072,wiadomosc.html
2015-05-15;http://www.wp.pl;Dzieci Komorowskiego wychodzą z cienia;1;/kat,140394,title,Dzieci-Komorowskiego-wychodza-z-cienia,wid,17539834,wiadomosc.html
2015-05-15;http://www.wprost.pl/;Najnowszy sondaż: Duda przed Komorowskim;4;http://www.wprost.pl/ar/506597/Najnowszy-sondaz-Duda-przed-Komorowskim/
2015-05-15;http://www.wprost.pl/;Grupiński: Duda  DudaPomocą  chce pokazać, że coś robi w tej sprawie;2;http://www.wprost.pl/ar/506680/Grupinski-Duda-DudaPomoca-chce-pokazac-ze-cos-robi-w-tej-sprawie/
2015-05-15;http://www.wprost.pl/;Nasz tata jest prezydentem . Dzieci Komorowskiego nagrały spot;2;http://www.wprost.pl/ar/506677/Nasz-tata-jest-prezydentem-Dzieci-Komorowskiego-nagraly-spot/
2015-05-15;http://www.wprost.pl/;Sasin: Komorowski nie umiał odpowiedzieć, gadał głupoty, albo musiał słuchać pani, która podpowiadała;2;http://www.wprost.pl/ar/506605/Sasin-Komorowski-nie-umial-odpowiedziec-gadal-glupoty-albo-musial-sluchac-pani-ktora-podpowiadala/
2015-05-15;http://www.wprost.pl/;Komorowski wystąpi u Wojewódzkiego;2;http://www.wprost.pl/ar/506604/Komorowski-wystapi-u-Wojewodzkiego/
2015-05-15;http://www.wprost.pl/;Senackie komisje poparły wniosek prezydenta ws. referendum;2;http://www.wprost.pl/ar/506600/Senackie-komisje-poparly-wniosek-prezydenta-ws-referendum/
2015-05-15;http://www.wprost.pl/;Najnowszy sondaż: Duda przed Komorowskim;2;http://www.wprost.pl/ar/506597/Najnowszy-sondaz-Duda-przed-Komorowskim/
2015-05-15;http://www.wprost.pl/;Flis przed drugą turą wyborów: Kandydaci nie bardzo mają do kogo się umizgiwać;1;http://www.wprost.pl/ar/506570/Flis-przed-druga-tura-wyborow-Kandydaci-nie-bardzo-maja-do-kogo-sie-umizgiwac/
2015-05-15;http://www.wprost.pl/;Gowin: Referendum prezydenta sprawi, że Kukiz będzie miał więcej posłów niż PO;1;http://www.wprost.pl/ar/506320/Gowin-Referendum-prezydenta-sprawi-ze-Kukiz-bedzie-mial-wiecej-poslow-niz-PO/
2015-05-15;http://www.wprost.pl/;Żelichowski: Propozycja prezydenta? Nikt z nami tego nie uzgadniał;1;http://www.wprost.pl/ar/506319/Zelichowski-Propozycja-prezydenta-Nikt-z-nami-tego-nie-uzgadnial/
2015-05-15;http://www.wprost.pl/;Po porażce Jarubasa czas zaprzyjaźnić się z Piechocińskim;1;http://www.wprost.pl/ar/506304/Po-porazce-Jarubasa-czas-zaprzyjaznic-sie-z-Piechocinskim/
2015-05-15;http://www.wprost.pl/;Kukiz wszystkich Polaków;1;http://www.wprost.pl/ar/506221/Kukiz-wszystkich-Polakow/
2015-05-15;http://www.wprost.pl/;Niesiołowski: Kukiz to posiew zatrutego ziarna rozsiewanego przez Kaczyńskiego;1;http://www.wprost.pl/ar/506096/Niesiolowski-Kukiz-to-posiew-zatrutego-ziarna-rozsiewanego-przez-Kaczynskiego/
2015-05-15;http://www.wprost.pl/;Prezydent poobijany;1;http://www.wprost.pl/ar/506087/Prezydent-poobijany/
2015-05-15;http://www.onet.pl/;Apel Kaczynskiego dot. finansowania kampanii Dudy;2;http://wiadomosci.onet.pl/kraj/gw-pis-zrzuca-sie-na-kampanie-dudy/h9wnj3
2015-05-15;http://www.onet.pl/;Dzieci Komorowskiego wystapily w klipie;2;http://wiadomosci.onet.pl/dzieci-komorowskiego-wlaczaja-sie-w-kampanie/vy1sxm
2015-05-15;http://www.onet.pl/;Malgorzata Kukiz zdradza szczególy z zycia meza;2;http://www.fakt.pl/polityka/malgorzata-kukiz-w-rozmowie-z-faktem-malgorzata-kukiz-o-mezu,artykuly,545136.html
2015-05-15;http://www.onet.pl/;Komorowski ma pomysl na 100 tys. miejsc pracy;2;http://biznes.onet.pl/wiadomosci/kraj/gazeta-wyborcza-100-tys-miejsc-pracy-po-raz-pierwszy/m1d7d7
2015-05-15;http://www.onet.pl/;Andrzej Duda krytykuje bylego premiera rzadu PiS;2;http://wiadomosci.onet.pl/kraj/andrzej-duda-krytykuje-kazimierza-marcinkiewicza/1hrxes
2015-05-15;http://www.onet.pl/;Duda tez ma swoja "suflerke". "Idz, pocaluj";2;http://wiadomosci.onet.pl/beata-szydlo-suflerka-dudy-idz-pocaluj/l1wsrc
2015-05-15;http://www.onet.pl/;Suflerka Komorowskiego podbija internet!;2;http://wiadomosci.onet.pl/kraj/suflerka-prezydenta-podbija-internet/we5c9b
2015-05-15;http://www.onet.pl/;Nerwowy i populistyczny ruch prezydenta;2;http://wiadomosci.onet.pl/kraj/konstytucyjny-balagan/1f2ckl
2015-05-15;http://www.onet.pl/;Swiatelko w tunelu dla Komorowskiego;2;http://wiadomosci.onet.pl/tylko-w-onecie/roman-giertych-jest-swiatelko-w-tunelu-dla-komorowskiego/c3g9xm
2015-05-15;http://www.newsweek.pl/;Kampania Komorowskiego: Samobój za samobójem;4;http://polska.newsweek.pl/debata-prezydencka-komorowski-duda-prowadzacy,artykuly,363179,1.html
2015-05-15;http://www.newsweek.pl/;Pewnie nas nie znacie? . Rodzina Komorowskiego w nowym spocie;4;http://polska.newsweek.pl/spot-komorowskiego-z-rodzina-kampania-prezydencka,artykuly,363176,1.html
2015-05-15;http://www.newsweek.pl/;Duda wyprzedza Komorowskiego w II turze;3;http://polska.newsweek.pl/sondaz-poparcie-dla-dudy-i-komorowskiego-przed-ii-tura-wyborow,artykuly,363161,1.html
2015-05-15;http://www.newsweek.pl/;PiS podstawia Komorowskiemu  ludzi z ulicy ?;3;http://polska.newsweek.pl/pis-podstawia-komorowskiemu-dzialaczy-newsweek-pl,artykuly,363137,1.html
2015-05-15;http://www.newsweek.pl/;Komorowski i Duda w terenie. Przekonuja przekonanych?;2;http://polska.newsweek.pl/kampania-wyborcza-duda-i-komorowski-walka-o-glosy,artykuly,363149,1.html
2015-05-15;http://www.newsweek.pl/;Prezydent ma nowe haslo wyborcze;2;http://polska.newsweek.pl/prezydent-ma-nowe-haslo-komorowski-prezydent-wolnosci-,artykuly,363146,1.html
NA
2015-05-15;http://www.tvn24.pl/;Pewnie nas nie znacie . Dzieci prezydenta nagraly  spot;3;http://www.tvn24.pl/dzieci-komorowskiego-zachecaja-do-glosowania,542518,s.html
2015-05-15;http://www.tvn24.pl/;Odtwórz:  Pewnie nas nie znacie . Dzieci prezydenta nagraÅ<U+0082>y  spot;3;http://www.tvn24.pl/dzieci-komorowskiego-zachecaja-do-glosowania,542518,s.html#autoplay
2015-05-15;http://www.tvn24.pl/;Duda przed Komorowskim w II turze. Wielu wyborcÃ³w jeszcze niezdecydowanych;3;http://fakty.tvn24.pl/r/duda-czy-komorowski-kto-wygra-w-ii-turze-sondaz-millward-brown-dla-faktow-tvn-i-tvn24,542424.html
2015-05-15;http://www.tvn24.pl/;Odtwórz: Duda przed Komorowskim w II turze. Wielu wyborcÃ³w jeszcze niezdecydowanych;3;http://fakty.tvn24.pl/r/duda-czy-komorowski-kto-wygra-w-ii-turze-sondaz-millward-brown-dla-faktow-tvn-i-tvn24,542424.html#autoplay
2015-05-15;http://www.tvn24.pl/;Musimy sobie poszukaÄ<U+0087> takiego zbiorowego PawÅ<U+0082>a Kukiza na lewicy . Kto w nowej partii?;3;http://www.tvn24.pl/polska-i-swiat,33,m/lewica-na-zakrecie,542508.html
2015-05-15;http://www.tvn24.pl/;OdtwÃ³rz:  Musimy sobie poszukaÄ<U+0087> takiego zbiorowego PawÅ<U+0082>a Kukiza na lewicy . Kto w nowej partii?;3;http://www.tvn24.pl/polska-i-swiat,33,m/lewica-na-zakrecie,542508.html
2015-05-15;http://www.tvn24.pl/;odtwÃ³rz:  Bardzo duÅ¼o ustaliliÅ<U+009B>my . Wieczorne spotkania prezydenta z klubami PO i PSL;3;http://www.tvn24.pl/prezydent-komorowski-z-klubami-po-i-psl-w-sejmie,542497,s.html#autoplay
2015-05-15;http://www.tvn24.pl/;Bardzo duÅ¼o ustaliliÅ<U+009B>my . Wieczorne spotkania prezydenta z klubami PO i PSL;3;http://www.tvn24.pl/prezydent-komorowski-z-klubami-po-i-psl-w-sejmie,542497,s.html
2015-05-15;http://www.tvn24.pl/;OdtwÃ³rz: Senackie komisje za referendum proponowanym przez prezydenta;3;http://www.tvn24.pl/komisje-zarekomendowaly-senatowi-wyrazenie-zgody-na-referendum,542401,s.html#autoplay
2015-05-15;http://www.tvn24.pl/;Senackie komisje za referendum proponowanym przez prezydenta;3;http://www.tvn24.pl/komisje-zarekomendowaly-senatowi-wyrazenie-zgody-na-referendum,542401,s.html
2015-05-15;http://www.tvn24.pl/;WolnoÅ<U+009B>Ä<U+0087> do wyjazdu na zmywak . BÅ<U+0082>aszczak o nowym haÅ<U+009B>le prezydenta;3;http://www.tvn24.pl/mariusz-blaszczak-i-joanna-mucha-w-faktach-po-faktach,542446,s.html
2015-05-15;http://www.tvn24.pl/;odtwÃ³rz:  WolnoÅ<U+009B>Ä<U+0087> do wyjazdu na zmywak . BÅ<U+0082>aszczak o nowym haÅ<U+009B>le prezydenta;3;http://www.tvn24.pl/mariusz-blaszczak-i-joanna-mucha-w-faktach-po-faktach,542446,s.html#autoplay
2015-05-15;http://www.tvn24.pl/;Podstawieni przechodnie?  Wychodzi na jaw plastikowa kampania PiS;3;http://www.tvn24.pl/wychodzi-na-jaw-plastikowa-kampania-w-wydaniu-pis,542466,s.html
2015-05-15;http://www.tvn24.pl/;odtwÃ³rz: Podstawieni przechodnie?  Wychodzi na jaw plastikowa kampania PiS;3;http://www.tvn24.pl/wychodzi-na-jaw-plastikowa-kampania-w-wydaniu-pis,542466,s.html#autoplay
2015-05-15;http://www.tvn24.pl/;Kandydaci sÅ<U+0082>yszÄ<U+0085> gÅ<U+0082>osy. Co szepczÄ<U+0085> do ucha polityczni suflerzy?;3;http://fakty.tvn24.pl/ogladaj-online,60/kandydaci-na-prezydenta-maja-suflerow,542444.html
2015-05-15;http://www.tvn24.pl/;OdtwÃ³rz: Kandydaci sÅ<U+0082>yszÄ<U+0085> gÅ<U+0082>osy. Co szepczÄ<U+0085> do ucha polityczni suflerzy?;3;http://fakty.tvn24.pl/ogladaj-online,60/kandydaci-na-prezydenta-maja-suflerow,542444.html
2015-05-15;http://www.tvn24.pl/;Pewnie nas nie znacie . Dzieci prezydenta nagraÅ<U+0082>y  spot;2;http://www.tvn24.pl/pewnie-nas-nie-znacie-dzieci-prezydenta-nagraly-spot,542518,s.html
2015-05-15;http://www.tvn24.pl/;Duda przed Komorowskim w II turze. Wielu wyborcÃ³w jeszcze niezdecydowanych;2;http://fakty.tvn24.pl/r/duda-przed-komorowskim-w-ii-turze-wielu-wyborcow-jeszcze-niezdecydowanych,542424.html
2015-05-15;http://www.tvn24.pl/;Bardzo duÅ¼o ustaliliÅ<U+009B>my . Wieczorne spotkania prezydenta z klubami PO i PSL;2;http://www.tvn24.pl/bardzo-duzo-ustalilismy-wieczorne-spotkania-prezydenta-z-klubami-po-i-psl,542497,s.html
2015-05-15;http://www.tvn24.pl/;Senackie komisje za referendum proponowanym przez prezydenta;2;http://www.tvn24.pl/senackie-komisje-za-referendum-proponowanym-przez-prezydenta,542401,s.html
2015-05-15;http://www.tvn24.pl/;WolnoÅ<U+009B>Ä<U+0087> do wyjazdu na zmywak . BÅ<U+0082>aszczak o nowym haÅ<U+009B>le prezydenta;2;http://www.tvn24.pl/wolnosc-do-wyjazdu-na-zmywak-blaszczak-o-nowym-hasle-prezydenta,542446,s.html
2015-05-15;http://www.tvn24.pl/;Podstawieni przechodnie?  Wychodzi na jaw plastikowa kampania PiS;2;http://www.tvn24.pl/podstawieni-przechodnie-wychodzi-na-jaw-plastikowa-kampania-pis,542466,s.html
2015-05-15;http://www.tvn24.pl/;Musimy sobie poszukaÄ<U+0087> takiego zbiorowego PawÅ<U+0082>a Kukiza na lewicy . Kto w nowej partii?;1;http://www.tvn24.pl/polska-i-swiat,33,m/lewica-na-zakrecie,542508.html
2015-05-15;http://www.tvn24.pl/;OdtwÃ³rz:  Musimy sobie poszukaÄ<U+0087> takiego zbiorowego PawÅ<U+0082>a Kukiza na lewicy . Kto w nowej partii?;1;http://www.tvn24.pl/polska-i-swiat,33,m/lewica-na-zakrecie,542508.html
2015-05-15;http://www.tvn24.pl/;odtwÃ³rz:  Bardzo duÅ¼o ustaliliÅ<U+009B>my . Wieczorne spotkania prezydenta z klubami PO i PSL;1;http://www.tvn24.pl/prezydent-komorowski-z-klubami-po-i-psl-w-sejmie,542497,s.html#autoplay
2015-05-15;http://www.tvn24.pl/;Bardzo duÅ¼o ustaliliÅ<U+009B>my . Wieczorne spotkania prezydenta z klubami PO i PSL;1;http://www.tvn24.pl/prezydent-komorowski-z-klubami-po-i-psl-w-sejmie,542497,s.html
2015-05-15;http://www.tvn24.pl/;OdtwÃ³rz: Senackie komisje za referendum proponowanym przez prezydenta;1;http://www.tvn24.pl/komisje-zarekomendowaly-senatowi-wyrazenie-zgody-na-referendum,542401,s.html#autoplay
2015-05-15;http://www.tvn24.pl/;Senackie komisje za referendum proponowanym przez prezydenta;1;http://www.tvn24.pl/komisje-zarekomendowaly-senatowi-wyrazenie-zgody-na-referendum,542401,s.html
2015-05-15;http://www.tvn24.pl/;WolnoÅ<U+009B>Ä<U+0087> do wyjazdu na zmywak . BÅ<U+0082>aszczak o nowym haÅ<U+009B>le prezydenta;1;http://www.tvn24.pl/mariusz-blaszczak-i-joanna-mucha-w-faktach-po-faktach,542446,s.html
2015-05-15;http://www.tvn24.pl/;odtwÃ³rz:  WolnoÅ<U+009B>Ä<U+0087> do wyjazdu na zmywak . BÅ<U+0082>aszczak o nowym haÅ<U+009B>le prezydenta;1;http://www.tvn24.pl/mariusz-blaszczak-i-joanna-mucha-w-faktach-po-faktach,542446,s.html#autoplay
2015-05-15;http://www.tvn24.pl/;Podstawieni przechodnie?  Wychodzi na jaw plastikowa kampania PiS;1;http://www.tvn24.pl/wychodzi-na-jaw-plastikowa-kampania-w-wydaniu-pis,542466,s.html
2015-05-15;http://www.tvn24.pl/;odtwÃ³rz: Podstawieni przechodnie?  Wychodzi na jaw plastikowa kampania PiS;1;http://www.tvn24.pl/wychodzi-na-jaw-plastikowa-kampania-w-wydaniu-pis,542466,s.html#autoplay
2015-05-15;http://www.tvn24.pl/;Kandydaci sÅ<U+0082>yszÄ<U+0085> gÅ<U+0082>osy. Co szepczÄ<U+0085> do ucha polityczni suflerzy?;1;http://fakty.tvn24.pl/ogladaj-online,60/kandydaci-na-prezydenta-maja-suflerow,542444.html
2015-05-15;http://www.tvn24.pl/;OdtwÃ³rz: Kandydaci sÅ<U+0082>yszÄ<U+0085> gÅ<U+0082>osy. Co szepczÄ<U+0085> do ucha polityczni suflerzy?;1;http://fakty.tvn24.pl/ogladaj-online,60/kandydaci-na-prezydenta-maja-suflerow,542444.html
2015-05-15;http://natemat.pl/;Komorowski obiecuje: 100 tys. miejsc pracy dla mlodych, 1,5 tys. zl doplaty do pensji...;3;http://natemat.pl/142615,najpierw-referendum-teraz-100-tys-miejsc-pracy-dla-mlodych-bronislaw-komorowski-znajdzie-im-etaty
2015-05-15;http://natemat.pl/;Prezydent Komorowski u Kuby Wojewódzkiego.  Spotkanie pod haslem Dudobus Stop!;3;http://natemat.pl/142605,prezydent-komorowski-u-kuby-wojewodzkiego-spotkanie-pod-haslem-dudobus-stop
2015-05-15;http://natemat.pl/;Jest pierwszy sondaz przed II tura. Niewielka przewaga Dudy;3;http://natemat.pl/142599,prezydent-andrzej-duda-coraz-blizej-najnowszy-sondaz-sugeruje-niewielka-przewage-kandydata-prawa-i-sprawiedliwosci
2015-05-15;http://natemat.pl/;Mocny finisz w kampanii. Nowe haslo prezydenta, poparcie Tomasza Karolaka  Ruszmy sie!;1;http://natemat.pl/142579,nowe-haslo-komorowskiego-prezydenta-poparl-tomasz-karolak-ruszmy-sie-idzmy-glosowac
2015-05-15;http://natemat.pl/;Wszyscy sztabowcy Dudy. Prawicowi dziennikarze bez zenady stali sie klakierami kandydata PiS;1;http://natemat.pl/142451,wszyscy-sztabowcy-andrzeja-dudy-prawicowi-dziennikarze-zamiast-relacjonowac-kampanie-stali-sie-klakierami-kandydata-pis
2015-05-15;http://natemat.pl/;Sztab Komorowskiego demaskuje, jak PiS na spacerach podstawia  zwyklych obywateli;1;http://natemat.pl/142539,kontratak-sztabu-komorowskiego-chlopak-ktory-zadawal-pytania-na-spacerze-to-dzialacz-pis
2015-05-15;http://natemat.pl/;Jesli wygra Komorowski, kupuje bilet i emigruje z tego chorego kraju;1;http://aszdziennik.pl/114833,jaroslaw-kaczynski-jesli-wygra-komorowski-kupuje-bilet-i-emigruje-z-tego-chorego-kraju
2015-05-15;http://www.gazeta.pl;''Pewnie nas nie znacie. Nie jesteśmy celebrytami...'' - dzieci Komorowskiego nagrały filmik;4;http://wiadomosci.gazeta.pl/wiadomosci/1,114871,17920759,_Tez_nie_we_wszystkim_zgadzamy_sie_z_tata__ale____.html#MT
2015-05-15;http://www.gazeta.pl;''Dwóch konserwatywnych dziennikarzy poprowadzi debatę. Komorowski został pognębiony'';3;http://www.tokfm.pl/Tokfm/1,103454,17920942,Wielowieyska__Komorowski_zostal_pognebiony_debata_.html#Czolka3Img
2015-05-15;http://www.gazeta.pl;Sondaż przed II turą: Duda wyprzedza Komorowskiego;1;http://wiadomosci.gazeta.pl/wiadomosci/1,114871,17919890,Pierwszy_sondaz_przed_II_tura__Duda_przed_Komorowskim_.html#BoxNewsLink
2015-05-15;http://www.gazeta.pl;Nowe hasło Komorowskiego. Show skradł Karolak;1;http://wiadomosci.gazeta.pl/wiadomosci/1,114871,17918329,Wybory_prezydenckie_2015__Komorowski_przedstawia_nowe.html#BoxNewsLink
2015-05-15;http://www.gazeta.pl;Jeśli wygra Duda, PiS wyraźnie wygra jesienne wybory;1;http://wiadomosci.gazeta.pl/wiadomosci/1,114871,17920789,Lider_Panstwa_Islamskiego_przerywa_milczenie__Nawoluje.html#BoxNewsLink
2015-05-15;http://www.gazeta.pl;Nie żyje Tadeusz Kukiz, ojciec Pawła Kukiza. Miał 83 lata;1;http://wiadomosci.gazeta.pl/wiadomosci/1,114871,17919255,Nie_zyje_Tadeusz_Kukiz__ojciec_Pawla.html#BoxNewsLink
2015-05-15;http://www.dziennik.pl;Dzieci Komorowskiego wychodzą z cienia.  Pewnie nas nie znacie;2;http://wiadomosci.dziennik.pl/wybory-prezydenckie/artykuly/490468,ii-tura-wyborow-prezydenckich-2015-dzieci-komorowskiego-wypuszczaja-film.html
2015-05-15;http://www.dziennik.pl;Duda wygra wybory? PO nie przywiązuje wagi do sondaży;2;http://wiadomosci.dziennik.pl/wybory-prezydenckie/artykuly/490472,duda-pokona-komorowskiego-po-nie-przywiazuje-wagi-do-sondazy.html
2015-05-15;http://www.dziennik.pl;Nie żyje ojciec Pawła Kukiza, Tadeusz Kukiz;2;http://wiadomosci.dziennik.pl/wydarzenia/artykuly/490437,nie-zyje-ojciec-pawla-kukiza-tadeusz-kukiz.html
2015-05-15;http://www.dziennik.pl;Szczepkowska opuszcza Komorowskiego.  W jedną noc…;2;http://wiadomosci.dziennik.pl/wybory-prezydenckie/artykuly/490395,szczepkowska-opuszcza-komorowskiego-w-jedna-noc-zmienia-poglady.html
2015-05-15;http://www.dziennik.pl;Komorowskiemu podstawili działacza PiS? Mocne oskarżenia;2;http://wiadomosci.dziennik.pl/wybory-prezydenckie/artykuly/490416,podstawili-przechodnia-komorowskiemu-platforma-oskarza-pis.html
2015-05-15;http://www.dziennik.pl;Zwycięstwo dla Dudy. Pierwszy SONDAŻ przed II turą;2;http://wiadomosci.dziennik.pl/wybory-prezydenckie/artykuly/490442,zwyciestwo-dla-andrzeja-dudy-pierwszy-sondaz-przed-ii-tura.html
2015-05-15;http://www.dziennik.pl;Czym grożą pomysły z referendum prezydenta? Sprawdzamy!;1;http://wiadomosci.dziennik.pl/polityka/artykuly/490381,czym-groza-pomysly-z-referendum-prezydenta-w-sprawie-jow-i-finansowania-partii-z-budzetu.html
2015-05-15;http://www.dziennik.pl;SLD przeciwne JOW-om.  Prezydent oszalał;1;http://wiadomosci.dziennik.pl/polityka/artykuly/490359,sld-przeciwne-jow-om-jonski-prezydent-oszalal.html
2015-05-15;http://www.tvp.info/;19:20                             Tylko u nas                     „Duda nie czyni cuda. Sama jestem wkurzona na PO, ale nie zyjemy w Matrixie”;3;http://www.tvp.info/20073112/holland-duda-nie-czyni-cuda-sama-jestem-wkurzona-na-po-ale-zyjemy-w-realnym-swiecie-i-mamy-realny-wybor
2015-05-15;http://www.tvp.info/;Tusk przekonuje do glosowania na Komorowskiego. „Nie nalezy go oceniac przez pryzmat kilku tygodni kampanii”;2;http://www.tvp.info.pl/20071211/tusk-przekonuje-do-glosowania-na-komorowskiego-nie-nalezy-go-oceniac-przez-pryzmat-kilku-tygodni-kampanii
2015-05-15;http://www.tvp.info/;„Nie wiem, czy odróznia armate od haubicy”. Radoslaw Sikorski atakuje Andrzeja Dude;2;http://www.tvp.info.pl/20069328/sikorski-nie-wiem-czy-duda-odroznia-armate-od-haubicy
2015-05-15;http://www.tvp.info/;Tylko u nas    Petru nie zaglosuje na Dude. „Wole kandydata, który potrafi liczyc”;2;http://www.tvp.info.pl/20067708/petru-wole-kandydata-ktory-potrafi-liczyc-czulbym-sie-niekomfortowo-glosujac-na-dude
2015-05-15;http://www.wp.pl;Duda zgarnia wyborc�w Kukiza. Najnowszy sondaz;4;http://wiadomosci.wp.pl/kat,1342,title,Wybory-prezydenckie-Sondaz-dla-Super-Expressu-52-proc-wyborcow-Kukiza-chce-glosowac-na-Dude,wid,17542268,wiadomosc.html
2015-05-15;http://www.wp.pl;Ekspert: oto, co powinien byl odpowiedziec Komorowski;3;http://wiadomosci.wp.pl/kat,1041267,title,Wybory-prezydenckie-2015-Co-powinien-byl-odpowiedziec-prezydent,wid,17539784,wiadomosc.html
2015-05-15;http://www.wp.pl;Chca wykupic PKM Duda. Co z tego wyniknie?;3;http://www.money.pl/gielda/wiadomosci/artykul/cedrob-chce-przejac-akcje-pkm-duda-jest,42,0,1797674.html
2015-05-15;http://www.wp.pl;1 godz.Biedron: Komorowski jak obudzony niedzwiedz;2;http://wiadomosci.wp.pl/kat,1342,title,Biedron-Komorowski-jak-niedzwiedz-obudzony-ze-snu,wid,17542455,wiadomosc.html
2015-05-15;http://www.wp.pl;3 godz.Dzieci Komorowskiego wychodza z cienia;2;http://wiadomosci.wp.pl/kat,1342,title,Dzieci-Komorowskiego-wychodza-z-cienia,wid,17539834,wiadomosc.html
2015-05-15;http://www.wp.pl;wazneCzarzasty: Andrzej Duda wygra te wybory;2;http://wiadomosci.wp.pl/kat,1329,title,Wlodzimierz-Czarzasty-Andrzej-Duda-wygra-te-wybory,wid,17540339,wiadomosc.html
2015-05-15;http://www.wp.pl;wazne Tylko to uratuje Komorowskiego;2;http://wiadomosci.wp.pl/kat,1027139,title,Eksperci-Bronislaw-Komorowski-w-powaznych-tarapatach,wid,17532184,wiadomosc.html
2015-05-15;http://www.wp.pl;Chca wykupic PKM Duda. Co z tego wyniknie?;2;http://www.money.pl/gielda/wiadomosci/artykul/cedrob-chce-przejac-akcje-pkm-duda-jest,42,0,1797674.html
2015-05-15;http://www.wp.pl;Donald Tusk: Komorowski jest i mam nadzieję, będzie dobrym prezydentem;1;/kat,140394,title,Donald-Tusk-Komorowski-jest-i-mam-nadzieje-bedzie-dobrym-prezydentem,wid,17542367,wiadomosc.html
2015-05-15;http://www.wp.pl;Wybory prezydenckie. Sondaż dla  Super Expressu : 52 proc. wyborców Kukiza chce głosować na Dudę;1;/kat,140394,title,Wybory-prezydenckie-Sondaz-dla-Super-Expressu-52-proc-wyborcow-Kukiza-chce-glosowac-na-Dude,wid,17542268,wiadomosc.html
2015-05-15;http://www.wp.pl;Sikorski: w polityce zagranicznej i obronnej Komorowski i Duda to różne ligi;1;/kat,140394,title,Sikorski-w-polityce-zagranicznej-i-obronnej-Komorowski-i-Duda-to-rozne-ligi,wid,17541770,wiadomosc.html
2015-05-15;http://www.wp.pl;Program Komorowskiego  Pierwsza praca  odniesie sukces? Zdania są podzielone;1;/kat,140394,title,Program-Komorowskiego-Pierwsza-praca-odniesie-sukces-Zdania-sa-podzielone,wid,17542129,wiadomosc.html
2015-05-15;http://www.wp.pl;Wybory prezydenckie 2015. Co powinien był odpowiedzieć prezydent;1;/kat,140394,title,Wybory-prezydenckie-2015-Co-powinien-byl-odpowiedziec-prezydent,wid,17539784,wiadomosc.html
2015-05-15;http://www.wp.pl;Andrzej Duda: Polska ma prawo mówić twardo o swoich interesach;1;/kat,140394,title,Andrzej-Duda-Polska-ma-prawo-mowic-twardo-o-swoich-interesach,wid,17542025,wiadomosc.html
2015-05-15;http://www.wp.pl;Głowa Millera wisi na włosku;1;/kat,140394,title,Glowa-Millera-wisi-na-wlosku,wid,17539780,wiadomosc.html
2015-05-15;http://www.wp.pl;W sobotę padnie wniosek o odwołanie Leszka Millera;1;/kat,140394,title,W-sobote-padnie-wniosek-o-odwolanie-Leszka-Millera,wid,17541032,wiadomosc.html
2015-05-15;http://www.wp.pl;Kolejny sondaż prezydencki: wygrywa Andrzej Duda;1;/kat,140394,title,Kolejny-sondaz-prezydencki-wygrywa-Andrzej-Duda,wid,17540674,wiadomosc.html
2015-05-15;http://www.wp.pl;Wybory prezydenckie. Mastalerek: Komorowskiemu zaszkodziły podłe spoty;1;/kat,140394,title,Wybory-prezydenckie-Mastalerek-Komorowskiemu-zaszkodzily-podle-spoty,wid,17540504,wiadomosc.html
2015-05-15;http://www.wp.pl;Wybory prezydenckie. Bronisław Komorowski ogłosił  Dobry start dla młodych;1;/kat,140394,title,Wybory-prezydenckie-Bronislaw-Komorowski-oglosil-Dobry-start-dla-mlodych,wid,17540498,wiadomosc.html
2015-05-15;http://www.wp.pl;Anna Komorowska: dzieci włączyły się w kampanię w sposób zgodny z ich patrzeniem na świat;1;/kat,140394,title,Anna-Komorowska-dzieci-wlaczyly-sie-w-kampanie-w-sposob-zgodny-z-ich-patrzeniem-na-swiat,wid,17540300,wiadomosc.html
2015-05-15;http://www.wp.pl;Anna Komorowska: pomyślałam, że to dla nas lekcja pokory;1;/kat,140394,title,Anna-Komorowska-pomyslalam-ze-to-dla-nas-lekcja-pokory,wid,17540311,wiadomosc.html
2015-05-15;http://www.wp.pl;Włodzimierz Czarzasty: Andrzej Duda wygra te wybory;1;/kat,140394,title,Wlodzimierz-Czarzasty-Andrzej-Duda-wygra-te-wybory,wid,17540339,wiadomosc.html
2015-05-15;http://www.wp.pl;Ryszard Petru: Czułbym się niekomfortowo głosując na Dudę;1;/kat,140394,title,Ryszard-Petru-Czulbym-sie-niekomfortowo-glosujac-na-Dude,wid,17540265,wiadomosc.html
2015-05-15;http://www.wprost.pl/;Drugi sondaż pokazuje tę samą tendencję. Przewaga Dudy nad Komorowskim rośnie;4;http://www.wprost.pl/ar/506702/Drugi-sondaz-pokazuje-te-sama-tendencje-Przewaga-Dudy-nad-Komorowskim-rosnie/
2015-05-15;http://www.wprost.pl/;Wybieram Komorowskiego . Balcerowicz przeciw  młodemu Kaczyńskiemu;3;http://www.wprost.pl/ar/506708/Wybieram-Komorowskiego-Balcerowicz-przeciw-mlodemu-Kaczynskiemu/
2015-05-15;http://www.wprost.pl/;Petru: Komorowski może wolno, ale liczy;2;http://www.wprost.pl/ar/506713/Petru-Komorowski-moze-wolno-ale-liczy/
2015-05-15;http://www.wprost.pl/;Nowy spot Dudy.  Banki są w Polsce ponad prawem;2;http://www.wprost.pl/ar/506711/Nowy-spot-Dudy-Banki-sa-w-Polsce-ponad-prawem/
2015-05-15;http://www.wprost.pl/;Wybieram Komorowskiego . Balcerowicz przeciw  młodemu Kaczyńskiemu;2;http://www.wprost.pl/ar/506708/Wybieram-Komorowskiego-Balcerowicz-przeciw-mlodemu-Kaczynskiemu/
2015-05-15;http://www.wprost.pl/;Tusk włączył się w kampanię Komorowskiego;2;http://www.wprost.pl/ar/506705/Tusk-wlaczyl-sie-w-kampanie-Komorowskiego/
2015-05-15;http://www.wprost.pl/;Drugi sondaż pokazuje tę samą tendencję. Przewaga Dudy nad Komorowskim rośnie;2;http://www.wprost.pl/ar/506702/Drugi-sondaz-pokazuje-te-sama-tendencje-Przewaga-Dudy-nad-Komorowskim-rosnie/
2015-05-15;http://www.wprost.pl/;PO: Senatorowie PiS przeciw referendum. Duda to chorągiewka;2;http://www.wprost.pl/ar/506701/PO-Senatorowie-PiS-przeciw-referendum-Duda-to-choragiewka/
2015-05-15;http://www.wprost.pl/;Duda: Przewalutować kredyty frankowe według kursu po jakim były brane;2;http://www.wprost.pl/ar/506697/Duda-Przewalutowac-kredyty-frankowe-wedlug-kursu-po-jakim-byly-brane/
2015-05-15;http://www.wprost.pl/;Flis przed drugą turą wyborów: Kandydaci nie bardzo mają do kogo się umizgiwać;1;http://www.wprost.pl/ar/506570/Flis-przed-druga-tura-wyborow-Kandydaci-nie-bardzo-maja-do-kogo-sie-umizgiwac/
2015-05-15;http://www.wprost.pl/;Gowin: Referendum prezydenta sprawi, że Kukiz będzie miał więcej posłów niż PO;1;http://www.wprost.pl/ar/506320/Gowin-Referendum-prezydenta-sprawi-ze-Kukiz-bedzie-mial-wiecej-poslow-niz-PO/
2015-05-15;http://www.wprost.pl/;Żelichowski: Propozycja prezydenta? Nikt z nami tego nie uzgadniał;1;http://www.wprost.pl/ar/506319/Zelichowski-Propozycja-prezydenta-Nikt-z-nami-tego-nie-uzgadnial/
2015-05-15;http://www.wprost.pl/;Po porażce Jarubasa czas zaprzyjaźnić się z Piechocińskim;1;http://www.wprost.pl/ar/506304/Po-porazce-Jarubasa-czas-zaprzyjaznic-sie-z-Piechocinskim/
2015-05-15;http://www.wprost.pl/;Kukiz wszystkich Polaków;1;http://www.wprost.pl/ar/506221/Kukiz-wszystkich-Polakow/
2015-05-15;http://www.wprost.pl/;Niesiołowski: Kukiz to posiew zatrutego ziarna rozsiewanego przez Kaczyńskiego;1;http://www.wprost.pl/ar/506096/Niesiolowski-Kukiz-to-posiew-zatrutego-ziarna-rozsiewanego-przez-Kaczynskiego/
2015-05-15;http://www.wprost.pl/;Prezydent poobijany;1;http://www.wprost.pl/ar/506087/Prezydent-poobijany/
2015-05-15;http://www.onet.pl/;Dzieci Komorowskiego wystapily w klipie;2;http://wiadomosci.onet.pl/dzieci-komorowskiego-wlaczaja-sie-w-kampanie/vy1sxm
2015-05-15;http://www.onet.pl/;Nerwowy i populistyczny ruch prezydenta;2;http://wiadomosci.onet.pl/kraj/konstytucyjny-balagan/1f2ckl
2015-05-15;http://www.onet.pl/;Swiatelko w tunelu dla Komorowskiego;2;http://wiadomosci.onet.pl/tylko-w-onecie/roman-giertych-jest-swiatelko-w-tunelu-dla-komorowskiego/c3g9xm
2015-05-15;http://www.onet.pl/;Prezydent oczekuje porozumienia banków i KNF;1;http://biznes.onet.pl/wiadomosci/finanse/dziekonski-prezydent-oczekuje-porozumienia-bankow-i-knf-w-sprawie-frankowiczow/lxgttr
2015-05-15;http://www.newsweek.pl/;„Pierwsza praca” prezydenta bedzie bardziej atrakcyjna dla firm niz dla mlodych Polaków;4;http://biznes.newsweek.pl/program-pierwsza-praca-bronislawa-komorowskiego-dla-100-tys-osob,artykuly,363200,1.html
2015-05-15;http://www.newsweek.pl/;Komorowski byl, jest i bedzie dobrym prezydentem;4;http://polska.newsweek.pl/wybory-prezydenckie-2015-tusk-poparl-komorowskiego,artykuly,363197,1.html
2015-05-15;http://www.newsweek.pl/;Magdalena Ogórek pierze brudy i rozlicza sie z SLD;4;http://polska.newsweek.pl/magdalena-ogorek-krytykuje-sld-i-wini-sojusz-za-porazke-w-wyborach,artykuly,363192,1.html
2015-05-15;http://www.newsweek.pl/;Sondaz „Newsweeka”: Duda ucieka Komorowskiemu;3;http://polska.newsweek.pl/sondaz-prezydencki-przed-ii-tura-wyborow-przewaga-dudy-nad-komorowskim-newsweek,artykuly,363194,1.html
2015-05-15;http://www.newsweek.pl/;Duda o Kaczynskim: Czlowiek krystaliczny, wybitny polityk;2;http://polska.newsweek.pl/wybory-prezydenckie-2015-anna-komorowska-komentuje-kampanie,artykuly,363198,1.html
2015-05-15;http://www.newsweek.pl/;Ojcu,totalnie,zalezy,na,Polsce,Rodzina,prezydenta,w,nowym,spocie,Choc,nie,jest,idealny,to,ojcu,totalnie,zalezy,mu,na,Polsce,mówia,dzieci,Bronislawa,Komorowskiego,Z,wnukami,11,osób;1;http://polska.newsweek.pl/spot-komorowskiego-z-rodzina-kampania-prezydencka,artykuly,363176,1.html
2015-05-15;http://www.newsweek.pl/;Komorowski,i,Duda,w,terenie,Przekonuja,przekonanych,W,Kruszwicy,Andrzej,Duda,przekonuje,mieszkanców,ze,jest,w,stanie,byc,prezydentem,o,nowym,swiezym,spojrzeniu,W,tym,samym,czasie,Bronislaw,Komorowski,przedstawia,w,Lodzi;1;http://polska.newsweek.pl/kampania-wyborcza-duda-i-komorowski-walka-o-glosy,artykuly,363149,1.html
2015-05-15;http://www.newsweek.pl/;100,tysiecy,miejsc,pracy,dla,mlodych,od,Bronislawa,Komorowskiego,Prezydent,walczy,o,glosy,mlodego,pokolenia,W,tym,celu,oglasza,przygotowany,z,mysla,o,mlodych,bezrobotnych,program,wsparcia,zatrudnienia;1;http://biznes.newsweek.pl/100-tysiecy-miejsc-pracy-dla-mlodych-od-bronislawa-komorowskiego,artykuly,363185,1.html
2015-05-15;http://www.newsweek.pl/;Aplikacja,która,zrobi,za,Ciebie,dobre,wrazenie,Im,wiecej,czasu,spedzamy,w,wirtualnym,swiecie,tym,bardziej,tracimy,zdolnosc,empatii,Teraz,w,relacjach,z,ludzmi,maja,nam,pomóc,komputery,i,smartforny;1;http://nauka.newsweek.pl/nowe-aplikacje-na-smartfony-maja-poprawic-twoj-wizerunek-newsweek-pl,artykuly,363126,1.html
2015-05-15;http://www.newsweek.pl/;Wiecej;1;
2015-05-15;http://www.tvn24.pl/;Tusk: Komorowski nie jest dobrym aktorem, ale swietnym prezydentem;3;http://www.tvn24.pl/wybory-2015-donald-tusk-o-bronislawie-komorowskim,542753,s.html
2015-05-15;http://www.tvn24.pl/;Odtwórz: Tusk: Komorowski nie jest dobrym aktorem, ale Å<U+009B>wietnym prezydentem;3;http://www.tvn24.pl/wybory-2015-donald-tusk-o-bronislawie-komorowskim,542753,s.html#autoplay
2015-05-15;http://www.tvn24.pl/;Duda wygrywa I turÄ<U+0099> wyborÃ³w prezydenckich;3;/raporty/duda-wygrywa-i-ture-wyborow-prezydenckich,983
2015-05-15;http://www.tvn24.pl/;Eksperci o frankowym pomyÅ<U+009B>le Dudy: totalnie samobÃ³jczy, armagedon, zaszkodzi gospodarce;3;http://tvn24bis.pl/redirect/eksperci-pomysl-totalnie-samobojczy-armagedon-zaszkodzi-gospodarce,542717.html
2015-05-15;http://www.tvn24.pl/;Odtwórz: Eksperci o frankowym pomyÅ<U+009B>le Dudy: totalnie samobÃ³jczy, armagedon, zaszkodzi gospodarce;3;http://tvn24bis.pl/redirect/eksperci-pomysl-totalnie-samobojczy-armagedon-zaszkodzi-gospodarce,542717.html#autoplay
2015-05-15;http://www.tvn24.pl/;Duda wygrywa I turÄ<U+0099> wyborÃ³w prezydenckich;3;/raporty/duda-wygrywa-i-ture-wyborow-prezydenckich,983
2015-05-15;http://www.tvn24.pl/;30. rocznica kampanii antyalkoholowej. Gorbaczow:za to trzeba wypiÄ<U+0087>!;3;http://www.tvn24.pl/gorbaczow-30-rocznicy-kampanii-antyalkoholowej-w-rosji,542679,s.html
2015-05-15;http://www.tvn24.pl/;Duda: trzeba przywrÃ³ciÄ<U+0087> niÅ¼szy wiek emerytalny, bo ludzie sobie tego Å¼yczÄ;3;http://www.tvn24.pl/andrzej-duda-w-chrzanowie,542728,s.html
2015-05-15;http://www.tvn24.pl/;odtwÃ³rz: Duda: trzeba przywrÃ³ciÄ<U+0087> niÅ¼szy wiek emerytalny, bo ludzie sobie tego Å¼yczÄ;3;http://www.tvn24.pl/andrzej-duda-w-chrzanowie,542728,s.html#autoplay
2015-05-15;http://www.tvn24.pl/;Komorowski: wyzwaniem uÅ<U+0082>atwienia dotyczÄ<U+0085>ce wynajmu mieszkaÅ<U+0084>;3;http://www.tvn24.pl/komorowski-na-gali-dla-samorzadow,542758,s.html
2015-05-15;http://www.tvn24.pl/;odtwÃ³rz: Komorowski: wyzwaniem uÅ<U+0082>atwienia dotyczÄ<U+0085>ce wynajmu mieszkaÅ<U+0084>;3;http://www.tvn24.pl/komorowski-na-gali-dla-samorzadow,542758,s.html#autoplay
2015-05-15;http://www.tvn24.pl/;Pewnie nas nie znacie . Dzieci prezydenta nagraÅ<U+0082>y spot;3;http://www.tvn24.pl/dzieci-komorowskiego-zachecaja-do-glosowania,542518,s.html
2015-05-15;http://www.tvn24.pl/;Odtwórz:  Pewnie nas nie znacie . Dzieci prezydenta nagraÅ<U+0082>y spot;3;http://www.tvn24.pl/dzieci-komorowskiego-zachecaja-do-glosowania,542518,s.html#autoplay
2015-05-15;http://www.tvn24.pl/;Portret polskiego  frankowicza , czyli do kogo mÃ³wiÄ<U+0085> kandydaci na prezydenta?;2;http://tvn24bis.pl/redirect/portret-polskiego-frankowicza-czyli-do-kogo-mowia-kandydaci-na-prezydenta,542788.html
2015-05-15;http://www.tvn24.pl/;Portret polskiego  frankowicza , czyli do kogo mÃ³wiÄ<U+0085> kandydaci na prezydenta?;2;http://tvn24bis.pl/redirect/portret-polskiego-frankowicza-czyli-do-kogo-mowia-kandydaci-na-prezydenta,542788.html
2015-05-15;http://www.tvn24.pl/;Tusk: Komorowski nie jest dobrym aktorem, ale Å<U+009B>wietnym prezydentem;2;http://www.tvn24.pl/tusk-komorowski-nie-jest-dobrym-aktorem-ale-swietnym-prezydentem,542753,s.html
2015-05-15;http://www.tvn24.pl/;Frankowicze  w ogniu kampanii;2;http://tvn24bis.pl/redirect/frankowicze-w-ogniu-kampanii,542632.html
2015-05-15;http://www.tvn24.pl/;Eksperci o frankowym pomyÅ<U+009B>le Dudy: totalnie samobÃ³jczy, armagedon, zaszkodzi gospodarce;2;http://tvn24bis.pl/redirect/eksperci-o-frankowym-pomysle-dudy-totalnie-samobojczy-armagedon-zaszkodzi-gospodarce,542717.html
2015-05-15;http://www.tvn24.pl/;30. rocznica kampanii antyalkoholowej. Gorbaczow:   za to trzeba wypiÄ<U+0087>!;2;http://www.tvn24.pl/30-rocznica-kampanii-antyalkoholowej-gorbaczow-za-to-trzeba-wypic,542679,s.html
2015-05-15;http://www.tvn24.pl/;Duda: trzeba przywrÃ³ciÄ<U+0087> niÅ¼szy wiek emerytalny, bo ludzie sobie tego Å¼yczÄ;2;http://www.tvn24.pl/duda-trzeba-przywrocic-nizszy-wiek-emerytalny-bo-ludzie-sobie-tego-zycza,542728,s.html
2015-05-15;http://www.tvn24.pl/;Komorowski: wyzwaniem uÅ<U+0082>atwienia dotyczÄ<U+0085>ce wynajmu mieszkaÅ<U+0084>;2;http://www.tvn24.pl/komorowski-wyzwaniem-ulatwienia-dotyczace-wynajmu-mieszkan,542758,s.html
2015-05-15;http://www.tvn24.pl/;Pewnie nas nie znacie . Dzieci prezydenta nagraÅ<U+0082>y spot;2;http://www.tvn24.pl/pewnie-nas-nie-znacie-dzieci-prezydenta-nagraly-spot,542518,s.html
2015-05-15;http://www.tvn24.pl/;Eksperci o frankowym pomyÅ<U+009B>le Dudy: totalnie samobÃ³jczy, armagedon, zaszkodzi gospodarce;1;http://tvn24bis.pl/redirect/eksperci-pomysl-totalnie-samobojczy-armagedon-zaszkodzi-gospodarce,542717.html
2015-05-15;http://www.tvn24.pl/;Odtwórz: Eksperci o frankowym pomyÅ<U+009B>le Dudy: totalnie samobÃ³jczy, armagedon, zaszkodzi gospodarce;1;http://tvn24bis.pl/redirect/eksperci-pomysl-totalnie-samobojczy-armagedon-zaszkodzi-gospodarce,542717.html#autoplay
2015-05-15;http://www.tvn24.pl/;Duda wygrywa I turÄ<U+0099> wyborÃ³w prezydenckich;1;http://www.tvn24.pl/raporty/duda-wygrywa-i-ture-wyborow-prezydenckich,983
2015-05-15;http://www.tvn24.pl/;30. rocznica kampanii antyalkoholowej. Gorbaczow:za to trzeba wypiÄ<U+0087>!;1;http://www.tvn24.pl/gorbaczow-30-rocznicy-kampanii-antyalkoholowej-w-rosji,542679,s.html
2015-05-15;http://www.tvn24.pl/;Duda: trzeba przywrÃ³ciÄ<U+0087> niÅ¼szy wiek emerytalny, bo ludzie sobie tego Å¼yczÄ;1;http://www.tvn24.pl/andrzej-duda-w-chrzanowie,542728,s.html
2015-05-15;http://www.tvn24.pl/;odtwÃ³rz: Duda: trzeba przywrÃ³ciÄ<U+0087> niÅ¼szy wiek emerytalny, bo ludzie sobie tego Å¼yczÄ;1;http://www.tvn24.pl/andrzej-duda-w-chrzanowie,542728,s.html#autoplay
2015-05-15;http://www.tvn24.pl/;Komorowski: wyzwaniem uÅ<U+0082>atwienia dotyczÄ<U+0085>ce wynajmu mieszkaÅ<U+0084>;1;http://www.tvn24.pl/komorowski-na-gali-dla-samorzadow,542758,s.html
2015-05-15;http://www.tvn24.pl/;odtwÃ³rz: Komorowski: wyzwaniem uÅ<U+0082>atwienia dotyczÄ<U+0085>ce wynajmu mieszkaÅ<U+0084>;1;http://www.tvn24.pl/komorowski-na-gali-dla-samorzadow,542758,s.html#autoplay
2015-05-15;http://www.tvn24.pl/;Pewnie nas nie znacie . Dzieci prezydenta nagraÅ<U+0082>y spot;1;http://www.tvn24.pl/dzieci-komorowskiego-zachecaja-do-glosowania,542518,s.html
2015-05-15;http://www.tvn24.pl/;Odtwórz:  Pewnie nas nie znacie . Dzieci prezydenta nagraÅ<U+0082>y spot;1;http://www.tvn24.pl/dzieci-komorowskiego-zachecaja-do-glosowania,542518,s.html#autoplay
2015-05-15;http://natemat.pl/;Wszystkie rece na poklad. Tusk o Komorowskim.  Nie oceniajmy go przez pryzmat kilku tygodni;4;http://natemat.pl/142693,wszystkie-rece-na-poklad-tusk-zacheca-do-glosowania-na-komorowskiego-nie-oceniajmy-go-przez-pryzmat-kiku-tygodni
2015-05-15;http://natemat.pl/;Magdalena Ogórek;3;http://magdalenaogorek.natemat.pl/
2015-05-15;http://natemat.pl/;Barwy mojej kampanii;3;http://magdalenaogorek.natemat.pl/142629,barwy-kampanii
2015-05-15;http://natemat.pl/;Wraca stary, dobry PiS. Duda nie wytrzymal, atakuje UE i podkresla katolickie korzenie;3;http://natemat.pl/142675,wraca-stary-dobry-pis-duda-w-dabrowie-ostro-atakuje-unie-europejska-i-stawia-katolicki-punkt-widzenia-na-czele
2015-05-15;http://natemat.pl/;Poznaj rodzine Komorowskich. Sprawdzamy, kim sa dzieci prezydenta;3;http://natemat.pl/142633,poznaj-rodzine-komorowskich-sprawdzamy-kim-sa-dzieci-prezydenta
2015-05-15;http://natemat.pl/;Co sie kroi na lewicy? Dzialacze sie lacza bez ogladania sie na SLD. Szukaja  swojego Kukiza;3;http://natemat.pl/142677,co-sie-kroi-na-lewicy-miller-to-polityczny-trup-dzialacze-sie-lacza-bez-ogladania-sie-na-sld-szukaja-swojego-kukiza
2015-05-15;http://natemat.pl/;PiS? Nie znam . Duda zachowuje sie jak Ogórek i odcina sie od partii;3;http://natemat.pl/142591,pis-istnieje-tylko-teoretycznie-andrzej-duda-zachowuje-sie-jak-magdalena-ogorek-i-coraz-mocniej-odcina-od-swojej-partii
2015-05-15;http://natemat.pl/;Kopacz chce, zeby Duda udowodnil, ze Polska jest w ruinie, skoro ciagle o tym mówi;2;http://natemat.pl/142661,ewa-kopacz-i-platforma-obywatelska-murem-za-prezydentem-pomoze-mu-to-przegonic-dude
2015-05-15;http://natemat.pl/;Wykonczy sie sam albo zniszcza go wyborcy. 3 kroki do upadku Pawla Kukiza;1;http://natemat.pl/142581,wykonczy-sie-sam-albo-zniszcza-go-wyborcy-3-kroki-do-upadku-pawla-kukiza
2015-05-15;http://natemat.pl/;Zlota sruba dla Dudy naprawde jest pozlacana. Fan PiS dal mu wyjatkowo drogi prezent;1;http://natemat.pl/142621,zlota-sruba-dla-dudy-naprawde-jest-pozlacana-fan-pisu-podarowal-kandydatowi-pis-wyjatkowy-prezent
2015-05-15;http://natemat.pl/;Komorowski obiecuje: 100 tys. miejsc pracy dla mlodych, 1,5 tys. zl doplaty do pensji;1;http://natemat.pl/142615,najpierw-referendum-teraz-100-tys-miejsc-pracy-dla-mlodych-bronislaw-komorowski-znajdzie-im-etaty
2015-05-15;http://natemat.pl/;Sztab Komorowskiego za wszelka cene unikal zwiazków z PO. To byl powazny blad;1;http://natemat.pl/142641,antoni-mezydlo-z-po-sztab-komorowskiego-za-wszelka-cene-unikal-zwiazkow-prezydenta-z-po-to-byl-powazny-blad
2015-05-15;http://natemat.pl/;Prezydent Komorowski u Kuby Wojewódzkiego.  Spotkanie pod haslem Dudobus Stop!;1;http://natemat.pl/142605,prezydent-komorowski-u-kuby-wojewodzkiego-spotkanie-pod-haslem-dudobus-stop
2015-05-15;http://natemat.pl/;Sa pierwsze sondaze przed II tura. Niewielka przewaga Andrzeja Dudy;1;http://natemat.pl/142599,prezydent-andrzej-duda-coraz-blizej-najnowszy-sondaz-sugeruje-niewielka-przewage-kandydata-prawa-i-sprawiedliwosci
2015-05-15;http://natemat.pl/;“Pewnie nas nie znacie”. Dzieci prezydenta wyszly z cienia i nagraly wyjatkowy spot;1;http://natemat.pl/142613,pewnie-nas-nie-znacie-dzieci-komorowskiego-wychodza-z-cienia-i-w-spocie-wzywaja-do-glosowania-na-ojca
2015-05-15;http://natemat.pl/;Dzialacze SLD chca glowy Leszka Millera. Bunt po klesce Magdaleny Ogórek;1;http://natemat.pl/142617,sld-nie-chce-juz-leszka-millera-lider-lewicy-jest-krytykowany-za-magdalene-ogorek
2015-05-15;http://natemat.pl/;Czy ta sonda jest na serio? TVP Info:  Zaglosujesz na kandydata popieranego przez WSI?;1;http://natemat.pl/142631,pospieszalski-uderza-w-komorowskiego-w-tvp-info-pyta-czy-zaglosujemy-na-kandydata-popieranego-przez-wsi
2015-05-15;http://natemat.pl/;Jesli wygra Komorowski, kupuje bilet i emigruje z tego chorego kraju;1;http://aszdziennik.pl/114833,jaroslaw-kaczynski-jesli-wygra-komorowski-kupuje-bilet-i-emigruje-z-tego-chorego-kraju
2015-05-15;http://www.gazeta.pl;Kiedyś ktoś powiedział, że jesteśmy nudni . Kim są dzieci Komorowskiego? Tadeusz też poluje, Maria...;4;http://wiadomosci.gazeta.pl/wiadomosci/1,114871,17922432,Dzieci_Bronislawa_Komorowskiego___Nie_jestesmy_celebrytami__.html#MT
2015-05-15;http://www.gazeta.pl;W poniedziałek dostałem od Bronka w twarz. A Kukiz? Niech pojedzie do W. Brytanii;1;http://wiadomosci.gazeta.pl/wiadomosci/1,138764,17920087,Frasyniuk__Partia_Kukiza_to_wkurwieni_pl__A_od_Bronka.html#BoxNewsLink
2015-05-15;http://www.gazeta.pl;Dzieci Komorowskiego w spocie.  Tata nie jest idealny;1;http://wiadomosci.gazeta.pl/wiadomosci/1,114871,17920759,_Tez_nie_we_wszystkim_zgadzamy_sie_z_tata__ale____.html#BoxNewsLink
2015-05-15;http://www.gazeta.pl;Lis: Sondaż nie daje Dudzie zwycięstwa, a przewagę;1;http://www.tokfm.pl/Tokfm/1,103454,17922527,Lis__Ostatni_sondaz_nie_daje_Dudzie_zwyciestwa__tylko.html#BoxNewsLink
2015-05-15;http://www.gazeta.pl;Duda w Dąbrowie. Tłum przywitał go śpiewem;1;http://wiadomosci.gazeta.pl/wiadomosci/1,138764,17924342,Andrzej_Duda_w_Dabrowie_Gorniczej__Prezydent_musi.html#BoxNewsLink
2015-05-15;http://www.dziennik.pl;Tusk wsparł Komorowskiego i dał mu kilka rad...;3;http://wiadomosci.dziennik.pl/wybory-prezydenckie/artykuly/490532,donald-tusk-wsparl-prezydenta-komorowskiego-jestem-tym-wszystkim-bardzo-przejety.html
2015-05-15;http://www.dziennik.pl;Premier Kopacz uderza w kandydata PiS: Dane przeczą słowom Dudy;2;http://wiadomosci.dziennik.pl/wybory-prezydenckie/artykuly/490517,ewa-kopacz-o-obietnicach-kandydata-pis-dane-przecza-slowom-andrzeja-dudy.html
2015-05-15;http://www.dziennik.pl;Duda zwiększa przewagę nad Komorowskim. NOWY SONDAŻ;2;http://wiadomosci.dziennik.pl/wybory-prezydenckie/artykuly/490494,wybory-prezydenckie-sondaz-duda-zwieksza-przewage-nad-komorowskim.html
2015-05-15;http://www.dziennik.pl;Prezydent: Moje dzieci zachowały się z klasą. Wzruszyłem się;2;http://wiadomosci.dziennik.pl/wybory-prezydenckie/artykuly/490518,prezydent-komorowski-o-spocie-nakreconym-przez-jego-dzieci.html
2015-05-15;http://www.dziennik.pl;Notowania rządu i prezydenta lecą w dół. SONDAŻ;1;http://wiadomosci.dziennik.pl/polityka/artykuly/490508,notowania-rzadu-i-prezydenta-leca-w-dol-sondaz.html
2015-05-15;http://www.dziennik.pl;Senackie komisje za przeprowadzeniem referendum zarządzonego przez prezydenta;1;http://wiadomosci.dziennik.pl/polityka/artykuly/490440,senackie-komisje-za-referendum-ktore-zaproponowal-komorowski.html
2015-05-15;http://wyborcza.pl/0,0.html?piano_d=1;Frasyniuk: Teraz Kukiz może założyć partię. Proponuję mu nazwę  wkur...ni.pl;3;http://wroclaw.gazeta.pl/wroclaw/1,35771,17920087,Frasyniuk__Partia_Kukiza_to_wkurwieni_pl__A_od_Bronka.html
2015-05-15;http://wyborcza.pl/0,0.html?piano_d=1;Dzieci prezydenta Komorowskiego nakręciły spot.  Pewnie nas nie znacie...;3;http://wyborcza.pl/1,143644,17920709,Dzieci_prezydenta_Komorowskiego_nakrecily_spot__24.html
2015-05-15;http://wyborcza.pl/0,0.html?piano_d=1;Dudapomoc obok Biura Listów i Opinii Obywatelskich Kancelarii Prezydenta;3;http://wyborcza.pl/1,75478,17920039,Dudapomoc_obok_Biura_Listow_i_Opinii_Obywatelskich.html
2015-05-15;http://wyborcza.pl/0,0.html?piano_d=1;Spór o kościelną ziemię.  Zła atmosfera podtrzymywana przez ks. Andrzeja;3;http://poznan.gazeta.pl/poznan/1,36001,17920611,Spor_o_koscielna_ziemie__Kuria_o__zlej_atmosferze.html
2015-05-15;http://wyborcza.pl/0,0.html?piano_d=1;Cytaty kampanii. Piątek na ustach polityków;2;http://wyborcza.pl/1,75478,17926731,Cytaty_kampanii__Piatek_na_ustach_politykow.html
2015-05-15;http://wyborcza.pl/0,0.html?piano_d=1;Komorowski i 100 tys. miejsc pracy? Prezydent się  podpiął  [SPRAWDZAMY FAKTY];2;http://wyborcza.biz/biznes/1,100896,17926660,Komorowski_i_100_tys__miejsc_pracy__Prezydent_sie.html
2015-05-15;http://wyborcza.pl/0,0.html?piano_d=1;Wybory prezydenckie 2015. PO: Andrzej Duda jak chorągiewka, bo decyduje Jarosław Kaczyński;2;http://wyborcza.pl/1,75478,17926481,Wybory_prezydenckie_2015__PO__Andrzej_Duda_jak_choragiewka_.html
2015-05-15;http://wyborcza.pl/0,0.html?piano_d=1;Wybory prezydenckie. Czy spot dzieci Bronisława Komorowskiego pomoże prezydentowi?;2;http://wyborcza.pl/1,75478,17926218,Wybory_prezydenckie__Czy_spot_dzieci_Bronislawa_Komorowskiego.html
2015-05-15;http://wyborcza.pl/0,0.html?piano_d=1;Konkret Komorowskiego w sprawie mieszkań dla młodych;2;http://wyborcza.biz/finanse/1,108340,17926169,Konkret_Komorowskiego_w_sprawie_mieszkan_dla_mlodych.html
2015-05-15;http://wyborcza.pl/0,0.html?piano_d=1;Andrzej Duda! To się uda! . Wiec kandydata w Chrzanowie;2;http://krakow.gazeta.pl/krakow/1,44425,17925641,_Andrzej_Duda__To_sie_uda____Wiec_kandydata_w_Chrzanowie.html
2015-05-15;http://wyborcza.pl/0,0.html?piano_d=1;Ważniejszy kandydat niż kampania. Z taką myślą idę głosować w II turze;3;http://wyborcza.pl/1,75968,17920175,Wazniejszy_kandydat_niz_kampania__Z_taka_mysla_ide.html
2015-05-15;http://wyborcza.pl/0,0.html?piano_d=1;Pospieszalski i jego agitka, czyli kampania negatywna w TVP;3;http://wyborcza.pl/1,143644,17920958,Agitka_Pospieszalskiego_w_telewizji_publicznej_przeciw.html
2015-05-15;http://wyborcza.pl/0,0.html?piano_d=1;Referendum w sprawie JOW-ów ma sens. Duda pod ścianą;3;http://wyborcza.pl/1,143644,17920169,Referendum_w_sprawie_JOW_ow_i_polityka__Komorowski.html
