"text";"favorited";"favoriteCount";"replyToSN";"created";"truncated";"replyToSID";"id";"replyToUID";"statusSource";"screenName";"retweetCount";"isRetweet";"retweeted";"longitude";"latitude";"lastname"
"Postulaty obywateli - realne działania https://t.co/RvbVwo4kip";FALSE;12;NA;2015-05-11 09:37:30;FALSE;NA;597697026030206976;NA;<a href="http://twitter.com" rel="nofollow">Twitter Web Client</a>;Komorowski;9;FALSE;FALSE;NA;NA;"Komorowski"
"Zawsze wspierałem JOWy i jestem pewien, że przy mobilizacji publicznej ta zmiana może być wprowadzona stosunkowo szybko.";FALSE;24;NA;2015-05-11 07:05:31;FALSE;NA;597658777815515137;NA;<a href="http://twitter.com" rel="nofollow">Twitter Web Client</a>;Komorowski;24;FALSE;FALSE;NA;NA;"Komorowski"
"Ogólnopolskie referendum powinno dotyczyć 3 rzeczy - JOWów ; likwidacji finansowania partii polit.; zasady in dubio pro tributario";FALSE;22;NA;2015-05-11 07:04:55;FALSE;NA;597658627361611776;NA;<a href="http://twitter.com" rel="nofollow">Twitter Web Client</a>;Komorowski;25;FALSE;FALSE;NA;NA;"Komorowski"
"@KDOMINEK Kawa kawą, ale przede wszystkim porozmawialiśmy. A takiej zwykłej rozmowy o ważnych sprawach chyba ostatnio brakuje. Szacunek:-)";FALSE;19;KDOMINEK;2015-05-11 09:30:34;FALSE;597693659195244544;597695280528662528;3245968541;<a href="http://twitter.com/#!/download/ipad" rel="nofollow">Twitter for iPad</a>;AndrzejDuda;6;FALSE;FALSE;NA;NA;"Duda"
"@bozenagawal Dziękuję:-) Mimo wszystko głęboko wierzę, że będzie inaczej. Damy radę!";FALSE;13;bozenagawal;2015-05-11 09:25:55;FALSE;597534606821298176;597694111685189632;1614610327;<a href="http://twitter.com/#!/download/ipad" rel="nofollow">Twitter for iPad</a>;AndrzejDuda;3;FALSE;FALSE;NA;NA;"Duda"
"@Samueljrp W konkurencji z @czarnabaronowa nie mam szans;-)";FALSE;44;Samueljrp;2015-05-10 22:29:02;FALSE;597527476911349760;597528802252746752;50294505;<a href="http://twitter.com/download/iphone" rel="nofollow">Twitter for iPhone</a>;AndrzejDuda;1;FALSE;FALSE;NA;NA;"Duda"
"Dziękuję Wszystkim za udział w wyborach, za głosy. Dziękuję Konkurentom. To był zaszczyt konkurować w Państwa gronie. Pozdrawiam serdecznie!";FALSE;761;NA;2015-05-10 22:06:38;FALSE;NA;597523164969721858;NA;<a href="http://twitter.com/download/iphone" rel="nofollow">Twitter for iPhone</a>;AndrzejDuda;271;FALSE;FALSE;NA;NA;"Duda"
"Jeszcze bedzie przepięknie, jeszcze będzie wspaniale!  http://t.co/kH06OcLK7i http://t.co/YfduQdGi8m";FALSE;35;NA;2015-05-11 07:13:55;FALSE;NA;597660891480489984;NA;<a href="http://twitter.com/download/iphone" rel="nofollow">Twitter for iPhone</a>;Palikot_Janusz;7;FALSE;FALSE;NA;NA;"Palikot"
"Największ krytykami @ogorekmagda są teraz liderzy #SLD którzy ją wystawili @Joanna_Senyszyn @TomaszKalita @KGawkowski @LeszekMiller @tvn24";FALSE;9;NA;2015-05-11 10:52:46;FALSE;NA;597715966391406592;NA;<a href="http://twitter.com" rel="nofollow">Twitter Web Client</a>;WandaNowicka;2;FALSE;FALSE;NA;NA;"Nowicka"
"@JanSpiewak szokujące stwierdzenie prof #Czapński ego. Gdzie to padło?";FALSE;0;JanSpiewak;2015-05-11 10:20:57;FALSE;597704096653651968;597707961650253825;2209098386;<a href="http://twitter.com" rel="nofollow">Twitter Web Client</a>;WandaNowicka;0;FALSE;FALSE;NA;NA;"Nowicka"
"O jedność lewicy http://t.co/gFrKpntGut @M_Sroda @JanHartman1 @ARozenek @gnapieralski @LeszekMiller @barbaraanowacka @AnnaGrodzka @Zieloni";FALSE;4;NA;2015-05-11 09:29:12;FALSE;NA;597694937937924096;NA;<a href="http://twitter.com" rel="nofollow">Twitter Web Client</a>;WandaNowicka;3;FALSE;FALSE;NA;NA;"Nowicka"
"Mam nadzieję na rzeczywistą ofertę dla liberalnego elektoratu w niedalekiej przyszłości @tvn24 @tvp_info @CentrumPrasowe";FALSE;1;NA;2015-05-11 06:17:28;FALSE;NA;597646686396243968;NA;<a href="http://twitter.com/#!/download/ipad" rel="nofollow">Twitter for iPad</a>;WandaNowicka;0;FALSE;FALSE;NA;NA;"Nowicka"
"@Komorowski musi zmienić wizerunek  zadowolonej z siebie władzy  @CentrumPrasowe @PolsatNews @Radio_ZET @rdcpolskieradio @Radio_TOK_FM";FALSE;4;Komorowski;2015-05-11 06:15:14;FALSE;NA;597646122933481472;138163716;<a href="http://twitter.com/#!/download/ipad" rel="nofollow">Twitter for iPad</a>;WandaNowicka;0;FALSE;FALSE;NA;NA;"Nowicka"
"Zabawa się skończyła. Druga tura to czas na poważne decyzje. @PolsatNews #wybory @Radio_ZET @TygodnikWPROST";FALSE;1;NA;2015-05-11 06:12:29;FALSE;NA;597645431817039872;NA;<a href="http://twitter.com/#!/download/ipad" rel="nofollow">Twitter for iPad</a>;WandaNowicka;2;FALSE;FALSE;NA;NA;"Nowicka"
"Po wyborach: #lewica musi zacząć współpracować #polsatNews @Radio_TOK_FM @CentrumPrasowe";FALSE;4;NA;2015-05-11 06:10:36;FALSE;NA;597644957734838272;NA;<a href="http://twitter.com/#!/download/ipad" rel="nofollow">Twitter for iPad</a>;WandaNowicka;0;FALSE;FALSE;NA;NA;"Nowicka"
"8.05 rozmawiam w @PolsatNews. Zapraszam do słuchania i komentarzy @Bartosz_Kurek";FALSE;0;NA;2015-05-11 05:25:03;FALSE;NA;597633495419265024;NA;<a href="https://mobile.twitter.com" rel="nofollow">Mobile Web (M5)</a>;WandaNowicka;1;FALSE;FALSE;NA;NA;"Nowicka"
