"text";"favorited";"favoriteCount";"replyToSN";"created";"truncated";"replyToSID";"id";"replyToUID";"statusSource";"screenName";"retweetCount";"isRetweet";"retweeted";"longitude";"latitude";"lastname"
"10 maja wybierzmy Polskę zgody i Polskę racjonalną. http://t.co/8FVCsk4UeX";FALSE;17;NA;2015-05-07 13:38:22;FALSE;NA;596308091026710529;NA;<a href="http://twitter.com/download/android" rel="nofollow">Twitter for Android</a>;Komorowski;10;FALSE;FALSE;NA;NA;"Komorowski"
"10 maja bądźmy razem. Razem wygramy te wybory!";FALSE;27;NA;2015-05-07 13:33:50;FALSE;NA;596306951010701313;NA;<a href="http://twitter.com" rel="nofollow">Twitter Web Client</a>;Komorowski;18;FALSE;FALSE;NA;NA;"Komorowski"
"Jeżeli myślimy podobnie, jeśli akceptujecie moją dotychczasową prezydenturę to proszę o głos 10 maja! To będzie głos niesłychanie ważny";FALSE;8;NA;2015-05-07 13:33:39;FALSE;NA;596306902621003776;NA;<a href="http://twitter.com" rel="nofollow">Twitter Web Client</a>;Komorowski;2;FALSE;FALSE;NA;NA;"Komorowski"
"Te wybory zdecydują czy będziemy odpowiedzialnym i wpływowym członkiem NATO i Unii Europejskiej.";FALSE;17;NA;2015-05-07 13:33:14;FALSE;NA;596306799592091649;NA;<a href="http://twitter.com" rel="nofollow">Twitter Web Client</a>;Komorowski;13;FALSE;FALSE;NA;NA;"Komorowski"
"To ważne wybory. Te wybory zdecydują o tym, czy Polska nadal będzie częścią demokratycznego i nowoczesnego Zachodu.";FALSE;7;NA;2015-05-07 13:32:50;FALSE;NA;596306700493332480;NA;<a href="http://twitter.com" rel="nofollow">Twitter Web Client</a>;Komorowski;3;FALSE;FALSE;NA;NA;"Komorowski"
"Wierzę, że 10 maja powstrzymamy ryzyko powrotu do politycznego średniowiecza! Idźmy w stronę większego dobra szukając kompromisu.";FALSE;9;NA;2015-05-07 13:32:19;FALSE;NA;596306569224200192;NA;<a href="http://twitter.com" rel="nofollow">Twitter Web Client</a>;Komorowski;4;FALSE;FALSE;NA;NA;"Komorowski"
"Nie będzie zgody na barbarzyńskie pomysły karania więzieniem za realizację marzeń o dziecku, o rodzicielskim szczęściu.";FALSE;17;NA;2015-05-07 13:31:45;FALSE;NA;596306425422467073;NA;<a href="http://twitter.com" rel="nofollow">Twitter Web Client</a>;Komorowski;9;FALSE;FALSE;NA;NA;"Komorowski"
"Jeden z kandydatów chce karać za in vitro. Radykalnym, fundamentalistycznym dążeniom musimy się razem przeciwstawić teraz w czasie wyborów";FALSE;11;NA;2015-05-07 13:31:18;FALSE;NA;596306314504085504;NA;<a href="http://twitter.com" rel="nofollow">Twitter Web Client</a>;Komorowski;4;FALSE;FALSE;NA;NA;"Komorowski"
"Brońmy wspólnie zasady, że państwo szanuje i w stopniu maksymalnie możliwym respektuje różne wrażliwości światopoglądowe swoich obywateli!";FALSE;5;NA;2015-05-07 13:30:29;FALSE;NA;596306106567303168;NA;<a href="http://twitter.com" rel="nofollow">Twitter Web Client</a>;Komorowski;4;FALSE;FALSE;NA;NA;"Komorowski"
"Nie pozwólmy by radykalizm wyznaczał ton debaty publicznej. By dzielił Polaków na lepszych i gorszych. By niszczył szanse na kompromis";FALSE;4;NA;2015-05-07 13:29:40;FALSE;NA;596305901088276481;NA;<a href="http://twitter.com" rel="nofollow">Twitter Web Client</a>;Komorowski;2;FALSE;FALSE;NA;NA;"Komorowski"
"Zwracam się do tych z Państwa. którzy cenią umiarkowanie, dialog i kompromis w życiu publicznym. Którzy nie stoją na barykadach radykalizmu.";FALSE;7;NA;2015-05-07 13:29:13;FALSE;NA;596305789133975552;NA;<a href="http://twitter.com" rel="nofollow">Twitter Web Client</a>;Komorowski;2;FALSE;FALSE;NA;NA;"Komorowski"
"Za mną, a nawet obok, stoi Gazeta i Mama ;-))) http://t.co/K6Nvmwtdlj";FALSE;147;NA;2015-05-07 15:46:37;FALSE;NA;596340364543426560;NA;<a href="http://www.apple.com" rel="nofollow">iOS</a>;AndrzejDuda;64;FALSE;FALSE;NA;NA;"Duda"
"@IzabelaPek :-)";FALSE;2;IzabelaPek;2015-05-07 13:15:21;FALSE;596302150596206593;596302296927047680;2365658792;<a href="http://twitter.com/#!/download/ipad" rel="nofollow">Twitter for iPad</a>;AndrzejDuda;1;FALSE;FALSE;NA;NA;"Duda"
"Kilka zdań o równouprawnieniu kobiet: http://t.co/XCzoRMm0BM";FALSE;10;NA;2015-05-07 13:39:49;FALSE;NA;596308456648343552;NA;<a href="http://twitter.com" rel="nofollow">Twitter Web Client</a>;ogorekmagda;8;FALSE;FALSE;NA;NA;"Og?rek"
"Uczniowie zorganizowali wybory. Wygrałam. http://t.co/YVNkT7eeSM";FALSE;24;NA;2015-05-07 10:07:55;FALSE;NA;596255129130655744;NA;<a href="http://twitter.com" rel="nofollow">Twitter Web Client</a>;ogorekmagda;10;FALSE;FALSE;NA;NA;"Og?rek"
"W sondzie Onetu wygrywam!  http://t.co/01e6MrnXPM http://t.co/LSKeiUuH2S";FALSE;39;NA;2015-05-07 06:17:45;FALSE;NA;596197207910526976;NA;<a href="http://twitter.com" rel="nofollow">Twitter Web Client</a>;ogorekmagda;23;FALSE;FALSE;NA;NA;"Og?rek"
"Dzięki za AMA #palikot2015 /sztab http://t.co/82LYyqyOHr";FALSE;10;NA;2015-05-07 18:39:52;FALSE;NA;596383967735078912;NA;<a href="http://www.apple.com" rel="nofollow">iOS</a>;Palikot_Janusz;1;FALSE;FALSE;NA;NA;"Palikot"
"Tak było dziś w Staroźrebach #palikot2015 /sztab http://t.co/aatnQ9BlfD";FALSE;9;NA;2015-05-07 18:31:45;FALSE;NA;596381923800436736;NA;<a href="http://twitter.com/download/iphone" rel="nofollow">Twitter for iPhone</a>;Palikot_Janusz;2;FALSE;FALSE;NA;NA;"Palikot"
"Zapraszamy Was na wykop.pl #palikot2015 /sztab http://t.co/u5kpBmiYs7";FALSE;1;NA;2015-05-07 17:16:23;FALSE;NA;596362958705426432;NA;<a href="http://twitter.com/download/android" rel="nofollow">Twitter for Android</a>;Palikot_Janusz;2;FALSE;FALSE;NA;NA;"Palikot"
"Do red. Morozowskiego : Fakty TVN nie pokazały w ostatnich tygodniach, ani jednej mojej konferencji - Rola TVN w wyborach";FALSE;15;NA;2015-05-07 16:56:00;FALSE;NA;596357826257227776;NA;<a href="http://twitter.com/download/android" rel="nofollow">Twitter for Android</a>;Palikot_Janusz;4;FALSE;FALSE;NA;NA;"Palikot"
"Do red.Morozowskiego: w ciągu ostatniego miesiąca byłem tylko raz w @KropkaNadI";FALSE;5;NA;2015-05-07 16:53:29;FALSE;NA;596357193961705473;NA;<a href="http://twitter.com/download/android" rel="nofollow">Twitter for Android</a>;Palikot_Janusz;3;FALSE;FALSE;NA;NA;"Palikot"
"Do red. Morozowskiego: W ciągu ostatniego miesiąca tylko raz - 8 kwietnia byłem w FpF";FALSE;5;NA;2015-05-07 16:52:30;FALSE;NA;596356944660672512;NA;<a href="http://twitter.com/download/android" rel="nofollow">Twitter for Android</a>;Palikot_Janusz;2;FALSE;FALSE;NA;NA;"Palikot"
"Komorowski to konserwatysta który zgolił wąsy, a Duda to kandydat episkopatu #palikot2015 /sztab";FALSE;17;NA;2015-05-07 16:40:07;FALSE;NA;596353830230581248;NA;<a href="http://twitter.com/download/iphone" rel="nofollow">Twitter for iPhone</a>;Palikot_Janusz;4;FALSE;FALSE;NA;NA;"Palikot"
"Za chwilę Janusz Palikot w @tvn24 w programie @TakJestTVN24 #palikot2015 /sztab";FALSE;8;NA;2015-05-07 16:18:45;FALSE;NA;596348453774630912;NA;<a href="http://twitter.com/download/android" rel="nofollow">Twitter for Android</a>;Palikot_Janusz;1;FALSE;FALSE;NA;NA;"Palikot"
"Staroźreby #palikot2015 http://t.co/6zIYGvA5KU";FALSE;6;NA;2015-05-07 14:50:38;FALSE;NA;596326279265288192;NA;<a href="http://twitter.com/download/iphone" rel="nofollow">Twitter for iPhone</a>;Palikot_Janusz;3;FALSE;FALSE;NA;NA;"Palikot"
"Świetne spotkanie z Januszem Palikotem w Staroźrebach /sztab http://t.co/TESQgbmpha";FALSE;7;NA;2015-05-07 14:27:23;FALSE;NA;596320427045158913;NA;<a href="http://www.apple.com" rel="nofollow">iOS</a>;Palikot_Janusz;4;FALSE;FALSE;NA;NA;"Palikot"
"LIVE on #Periscope: Wizyta w Staroźrebach    https://t.co/0OmSHzOYme";FALSE;0;NA;2015-05-07 14:16:19;FALSE;NA;596317643147206656;NA;<a href="https://periscope.tv" rel="nofollow">Periscope.TV</a>;Palikot_Janusz;2;FALSE;FALSE;NA;NA;"Palikot"
"Ministerstwo Finansów proponuje nam życie w podatkowym obozie koncentracyjnym #palikot2015 /sztab http://t.co/sV8kX6YHAU";FALSE;5;NA;2015-05-07 11:50:56;FALSE;NA;596281053792366592;NA;<a href="http://twitter.com/download/iphone" rel="nofollow">Twitter for iPhone</a>;Palikot_Janusz;4;FALSE;FALSE;NA;NA;"Palikot"
"Sondaż wsród studentów 50 uczelni niepublicznych #palikot2015 /sztab http://t.co/811QMWUFkv";FALSE;8;NA;2015-05-07 09:27:31;FALSE;NA;596244964763430912;NA;<a href="http://twitter.com/download/iphone" rel="nofollow">Twitter for iPhone</a>;Palikot_Janusz;7;FALSE;FALSE;NA;NA;"Palikot"
"Dziś kontrole powinny być prewencyjne, a obywatel powinien mieć prawo do błędu. Obywatele chcą przyjaznego, a nie represyjnego państwa!";FALSE;16;NA;2015-05-07 09:23:03;FALSE;NA;596243840656367616;NA;<a href="http://twitter.com/download/iphone" rel="nofollow">Twitter for iPhone</a>;Palikot_Janusz;2;FALSE;FALSE;NA;NA;"Palikot"
"Mafijne i zamordystyczne działania wobec polskich przedsiębiorców! #palikot2015 / sztab http://t.co/kG8OJT0u0X";FALSE;11;NA;2015-05-07 09:13:55;FALSE;NA;596241542047752192;NA;<a href="http://twitter.com/download/android" rel="nofollow">Twitter for Android</a>;Palikot_Janusz;7;FALSE;FALSE;NA;NA;"Palikot"
"LIVE on #Periscope: Konferencja przed Min.Finansów #palikot2015  https://t.co/cnt3IQzHxz";FALSE;2;NA;2015-05-07 09:04:20;FALSE;NA;596239128733360128;NA;<a href="https://periscope.tv" rel="nofollow">Periscope.TV</a>;Palikot_Janusz;0;FALSE;FALSE;NA;NA;"Palikot"
"Już dziś o godzinie 11:05 zrobimy porządek z Min.Finansów i Panem Kapicą #palikot2015 / sztab";FALSE;6;NA;2015-05-07 07:33:57;FALSE;NA;596216384662700032;NA;<a href="http://twitter.com/download/android" rel="nofollow">Twitter for Android</a>;Palikot_Janusz;3;FALSE;FALSE;NA;NA;"Palikot"
"Sprawę legalizacji marihuany zacząłbym od regulacji dot. medycznego stosowania konopi #palikot2015 /sztab";FALSE;19;NA;2015-05-07 06:20:39;FALSE;NA;596197934942842880;NA;<a href="http://twitter.com/download/android" rel="nofollow">Twitter for Android</a>;Palikot_Janusz;4;FALSE;FALSE;NA;NA;"Palikot"
"Oczekuję, że Jan Bury zrezygnuje ze wszystkich funkcji #palikot2015 #radiordc /sztab";FALSE;6;NA;2015-05-07 06:17:21;FALSE;NA;596197106525831168;NA;<a href="http://twitter.com/download/android" rel="nofollow">Twitter for Android</a>;Palikot_Janusz;3;FALSE;FALSE;NA;NA;"Palikot"
"Poletko Pana P - Mafia PSL-u http://t.co/NqDVJoHL28";FALSE;1;NA;2015-05-07 05:58:49;FALSE;NA;596192440803061761;NA;<a href="http://twitter.com" rel="nofollow">Twitter Web Client</a>;Palikot_Janusz;3;FALSE;FALSE;NA;NA;"Palikot"
"Konferencja prasowa w Koninie. http://t.co/sT7bhjv0ES";FALSE;4;NA;2015-05-07 15:09:04;FALSE;NA;596330917339254784;NA;<a href="http://www.apple.com" rel="nofollow">iOS</a>;JarubasAdam;1;FALSE;FALSE;NA;NA;"Jarubas"
"Spotkanie z mieszkańcami w Poznaniu. http://t.co/GVyL7X9RwC";FALSE;6;NA;2015-05-07 12:26:01;FALSE;NA;596289882756087808;NA;<a href="http://twitter.com/download/iphone" rel="nofollow">Twitter for iPhone</a>;JarubasAdam;3;FALSE;FALSE;NA;NA;"Jarubas"
"Konferencja prasowa w Poznaniu. http://t.co/z56wrXiRSa";FALSE;4;NA;2015-05-07 11:49:08;FALSE;NA;596280602988544000;NA;<a href="http://www.apple.com" rel="nofollow">iOS</a>;JarubasAdam;2;FALSE;FALSE;NA;NA;"Jarubas"
"Spotkanie z mieszkańcami w Wyższej Szkole Humanistycznej w Lesznie. http://t.co/PRI3EqHnt6";FALSE;3;NA;2015-05-07 08:55:30;FALSE;NA;596236904716173312;NA;<a href="http://twitter.com/download/iphone" rel="nofollow">Twitter for iPhone</a>;JarubasAdam;1;FALSE;FALSE;NA;NA;"Jarubas"
"Konferencja prasowa w Wyższej Szkole Humanistycznej w Lesznie. http://t.co/guShsJgb5M";FALSE;1;NA;2015-05-07 07:42:25;FALSE;NA;596218511917191168;NA;<a href="http://twitter.com/download/iphone" rel="nofollow">Twitter for iPhone</a>;JarubasAdam;2;FALSE;FALSE;NA;NA;"Jarubas"
"Podczas nagrania audycji  Poranna rozmowa Radia Elki  w Lesznie. http://t.co/OfbGxwh7u4";FALSE;3;NA;2015-05-07 07:08:49;FALSE;NA;596210057093722112;NA;<a href="http://www.apple.com" rel="nofollow">iOS</a>;JarubasAdam;1;FALSE;FALSE;NA;NA;"Jarubas"
"http://t.co/tOzB4pusrd Walczę do końca!! #PotrafiszPolsko mi pomóc??";FALSE;40;NA;2015-05-07 20:28:25;FALSE;NA;596411281785126912;NA;<a href="http://twitter.com" rel="nofollow">Twitter Web Client</a>;PrezydentKukiz;9;FALSE;FALSE;NA;NA;"Kukiz"
"Zapamiętajcie tych ludzi! Ich arogancję i pogardę dla Was.. Kompletne wyobcowanie z rzeczywistości! #PotrafiszPolsko https://t.co/j7b648oo5R";FALSE;95;NA;2015-05-07 12:58:34;FALSE;NA;596298075695673345;NA;<a href="http://twitter.com" rel="nofollow">Twitter Web Client</a>;PrezydentKukiz;54;FALSE;FALSE;NA;NA;"Kukiz"
"https://t.co/FQBijijk8x Wczorajsze spotkanie z Pawłem w Białymstoku #PotrafiszPolsko!!!";FALSE;18;NA;2015-05-07 12:24:34;FALSE;NA;596289519529369600;NA;<a href="http://twitter.com" rel="nofollow">Twitter Web Client</a>;PrezydentKukiz;9;FALSE;FALSE;NA;NA;"Kukiz"
"@wrzucam @nmaliszewski Na początku zawodziła intuicja, potem pojawiły się błędne analizy,ciężko uwierzyć w koincydencje u poważnego naukowca";FALSE;3;wrzucam;2015-05-07 10:45:21;FALSE;596264113795420160;596264550426607616;3179597615;<a href="http://twitter.com" rel="nofollow">Twitter Web Client</a>;PrezydentKukiz;2;FALSE;FALSE;NA;NA;"Kukiz"
"@wrzucam @nmaliszewski Dementi może dotyczyć tylko ewidentnych pomyłek, nie zaplanowanych dezinformacji...";FALSE;6;wrzucam;2015-05-07 10:40:04;FALSE;596262695051108352;596263221172051968;3179597615;<a href="http://twitter.com" rel="nofollow">Twitter Web Client</a>;PrezydentKukiz;2;FALSE;FALSE;NA;NA;"Kukiz"
"Kochani! Część dziennikarzy sufluje nieprawdziwe informacje o tym, jakobym się wycofał z kandydowania. W takiej sytuacji!! WALCZĘ DO KOŃCA!!";FALSE;95;NA;2015-05-07 10:12:02;FALSE;NA;596256166583369728;NA;<a href="http://twitter.com" rel="nofollow">Twitter Web Client</a>;PrezydentKukiz;30;FALSE;FALSE;NA;NA;"Kukiz"
"@M_Kowalski1 Dziękuję Panie Marianie";FALSE;32;M_Kowalski1;2015-05-07 09:28:35;FALSE;596237614644092928;596245231735046145;2337046838;<a href="http://twitter.com" rel="nofollow">Twitter Web Client</a>;PrezydentKukiz;1;FALSE;FALSE;NA;NA;"Kukiz"
"Informacja sztabu wyborczego. http://t.co/E7Me3DZq27";FALSE;46;NA;2015-05-07 08:57:28;FALSE;NA;596237399291756544;NA;<a href="http://tapbots.com/software/tweetbot/mac" rel="nofollow">Tweetbot for Mac</a>;PrezydentKukiz;32;FALSE;FALSE;NA;NA;"Kukiz"
".@PrezydentKukiz W takich chwilach trzeba odłożyć na bok walkę o procenty i wzajemnie się wspierać. Pomodlę się za Pana tatę";FALSE;125;PrezydentKukiz;2015-05-07 09:32:27;FALSE;596245231735046145;596246203341340672;3018550239;<a href="http://twitter.com" rel="nofollow">Twitter Web Client</a>;M_Kowalski1;34;FALSE;FALSE;NA;NA;"Kowalski"
"@roboertndg Dzięki! :)";FALSE;0;roboertndg;2015-05-07 09:26:37;FALSE;596157428162555904;596244735787999232;3014334328;<a href="http://twitter.com" rel="nofollow">Twitter Web Client</a>;M_Kowalski1;0;FALSE;FALSE;NA;NA;"Kowalski"
"@InezSzwabowicz @mihaszek Miło się to czyta, bardzo dziękuję!";FALSE;4;InezSzwabowicz;2015-05-07 09:25:31;FALSE;596183730298949632;596244458678648832;1320759936;<a href="http://twitter.com" rel="nofollow">Twitter Web Client</a>;M_Kowalski1;1;FALSE;FALSE;NA;NA;"Kowalski"
"@barte20390564 Dziękuję za dobre słowa :)";FALSE;0;barte20390564;2015-05-07 09:24:56;FALSE;596187014980055040;596244313727709185;2328913289;<a href="http://twitter.com" rel="nofollow">Twitter Web Client</a>;M_Kowalski1;0;FALSE;FALSE;NA;NA;"Kowalski"
"@maro_kafaro Dzięki!";FALSE;0;maro_kafaro;2015-05-07 09:23:00;FALSE;596202735151747072;596243828270567424;1661195192;<a href="http://twitter.com" rel="nofollow">Twitter Web Client</a>;M_Kowalski1;0;FALSE;FALSE;NA;NA;"Kowalski"
"Dotarła do mnie smutna wiadomość o złym stanie zdrowia taty @PrezydentKukiz. Bardzo Was proszę o modlitwę za niego! http://t.co/yEilCXKCKF";FALSE;107;NA;2015-05-07 08:58:19;FALSE;NA;596237614644092928;NA;<a href="http://twitter.com" rel="nofollow">Twitter Web Client</a>;M_Kowalski1;47;FALSE;FALSE;NA;NA;"Kowalski"
"apel od PO w spr suwaka http://t.co/R3xpzv2k85 @renatagrochal @AgataNowakowsk @kongreskobiet @M_Sroda @Platforma_org @PremierKopacz";FALSE;1;NA;2015-05-07 14:42:00;FALSE;NA;596324104510304256;NA;<a href="http://twitter.com" rel="nofollow">Twitter Web Client</a>;WandaNowicka;2;FALSE;FALSE;NA;NA;"Nowicka"
"Apelujemy o jak najszybsze wpr ustawy #suwak owej. Wiecej kobiet w polityce!@tvn24 @kongreskobiet @wyborcza http://t.co/0pMpB6vN6N";FALSE;7;NA;2015-05-07 12:10:07;FALSE;NA;596285884447752193;NA;<a href="http://www.apple.com" rel="nofollow">iOS</a>;WandaNowicka;3;FALSE;FALSE;NA;NA;"Nowicka"
"Co dalej z #Suwak iem? O 14 konf pras w Sejmie @wyborcza @PAPinformacje @Radio_ZET @PolsatNews @tvsuperstacja @M_Sroda @kongreskobiet";FALSE;1;NA;2015-05-07 11:52:40;FALSE;NA;596281490285146112;NA;<a href="http://twitter.com" rel="nofollow">Twitter Web Client</a>;WandaNowicka;0;FALSE;FALSE;NA;NA;"Nowicka"
"o 14 konf pras w Sejmie z @kongreskobiet @M_Sroda nt #suwak na listach wyb @renatagrochal @tvn24 @tvp_info @CentrumPrasowe @Radio_TOK_FM";FALSE;1;NA;2015-05-07 11:29:56;FALSE;NA;596275769220997120;NA;<a href="http://twitter.com" rel="nofollow">Twitter Web Client</a>;WandaNowicka;0;FALSE;FALSE;NA;NA;"Nowicka"
"Co planuje @Platforma_org w spr #INVITRO ? dziś znów odwołana podkomisja @tvn24 @FaktyTVN @tvp_info @wyborcza @CentrumPrasowe @PolsatNews";FALSE;4;NA;2015-05-07 06:45:34;FALSE;NA;596204206282903552;NA;<a href="http://twitter.com" rel="nofollow">Twitter Web Client</a>;WandaNowicka;1;FALSE;FALSE;NA;NA;"Nowicka"
