"text";"favorited";"favoriteCount";"replyToSN";"created";"truncated";"replyToSID";"id";"replyToUID";"statusSource";"screenName";"retweetCount";"isRetweet";"retweeted";"longitude";"latitude";"lastname"
"Uwalniać energię Polaków - zapraszam do obejrzenia videobloga z wizyty na Warmii i Mazurach https://t.co/RMIqnzxKZJ";FALSE;8;NA;2015-05-05 20:29:38;FALSE;NA;595686813467021313;NA;<a href="http://twitter.com" rel="nofollow">Twitter Web Client</a>;Komorowski;3;FALSE;FALSE;NA;NA;"Komorowski"
"Ambicją polityka jest zawsze wygrać w jak najlepszym stylu - mam głęboką nadzieję, że uda mi się to w pierwszej turze. A zdecydują wyborcy.";FALSE;9;NA;2015-05-05 18:30:52;FALSE;NA;595656927603982336;NA;<a href="http://twitter.com" rel="nofollow">Twitter Web Client</a>;Komorowski;1;FALSE;FALSE;NA;NA;"Komorowski"
"Podnoszenie kwestii euro w kampanii jest odrealnione, to bicie piany. Istnieje bariera konstytucyjna.";FALSE;3;NA;2015-05-05 18:28:14;FALSE;NA;595656263435968512;NA;<a href="http://twitter.com" rel="nofollow">Twitter Web Client</a>;Komorowski;1;FALSE;FALSE;NA;NA;"Komorowski"
"Konstytucję należy doskonalić, ale nie trzeba zmieniać fundamentów ustroju państwa.";FALSE;10;NA;2015-05-05 18:24:41;FALSE;NA;595655369483034624;NA;<a href="http://twitter.com" rel="nofollow">Twitter Web Client</a>;Komorowski;2;FALSE;FALSE;NA;NA;"Komorowski"
"Uczymy, i to skutecznie, Europę wrażliwości na kwestie wschodnie. My musimy z kolei rozważać, co możemy zrobić w kwestiach południa.";FALSE;2;NA;2015-05-05 18:16:03;FALSE;NA;595653198947450880;NA;<a href="http://twitter.com" rel="nofollow">Twitter Web Client</a>;Komorowski;3;FALSE;FALSE;NA;NA;"Komorowski"
"Europa składa się z wielu państw o różnych wrażliwościach. Nie możemy lekceważyć cudzych obaw, jeśli chcemy, by nie lekceważono naszych.";FALSE;2;NA;2015-05-05 18:15:24;FALSE;NA;595653032211283969;NA;<a href="http://twitter.com" rel="nofollow">Twitter Web Client</a>;Komorowski;2;FALSE;FALSE;NA;NA;"Komorowski"
"Na rzecz bezpieczeństwa działamy poprzez członkostwo w @NATO, modernizację armii czy dobre stosunki z większością sąsiadów.";FALSE;4;NA;2015-05-05 18:01:35;FALSE;NA;595649557951819777;NA;<a href="http://twitter.com" rel="nofollow">Twitter Web Client</a>;Komorowski;2;FALSE;FALSE;NA;NA;"Komorowski"
"Naszym wspólnym zadaniem jest to, by zapewnić Polakom jak najwyższy poziom bezpieczeństwa.";FALSE;4;NA;2015-05-05 18:00:46;FALSE;NA;595649348815429632;NA;<a href="http://twitter.com" rel="nofollow">Twitter Web Client</a>;Komorowski;1;FALSE;FALSE;NA;NA;"Komorowski"
"Konsekwentnie działam na rzecz odbudowy dialogu społecznego. Jestem pewien, że to się uda.";FALSE;5;NA;2015-05-05 17:57:23;FALSE;NA;595648501033345026;NA;<a href="http://twitter.com" rel="nofollow">Twitter Web Client</a>;Komorowski;2;FALSE;FALSE;NA;NA;"Komorowski"
"Zarzut o  fali emigracji  formułuje partia, za rządów której wyjeżdżało pół miliona ludzi rocznie.";FALSE;8;NA;2015-05-05 17:53:51;FALSE;NA;595647609139769348;NA;<a href="http://twitter.com" rel="nofollow">Twitter Web Client</a>;Komorowski;5;FALSE;FALSE;NA;NA;"Komorowski"
"Polityka rodzinna - m.in. Karty Dużej Rodziny, kwestia urlopów rodzicielskich, ulgi podatkowe na dzieci - to owoce dobrej współpracy.";FALSE;2;NA;2015-05-05 17:51:28;FALSE;NA;595647009471733760;NA;<a href="http://twitter.com" rel="nofollow">Twitter Web Client</a>;Komorowski;3;FALSE;FALSE;NA;NA;"Komorowski"
"Zbudowałem kompleksowy program polityki rodzinnej -  Dobry klimat dla rodziny . Już daje pozytywne efekty, przełamujemy kryzys demograficzny";FALSE;0;NA;2015-05-05 17:49:51;FALSE;NA;595646604738240512;NA;<a href="http://twitter.com" rel="nofollow">Twitter Web Client</a>;Komorowski;0;FALSE;FALSE;NA;NA;"Komorowski"
"Próba karania więzieniem za stosowanie in vitro jest przejawem radykalizmu i niezdolności do kompromisu.";FALSE;29;NA;2015-05-05 17:35:38;FALSE;NA;595643026443214848;NA;<a href="http://twitter.com" rel="nofollow">Twitter Web Client</a>;Komorowski;23;FALSE;FALSE;NA;NA;"Komorowski"
"W polityce jedni szukają kompromisów, a radykałowie chcą za wszelką cenę postawić na swoim. Z tym mamy do czynienia w kwestii in vitro.";FALSE;8;NA;2015-05-05 17:35:02;FALSE;NA;595642872667512833;NA;<a href="http://twitter.com" rel="nofollow">Twitter Web Client</a>;Komorowski;6;FALSE;FALSE;NA;NA;"Komorowski"
"Zapraszam. http://t.co/20wYkYlXsx";FALSE;9;NA;2015-05-05 14:44:18;FALSE;NA;595599906489901056;NA;<a href="http://twitter.com" rel="nofollow">Twitter Web Client</a>;Komorowski;14;FALSE;FALSE;NA;NA;"Komorowski"
"Ustawa,  którą dzisiaj podpisałem,  pomoże sprzedawać rolnikom swoje wyroby i zarabiać dobre pieniądze.";FALSE;14;NA;2015-05-05 12:59:38;FALSE;NA;595573569645649920;NA;<a href="http://twitter.com/download/android" rel="nofollow">Twitter for Android</a>;Komorowski;6;FALSE;FALSE;NA;NA;"Komorowski"
"W Olsztynku rozmawiam z producentami regionalnej i ekologicznej żywności. http://t.co/VnbvfRwn1v";FALSE;4;NA;2015-05-05 12:43:27;FALSE;NA;595569493679742976;NA;<a href="http://twitter.com/download/android" rel="nofollow">Twitter for Android</a>;Komorowski;4;FALSE;FALSE;NA;NA;"Komorowski"
"Państwo powinno w stopniu możliwie największym szanować różne wrażliwości swoich obywateli i stawiać na kompromis. To racjonalne podejście.";FALSE;2;NA;2015-05-05 10:45:18;FALSE;NA;595539762053787649;NA;<a href="http://twitter.com/download/android" rel="nofollow">Twitter for Android</a>;Komorowski;1;FALSE;FALSE;NA;NA;"Komorowski"
"Wielka polityka nie musi przekreślać współpracy na poziomie lokalnym. Dobre relacje lokalne to zawsze inwestycja w przyszłość.";FALSE;6;NA;2015-05-05 10:26:00;FALSE;NA;595534904827478016;NA;<a href="http://twitter.com/download/android" rel="nofollow">Twitter for Android</a>;Komorowski;0;FALSE;FALSE;NA;NA;"Komorowski"
"Jesteśmy cząstką świata zachodniego,  ale cały czas musimy być zainteresowani wschodnimi sąsiadami i szukać z nimi pól współpracy.";FALSE;5;NA;2015-05-05 10:24:25;FALSE;NA;595534504443441152;NA;<a href="http://twitter.com/download/android" rel="nofollow">Twitter for Android</a>;Komorowski;4;FALSE;FALSE;NA;NA;"Komorowski"
"Mały ruch graniczny z Rosją to forma współpracy,  którą warto utrzymać.  Buduje dobre sąsiedzkie relacje.";FALSE;11;NA;2015-05-05 10:20:33;FALSE;NA;595533533273292800;NA;<a href="http://twitter.com/download/android" rel="nofollow">Twitter for Android</a>;Komorowski;7;FALSE;FALSE;NA;NA;"Komorowski"
"Jednym z działań na rzecz poprawy bezpieczeństwa jest wzmacnianie potencjału straży granicznej.";FALSE;3;NA;2015-05-05 10:15:28;FALSE;NA;595532252278333440;NA;<a href="http://twitter.com/download/android" rel="nofollow">Twitter for Android</a>;Komorowski;0;FALSE;FALSE;NA;NA;"Komorowski"
"Negatywne zmiany w Rosji w kwestii polityki sąsiedztwa to wyzwanie dla Polski.  Dlatego wzmacniamy naszą obronność.";FALSE;3;NA;2015-05-05 10:14:35;FALSE;NA;595532032547135488;NA;<a href="http://twitter.com/download/android" rel="nofollow">Twitter for Android</a>;Komorowski;4;FALSE;FALSE;NA;NA;"Komorowski"
"Łatwo jest obrażać innych, dużo trudniej pracować i rozwiązywać problemy ludzi. Polityczne awantury nic dobrego nie wnoszą.";FALSE;8;NA;2015-05-05 10:10:37;FALSE;NA;595531031903612928;NA;<a href="http://twitter.com/download/android" rel="nofollow">Twitter for Android</a>;Komorowski;3;FALSE;FALSE;NA;NA;"Komorowski"
"W Elblągu rozmawiam z mieszkańcami o polityce wschodniej i samorządzie. http://t.co/XhoibFJBVO";FALSE;7;NA;2015-05-05 10:08:09;FALSE;NA;595530411096285184;NA;<a href="http://twitter.com/download/android" rel="nofollow">Twitter for Android</a>;Komorowski;4;FALSE;FALSE;NA;NA;"Komorowski"
"10 maja wybierz prezydenta Polaków, nie ich sumień. https://t.co/cOBBbUKtFq";FALSE;31;NA;2015-05-05 06:23:17;FALSE;NA;595473824671518721;NA;<a href="http://twitter.com" rel="nofollow">Twitter Web Client</a>;Komorowski;19;FALSE;FALSE;NA;NA;"Komorowski"
"Nowy spot Andrzeja Dudy:  Jesteśmy dumnym narodem w sercu Europy i musimy bronić naszych interesów!  http://t.co/8Ca9vbjAmf";FALSE;46;NA;2015-05-05 12:26:47;FALSE;NA;595565301237948416;NA;<a href="http://www.apple.com" rel="nofollow">iOS</a>;AndrzejDuda;37;FALSE;FALSE;NA;NA;"Duda"
"Dzisiejszy wywiad w @RadiowaJedynka http://t.co/NclazXsWv4 http://t.co/uBezoC4fRA";FALSE;20;NA;2015-05-05 11:04:18;FALSE;NA;595544543937826816;NA;<a href="http://twitter.com" rel="nofollow">Twitter Web Client</a>;ogorekmagda;5;FALSE;FALSE;NA;NA;"Og?rek"
"Dzisiaj obywatel biega od okienka do okienka. Urzędnicy mają pomagać ludziom. Trzeba posprzątać bałagan z ZUS i KRUS #debata /sztab";FALSE;32;NA;2015-05-05 19:15:22;FALSE;NA;595668125120618497;NA;<a href="http://twitter.com/download/iphone" rel="nofollow">Twitter for iPhone</a>;Palikot_Janusz;5;FALSE;FALSE;NA;NA;"Palikot"
"Urzędnik musi być dla obywatela #Palikot2015 #debata /sztab";FALSE;27;NA;2015-05-05 19:13:33;FALSE;NA;595667668784537601;NA;<a href="http://twitter.com/download/iphone" rel="nofollow">Twitter for iPhone</a>;Palikot_Janusz;5;FALSE;FALSE;NA;NA;"Palikot"
"Gospodarka gospodarka gospodarka! Tylko to nam zapewni bezpieczeństwo #debata #Palikot2015 /sztab";FALSE;38;NA;2015-05-05 19:02:02;FALSE;NA;595664769065086976;NA;<a href="http://twitter.com/download/iphone" rel="nofollow">Twitter for iPhone</a>;Palikot_Janusz;5;FALSE;FALSE;NA;NA;"Palikot"
"Tuż przed debatą! Zrobimy z nimi porządek #palikot2015 /sztab http://t.co/RUJx3rE74E";FALSE;20;NA;2015-05-05 18:15:48;FALSE;NA;595653135932203011;NA;<a href="http://www.apple.com" rel="nofollow">iOS</a>;Palikot_Janusz;5;FALSE;FALSE;NA;NA;"Palikot"
"LIVE on #Periscope https://t.co/bdIKE19Rpo";FALSE;2;NA;2015-05-05 18:06:18;FALSE;NA;595650743018848256;NA;<a href="https://periscope.tv" rel="nofollow">Periscope.TV</a>;Palikot_Janusz;1;FALSE;FALSE;NA;NA;"Palikot"
"LIVE on #Periscope: Czas na debatę #palikot2015 https://t.co/FwP6DUZYfZ";FALSE;1;NA;2015-05-05 18:04:51;FALSE;NA;595650376403148803;NA;<a href="https://periscope.tv" rel="nofollow">Periscope.TV</a>;Palikot_Janusz;3;FALSE;FALSE;NA;NA;"Palikot"
"@KBiedrzycka gotowi!";FALSE;6;KBiedrzycka;2015-05-05 17:32:02;FALSE;595629812892442625;595642121035640832;306737592;<a href="http://twitter.com/download/android" rel="nofollow">Twitter for Android</a>;Palikot_Janusz;2;FALSE;FALSE;NA;NA;"Palikot"
"Duda jest tak samo niesamodzielny jak Lech Kaczyński potrzebuje innego Dudy żeby być sobą czyli Duda!";FALSE;17;NA;2015-05-05 11:41:45;FALSE;NA;595553967565873152;NA;<a href="http://twitter.com/download/android" rel="nofollow">Twitter for Android</a>;Palikot_Janusz;1;FALSE;FALSE;NA;NA;"Palikot"
"Przez całą kampanię apelowałem o organizację debaty prezydenckiej i w końcu się udało! #palikot2015 http://t.co/EvkoGleICe";FALSE;24;NA;2015-05-05 11:38:15;FALSE;NA;595553088053911552;NA;<a href="http://twitter.com" rel="nofollow">Twitter Web Client</a>;Palikot_Janusz;5;FALSE;FALSE;NA;NA;"Palikot"
"Jak wybory to Po deklaruje, że załatwi sprawę in vitro. I tak od 10 lat.";FALSE;24;NA;2015-05-05 10:45:11;FALSE;NA;595539733721325568;NA;<a href="http://twitter.com/download/android" rel="nofollow">Twitter for Android</a>;Palikot_Janusz;10;FALSE;FALSE;NA;NA;"Palikot"
"Kukiz antysystemowy kandydat, z jednej strony puszcza oko do PiS, a z drugiej bierze pieniądze od prezydenta z PO za koncerty. Hipokryzja";FALSE;13;NA;2015-05-05 10:22:01;FALSE;NA;595533902728531968;NA;<a href="http://twitter.com/download/android" rel="nofollow">Twitter for Android</a>;Palikot_Janusz;5;FALSE;FALSE;NA;NA;"Palikot"
"W związku z masowa rezygnacja kandydatów z występu w mediach informuje, ze chętnie skorzystam z wolnego czasu antenowego.";FALSE;70;NA;2015-05-05 09:40:06;FALSE;NA;595523352141438976;NA;<a href="http://twitter.com/download/android" rel="nofollow">Twitter for Android</a>;Palikot_Janusz;19;FALSE;FALSE;NA;NA;"Palikot"
"Dzień kampanijny z Onet. Polecam http://t.co/i5RSv15amZ";FALSE;1;NA;2015-05-05 13:39:23;FALSE;NA;595583570862825474;NA;<a href="http://twitter.com/download/iphone" rel="nofollow">Twitter for iPhone</a>;JarubasAdam;3;FALSE;FALSE;NA;NA;"Jarubas"
"Za chwilę będę gościem programu  Polityka przy kawie  w TVP 1. http://t.co/QpIOp1IHoY";FALSE;4;NA;2015-05-05 06:16:14;FALSE;NA;595472050988384256;NA;<a href="http://twitter.com/download/iphone" rel="nofollow">Twitter for iPhone</a>;JarubasAdam;1;FALSE;FALSE;NA;NA;"Jarubas"
"Ostatnie przygotowania do debaty. Zaczynamy za pół godziny! http://t.co/2H9oflJjxL";FALSE;48;NA;2015-05-05 17:56:48;FALSE;NA;595648351984611329;NA;<a href="http://tapbots.com/software/tweetbot/mac" rel="nofollow">Tweetbot for Mac</a>;PrezydentKukiz;8;FALSE;FALSE;NA;NA;"Kukiz"
"Debata w okrojonym składzie. Zabrakło dla wszystkich krzeseł. Szkoda. https://t.co/cqYvnrdbOO";FALSE;33;NA;2015-05-05 16:34:41;FALSE;NA;595627686594277376;NA;<a href="http://tapbots.com/software/tweetbot/mac" rel="nofollow">Tweetbot for Mac</a>;PrezydentKukiz;11;FALSE;FALSE;NA;NA;"Kukiz"
":) https://t.co/Fe1xXlX4a2";FALSE;11;NA;2015-05-05 11:43:28;FALSE;NA;595554401827315712;NA;<a href="http://twitter.com" rel="nofollow">Twitter Web Client</a>;PrezydentKukiz;4;FALSE;FALSE;NA;NA;"Kukiz"
"Sztabowcy?? ;) #SztabNicNieWie ;) Zdecydowanie to wykwit polskiej kreatywności #PotrafiszPolsko!!! https://t.co/BRAYKH5RlL";FALSE;4;NA;2015-05-05 11:37:31;FALSE;NA;595552904355930112;NA;<a href="http://twitter.com" rel="nofollow">Twitter Web Client</a>;PrezydentKukiz;2;FALSE;FALSE;NA;NA;"Kukiz"
"@MajewskiMichal ani kandydaci ani prowadzący nie zaprotestowali";FALSE;4;MajewskiMichal;2015-05-05 20:32:03;FALSE;595686808979144704;595687423125913601;44599472;<a href="http://twitter.com" rel="nofollow">Twitter Web Client</a>;WandaNowicka;0;FALSE;FALSE;NA;NA;"Nowicka"
"@adix67 odkrywcze, a czego celność się ćwiczy? Nie strzelania przypadkiem?  Może śpiewania?";FALSE;0;adix67;2015-05-05 20:07:09;FALSE;595679627147931649;595681156571475968;519434119;<a href="http://twitter.com" rel="nofollow">Twitter Web Client</a>;WandaNowicka;0;FALSE;FALSE;NA;NA;"Nowicka"
"@JacekGadek strasznie męczące słuchanie tych wystąpień. wszyscy jakoś podobni bez względu na to co mówili. Zwyciężył piar";FALSE;0;JacekGadek;2015-05-05 20:04:57;FALSE;595679796362895361;595680602986258434;109231312;<a href="http://twitter.com" rel="nofollow">Twitter Web Client</a>;WandaNowicka;0;FALSE;FALSE;NA;NA;"Nowicka"
"Kościół, Polska, strzelnica-oto program Kandyd #Brauna. Nb twierdzi że aborcja to najw zbrodnia Zabijać wolno, ale przerywać nie ALe logika";FALSE;5;NA;2015-05-05 19:57:25;FALSE;NA;595678707748098048;NA;<a href="http://twitter.com" rel="nofollow">Twitter Web Client</a>;WandaNowicka;0;FALSE;FALSE;NA;NA;"Nowicka"
"#wróblewski w #muzeumSztukiNowoczesnej. Polecam. http://t.co/HOveN0HXBt";FALSE;1;NA;2015-05-05 15:22:49;FALSE;NA;595609600835133440;NA;<a href="http://twitter.com/download/iphone" rel="nofollow">Twitter for iPhone</a>;WandaNowicka;1;FALSE;FALSE;NA;NA;"Nowicka"
"Świeckość to wartość, którą warto wspierać: zakończ się konf w sejmie @tvp_info @tvn24 @Radio_TOK_FM";FALSE;1;NA;2015-05-05 12:38:11;FALSE;NA;595568170502586368;NA;<a href="http://twitter.com/#!/download/ipad" rel="nofollow">Twitter for iPad</a>;WandaNowicka;0;FALSE;FALSE;NA;NA;"Nowicka"
"@M_Twarog @wyborcza @Radio_TOK_FM dokładnie tak i o ich matki";FALSE;0;M_Twarog;2015-05-05 11:06:37;FALSE;595543773880438784;595545126308548609;2909179941;<a href="http://twitter.com/#!/download/ipad" rel="nofollow">Twitter for iPad</a>;WandaNowicka;0;FALSE;FALSE;NA;NA;"Nowicka"
"Świeckość naszym wspólnym dobrem, ktore pozwoli żyć w zgodzie z innymi, prof Habas, konferencja Droga do Świeckości w sejmie @Radio_TOK_FM";FALSE;1;NA;2015-05-05 11:05:28;FALSE;NA;595544837497163776;NA;<a href="http://twitter.com/#!/download/ipad" rel="nofollow">Twitter for iPad</a>;WandaNowicka;1;FALSE;FALSE;NA;NA;"Nowicka"
"Bycie krytycznym wobec #religia zaprocentuje świeckością,prof Haarscher,WolnyUniwersytetBelgijski @LesJazd @wyborcza http://t.co/hGNCl9dm2W";FALSE;1;NA;2015-05-05 10:44:28;FALSE;NA;595539552384745472;NA;<a href="http://twitter.com/#!/download/ipad" rel="nofollow">Twitter for iPad</a>;WandaNowicka;1;FALSE;FALSE;NA;NA;"Nowicka"
"@maxbojarski o związkach między Kościołem i Państwem na konferencji o #świeckośćPaństwa w Sejmie @tvp_info @Radio_TOK_FM @wyborcza";FALSE;0;MaxBojarski;2015-05-05 10:37:22;FALSE;NA;595537764420030464;704700462;<a href="http://twitter.com/#!/download/ipad" rel="nofollow">Twitter for iPad</a>;WandaNowicka;0;FALSE;FALSE;NA;NA;"Nowicka"
"@LesJazd: zbieramy podpisy nad projektem ust o #katecheza w szkołach.350€ rocznie na #religia? Trzeba to zmienić @tvn24 @Radio_TOK_FM";FALSE;0;LesJazd;2015-05-05 10:30:59;FALSE;NA;595536159951949824;1595702888;<a href="http://twitter.com/#!/download/ipad" rel="nofollow">Twitter for iPad</a>;WandaNowicka;0;FALSE;FALSE;NA;NA;"Nowicka"
"Zapłodniona komórka jajowa ma w PL więcej praw niż urodzona w tym kraju obywatelka. Dlaczego? @wyborcza @Radio_TOK_FM http://t.co/62L5ZI6vhG";FALSE;4;NA;2015-05-05 10:24:02;FALSE;NA;595534408565846016;NA;<a href="http://twitter.com/#!/download/ipad" rel="nofollow">Twitter for iPad</a>;WandaNowicka;6;FALSE;FALSE;NA;NA;"Nowicka"
"Konferencja Europejska Droga ku Świeckości rozpoczęła się @wyborcza @tvp_info @Radio_TOK_FM @LesJazd http://t.co/3RiTrdu3Jn";FALSE;3;NA;2015-05-05 10:19:28;FALSE;NA;595533261415325697;NA;<a href="http://twitter.com/#!/download/ipad" rel="nofollow">Twitter for iPad</a>;WandaNowicka;1;FALSE;FALSE;NA;NA;"Nowicka"
"Złota myśl #tKukiza Polki rodzą w Anglii, bo tam są #jow y @Trojka_PRSA";FALSE;5;NA;2015-05-05 06:59:08;FALSE;NA;595482845667266560;NA;<a href="http://twitter.com" rel="nofollow">Twitter Web Client</a>;WandaNowicka;1;FALSE;FALSE;NA;NA;"Nowicka"
