"text";"favorited";"favoriteCount";"replyToSN";"created";"truncated";"replyToSID";"id";"replyToUID";"statusSource";"screenName";"retweetCount";"isRetweet";"retweeted";"longitude";"latitude";"lastname"
"Zapraszam do obejrzenia dzisiejszego wywiadu w TVP Olsztyn: http://t.co/T9ReTwoGd1 http://t.co/yp0a5UIPzK";FALSE;15;NA;2015-05-06 19:06:18;FALSE;NA;596028231280664577;NA;<a href="http://twitter.com" rel="nofollow">Twitter Web Client</a>;ogorekmagda;11;FALSE;FALSE;NA;NA;"Og?rek"
"@Miasto_Olsztyn . Ostatnie dni kampanii. POLSKA OD NOWA! http://t.co/igVINhKIwF";FALSE;1;Miasto_Olsztyn;2015-05-06 17:00:53;FALSE;NA;595996667490500608;84311395;<a href="http://twitter.com" rel="nofollow">Twitter Web Client</a>;ogorekmagda;0;FALSE;FALSE;NA;NA;"Og?rek"
"Kwota wolna od podatku musi zostać podniesiona do 20 tys. zł.";FALSE;23;NA;2015-05-06 06:20:24;FALSE;NA;595835486377275392;NA;<a href="http://twitter.com" rel="nofollow">Twitter Web Client</a>;ogorekmagda;14;FALSE;FALSE;NA;NA;"Og?rek"
"Chcę ograniczyć biurokrację i wspierać przedsiębiorców. Uwolniona gospodarka będzie kreowała nowe miejsca pracy.";FALSE;17;NA;2015-05-06 06:19:44;FALSE;NA;595835319590789120;NA;<a href="http://twitter.com" rel="nofollow">Twitter Web Client</a>;ogorekmagda;11;FALSE;FALSE;NA;NA;"Og?rek"
"Jeżeli zostanę Prezydentem, to za 860 mln zł, które wydał urzędujący Prezydent, naprawię polskie prawo podatkowe. http://t.co/7c3eOVCwt2";FALSE;27;NA;2015-05-06 06:19:12;FALSE;NA;595835182604779522;NA;<a href="http://twitter.com" rel="nofollow">Twitter Web Client</a>;ogorekmagda;29;FALSE;FALSE;NA;NA;"Og?rek"
"Dzięki za Hangout i za zadane pytania. Pamiętajcie Palikot i postęp albo konserwa,stagnacja i emigracja #Palikot2015 /sztab";FALSE;30;NA;2015-05-06 18:45:36;FALSE;NA;596023022085120000;NA;<a href="http://twitter.com/download/android" rel="nofollow">Twitter for Android</a>;Palikot_Janusz;8;FALSE;FALSE;NA;NA;"Palikot"
"Dziś na Dln. Śląsku apelowałem o jak najszybsze uregulowanie ochrony ziemi i uporządkowanie ksiąg wieczystych na północy i zachodzie Polski.";FALSE;5;NA;2015-05-06 18:59:33;FALSE;NA;596026531023036416;NA;<a href="http://twitter.com/download/iphone" rel="nofollow">Twitter for iPhone</a>;JarubasAdam;3;FALSE;FALSE;NA;NA;"Jarubas"
"Kanclerz Merkel  Rząd niemiecki będzie nadal stał po stronie Wypędzonych . Trudno jest zrozumieć słowa naszych niemieckich przyjaciół.";FALSE;3;NA;2015-05-06 18:58:08;FALSE;NA;596026176231100416;NA;<a href="http://twitter.com/download/iphone" rel="nofollow">Twitter for iPhone</a>;JarubasAdam;4;FALSE;FALSE;NA;NA;"Jarubas"
"Pamiątkowe zdjęcie z mieszkańcami Góry. Dziękuję za spotkanie, liczne pytania i dyskusję. http://t.co/7hcbLHcImG";FALSE;1;NA;2015-05-06 18:24:22;FALSE;NA;596017675685494787;NA;<a href="http://www.apple.com" rel="nofollow">iOS</a>;JarubasAdam;2;FALSE;FALSE;NA;NA;"Jarubas"
"Spotkanie z mieszkańcami w Górze. http://t.co/KkGEqNXZvh";FALSE;3;NA;2015-05-06 17:28:41;FALSE;NA;596003664491356160;NA;<a href="http://twitter.com/download/iphone" rel="nofollow">Twitter for iPhone</a>;JarubasAdam;4;FALSE;FALSE;NA;NA;"Jarubas"
"Dziś Dolny Śląsk: Kłodzko, Wrocław, Żmigród i Góra :) http://t.co/uWF0VBrVrp";FALSE;6;NA;2015-05-06 16:40:02;FALSE;NA;595991419325669376;NA;<a href="http://www.apple.com" rel="nofollow">iOS</a>;JarubasAdam;4;FALSE;FALSE;NA;NA;"Jarubas"
"Rozpoczęcie obchodów 120-lecia Ruchu Ludowego na Dolnym Śląsku w Żmigrodzie. http://t.co/NmAicAuYEK";FALSE;1;NA;2015-05-06 16:32:12;FALSE;NA;595989451517591552;NA;<a href="http://twitter.com/download/iphone" rel="nofollow">Twitter for iPhone</a>;JarubasAdam;2;FALSE;FALSE;NA;NA;"Jarubas"
"Podczas nagrania programu  Rozmowa Faktów  w TVP Wrocław. http://t.co/1d8bRt9Eye";FALSE;4;NA;2015-05-06 16:13:43;FALSE;NA;595984799573114880;NA;<a href="http://twitter.com/download/iphone" rel="nofollow">Twitter for iPhone</a>;JarubasAdam;3;FALSE;FALSE;NA;NA;"Jarubas"
"Nagranie audycji w Radio Wrocław. http://t.co/G0aPq0Z5pq";FALSE;5;NA;2015-05-06 14:09:42;FALSE;NA;595953587118809088;NA;<a href="http://twitter.com/download/iphone" rel="nofollow">Twitter for iPhone</a>;JarubasAdam;5;FALSE;FALSE;NA;NA;"Jarubas"
"Kanclerz Merkel dziękuje Steinbach, wspiera Wypędzonych. Po  przyjacielskich  gestach z Ukrainy i USA teraz Niemcy? Konf.o 13.30 Kłodzko.";FALSE;2;NA;2015-05-06 09:19:02;FALSE;NA;595880439878950912;NA;<a href="http://twitter.com/download/iphone" rel="nofollow">Twitter for iPhone</a>;JarubasAdam;1;FALSE;FALSE;NA;NA;"Jarubas"
"Z ważnych przyczyn rodzinnych muszę odwołać jutrzejsze spotkanie z Wami w Olsztynie... Bardzo przepraszam";FALSE;21;NA;2015-05-06 21:42:04;FALSE;NA;596067429144473600;NA;<a href="http://twitter.com" rel="nofollow">Twitter Web Client</a>;PrezydentKukiz;9;FALSE;FALSE;NA;NA;"Kukiz"
"http://t.co/bg6wHKwQC2 Powoli moi sztabowcy odsłaniają kulisy wieczoru wyborczego ;) #PotrafiszPolsko!!!";FALSE;13;NA;2015-05-06 20:34:19;FALSE;NA;596050382285070336;NA;<a href="http://twitter.com" rel="nofollow">Twitter Web Client</a>;PrezydentKukiz;3;FALSE;FALSE;NA;NA;"Kukiz"
"@M_Kowalski1 @JkmMikke W trzeciej turze? ;)";FALSE;10;M_Kowalski1;2015-05-06 20:11:00;FALSE;596041090458869760;596044514189541376;2337046838;<a href="http://twitter.com" rel="nofollow">Twitter Web Client</a>;PrezydentKukiz;0;FALSE;FALSE;NA;NA;"Kukiz"
"Właśnie się dowiedziałem, że fantastyczna grupa artystów plastyków @thekrasnals także postanowiła mnie poprzeć!!! Dzięki!!! #PotrafiszPolsko";FALSE;27;NA;2015-05-06 20:10:16;FALSE;NA;596044329195536385;NA;<a href="http://twitter.com" rel="nofollow">Twitter Web Client</a>;PrezydentKukiz;4;FALSE;FALSE;NA;NA;"Kukiz"
"Wspaniali polscy artyści popierają moją kandydaturę, Andrzej Nowak z #TSA i #ZłePsy wystąpi na wieczorze wyborczym w Lubinie 10.05 ;) Dzięki";FALSE;31;NA;2015-05-06 20:09:34;FALSE;NA;596044153986875392;NA;<a href="http://twitter.com" rel="nofollow">Twitter Web Client</a>;PrezydentKukiz;8;FALSE;FALSE;NA;NA;"Kukiz"
"@wipler dzwonił przed chwilą do moich sztabowców z propozycją debaty na Śląsku, zmuszony byłem odmówić, tam jestem do dyspozycji studentów;)";FALSE;16;wipler;2015-05-06 14:01:01;FALSE;NA;595951403950018564;54654933;<a href="http://twitter.com" rel="nofollow">Twitter Web Client</a>;PrezydentKukiz;2;FALSE;FALSE;NA;NA;"Kukiz"
"@HenryJFoy @FT Thank you Henry ;)";FALSE;2;HenryJFoy;2015-05-06 13:14:11;FALSE;595936217356701698;595939616609435648;22558481;<a href="http://twitter.com" rel="nofollow">Twitter Web Client</a>;PrezydentKukiz;0;FALSE;FALSE;NA;NA;"Kukiz"
"Dziękuję serdecznie! https://t.co/L5FXvMtHZa";FALSE;17;NA;2015-05-06 12:51:22;FALSE;NA;595933873730678784;NA;<a href="http://twitter.com" rel="nofollow">Twitter Web Client</a>;PrezydentKukiz;2;FALSE;FALSE;NA;NA;"Kukiz"
"@wipler Nie mam do was żalu ;)  https://t.co/ensLF64vDr";FALSE;5;wipler;2015-05-06 12:18:50;FALSE;NA;595925690005979136;54654933;<a href="http://twitter.com" rel="nofollow">Twitter Web Client</a>;PrezydentKukiz;1;FALSE;FALSE;NA;NA;"Kukiz"
"@wybranowski Nie ma sensu...nie zamierzam uczyć się takiej  polityki ,która opiera się na braku zasad,umów,kraj na tym nie zyska. ludzie też";FALSE;7;wybranowski;2015-05-06 12:06:07;FALSE;595921320711462912;595922489487810560;151786085;<a href="http://twitter.com" rel="nofollow">Twitter Web Client</a>;PrezydentKukiz;2;FALSE;FALSE;NA;NA;"Kukiz"
"@kuba989 @wybranowski Panowie ;) Tu nie chodzi o sprawę JOWów, ale o sprawę zasad - mój klip jest odpowiedzią, tam jest wszystko...";FALSE;2;kuba989;2015-05-06 12:01:44;FALSE;595920805688692737;595921383147905024;165553632;<a href="http://twitter.com" rel="nofollow">Twitter Web Client</a>;PrezydentKukiz;1;FALSE;FALSE;NA;NA;"Kukiz"
"@wybranowski To nie do mnie to pytanie, a do JKM... ;) Ja nie jestem desperatem chorym na władzę...";FALSE;2;wybranowski;2015-05-06 11:59:22;FALSE;595920202879098880;595920790257807360;151786085;<a href="http://twitter.com" rel="nofollow">Twitter Web Client</a>;PrezydentKukiz;1;FALSE;FALSE;NA;NA;"Kukiz"
"@wybranowski Moja kampania dalej będzie przebiegała wg moich zasad, spokojnie, czysto i do zwycięstwa ;)";FALSE;1;wybranowski;2015-05-06 11:57:22;FALSE;595919945101377537;595920286031224832;151786085;<a href="http://twitter.com" rel="nofollow">Twitter Web Client</a>;PrezydentKukiz;0;FALSE;FALSE;NA;NA;"Kukiz"
"@wybranowski Jak zwykle okrągłymi słowy miast krótko i po męsku - Ja JKM lubię grę nie fair ;) To wystarczy w takich sytuacjach - szczerość";FALSE;1;wybranowski;2015-05-06 11:55:29;FALSE;595900087869517824;595919812360011776;151786085;<a href="http://twitter.com" rel="nofollow">Twitter Web Client</a>;PrezydentKukiz;0;FALSE;FALSE;NA;NA;"Kukiz"
"To jakiś nowy przekaz dnia?? ;)    https://t.co/n8vBp9GwJk";FALSE;16;NA;2015-05-06 11:52:52;FALSE;NA;595919152772186112;NA;<a href="http://twitter.com" rel="nofollow">Twitter Web Client</a>;PrezydentKukiz;1;FALSE;FALSE;NA;NA;"Kukiz"
"Najważniejsze, że ten 11 od problemów Polaków i od demokracji wolał mecz piłkarski... ;) #ToJestPoziom!!! ;) https://t.co/GGekgreqKe";FALSE;31;NA;2015-05-06 08:51:10;FALSE;NA;595873428546158592;NA;<a href="http://twitter.com" rel="nofollow">Twitter Web Client</a>;PrezydentKukiz;14;FALSE;FALSE;NA;NA;"Kukiz"
"Oni mieli te komentarze jeszcze przed debatą ;) Na szczęście nieobecni wypadają z gry jak @prezydentpl  https://t.co/rNyWyrmH8W";FALSE;22;NA;2015-05-06 08:49:08;FALSE;NA;595872914152501248;NA;<a href="http://twitter.com" rel="nofollow">Twitter Web Client</a>;PrezydentKukiz;4;FALSE;FALSE;NA;NA;"Kukiz"
"@wybranowski Z całego świata piszą Polacy, że dane nie są poprawne, prosi się o kontakt z Konsulatem, konsulaty nie odbierają telefonów...";FALSE;5;PrezydentKukiz;2015-05-06 08:22:23;FALSE;595865568156188672;595866181854167040;3018550239;<a href="http://twitter.com" rel="nofollow">Twitter Web Client</a>;PrezydentKukiz;5;FALSE;FALSE;NA;NA;"Kukiz"
"@wybranowski Do Norwegii, Belgii, Francji, Anglii, Irlandii, Szkocji w problemach z rejestracją wyborców dołączyła Dania, Chiny... 1/2";FALSE;2;wybranowski;2015-05-06 08:19:56;FALSE;NA;595865568156188672;151786085;<a href="http://twitter.com" rel="nofollow">Twitter Web Client</a>;PrezydentKukiz;5;FALSE;FALSE;NA;NA;"Kukiz"
"http://t.co/y7qxtTpG9H Rozmowa ze @sjastrzebowski - bardzo ważna... #PotrafiszPolsko!!";FALSE;11;NA;2015-05-06 08:00:25;FALSE;NA;595860655850291201;NA;<a href="http://twitter.com" rel="nofollow">Twitter Web Client</a>;PrezydentKukiz;5;FALSE;FALSE;NA;NA;"Kukiz"
"Oglądajcie :) https://t.co/2xwQBPbYlS";FALSE;17;NA;2015-05-06 21:29:08;FALSE;NA;596064174926626818;NA;<a href="http://twitter.com" rel="nofollow">Twitter Web Client</a>;M_Kowalski1;7;FALSE;FALSE;NA;NA;"Kowalski"
"@streptocephalus Wolę kulturystykę ;)";FALSE;3;streptocephalus;2015-05-06 20:52:37;FALSE;596052272511066112;596054985055539200;2216632896;<a href="http://twitter.com" rel="nofollow">Twitter Web Client</a>;M_Kowalski1;0;FALSE;FALSE;NA;NA;"Kowalski"
"@DarekMalik Będę pamiętał ;)";FALSE;1;DarekMalik;2015-05-06 20:51:38;FALSE;596047112586027010;596054739374211074;2657293766;<a href="http://twitter.com" rel="nofollow">Twitter Web Client</a>;M_Kowalski1;0;FALSE;FALSE;NA;NA;"Kowalski"
"@streptocephalus @gregorfox Zrobię co będę mógł ;)";FALSE;1;streptocephalus;2015-05-06 20:51:07;FALSE;596048310802227202;596054607371055104;2216632896;<a href="http://twitter.com" rel="nofollow">Twitter Web Client</a>;M_Kowalski1;0;FALSE;FALSE;NA;NA;"Kowalski"
"@Miki_N7 Bardzo się cieszę i dziękuję!";FALSE;0;Miki_N7;2015-05-06 20:49:43;FALSE;596045270992998400;596054256785989632;48341398;<a href="http://twitter.com" rel="nofollow">Twitter Web Client</a>;M_Kowalski1;0;FALSE;FALSE;NA;NA;"Kowalski"
"@adamlubi Nic mi o tym nie wiadomo :)";FALSE;0;adamlubi;2015-05-06 20:09:14;FALSE;596043530860113920;596044068356038657;1122450625;<a href="http://twitter.com" rel="nofollow">Twitter Web Client</a>;M_Kowalski1;0;FALSE;FALSE;NA;NA;"Kowalski"
"@kulanna Miło mi, dziękuję";FALSE;0;kulanna;2015-05-06 20:08:23;FALSE;596042968286556161;596043853364342784;366311609;<a href="http://twitter.com" rel="nofollow">Twitter Web Client</a>;M_Kowalski1;0;FALSE;FALSE;NA;NA;"Kowalski"
"@MarekNowicki1 Dzięki za miłe słowa!";FALSE;0;MarekNowicki1;2015-05-06 20:07:44;FALSE;596043030500618240;596043689593610244;381201852;<a href="http://twitter.com" rel="nofollow">Twitter Web Client</a>;M_Kowalski1;0;FALSE;FALSE;NA;NA;"Kowalski"
"@Malecki_Artur Dziękuję!";FALSE;0;Malecki_Artur;2015-05-06 20:05:48;FALSE;596042291694927872;596043205239513088;891351044;<a href="http://twitter.com" rel="nofollow">Twitter Web Client</a>;M_Kowalski1;0;FALSE;FALSE;NA;NA;"Kowalski"
"@ElBartekRM Dzięki!";FALSE;1;ElBartekRM;2015-05-06 20:05:08;FALSE;596042368689774592;596043035999346689;1252861465;<a href="http://twitter.com" rel="nofollow">Twitter Web Client</a>;M_Kowalski1;0;FALSE;FALSE;NA;NA;"Kowalski"
"@gregorfox Ciężko powiedzieć, Stokrotka chyba nie chce mnie zaprosić";FALSE;17;gregorfox;2015-05-06 20:04:04;FALSE;596041542646800385;596042767861682177;236521301;<a href="http://twitter.com" rel="nofollow">Twitter Web Client</a>;M_Kowalski1;6;FALSE;FALSE;NA;NA;"Kowalski"
"@kryb123 Przede wszystkim: @krzysztofbosak @RobertWinnicki @RuchNarodowy!";FALSE;2;kryb123;2015-05-06 20:01:47;FALSE;596041797618499586;596042194336768000;2857206195;<a href="http://twitter.com" rel="nofollow">Twitter Web Client</a>;M_Kowalski1;0;FALSE;FALSE;NA;NA;"Kowalski"
"@ElBartekRM Jestem po kilku kontuzjach i nie biję rekordów, ale w szczytowej formie wyciskałem 6x160 kg. Niestety naderwałem mięsień.";FALSE;34;ElBartekRM;2015-05-06 20:00:58;FALSE;596041276765642753;596041986286714880;1252861465;<a href="http://twitter.com" rel="nofollow">Twitter Web Client</a>;M_Kowalski1;15;FALSE;FALSE;NA;NA;"Kowalski"
"Co do konfliktu na linii @JkmMikke-@PrezydentKukiz: Panowie, ja Was pogodzę - przekażcie mi swoje głosy ;)";FALSE;157;NA;2015-05-06 19:57:24;FALSE;NA;596041090458869760;NA;<a href="http://twitter.com" rel="nofollow">Twitter Web Client</a>;M_Kowalski1;58;FALSE;FALSE;NA;NA;"Kowalski"
"Właśnie zauważyłem, że obserwuje mnie już 3 000 osób, dzięki!";FALSE;26;NA;2015-05-06 19:54:28;FALSE;NA;596040350269054978;NA;<a href="http://twitter.com" rel="nofollow">Twitter Web Client</a>;M_Kowalski1;1;FALSE;FALSE;NA;NA;"Kowalski"
"W ostatnie dni kampanii zachęcam Was do maksymalnego wysiłku. Dziękuję za dobre słowa po wczorajszej debacie. Czołem Wielkiej Polsce!";FALSE;66;NA;2015-05-06 19:43:38;FALSE;NA;596037626114744321;NA;<a href="http://twitter.com" rel="nofollow">Twitter Web Client</a>;M_Kowalski1;13;FALSE;FALSE;NA;NA;"Kowalski"
"Zapraszam - konf  Co z ustawą suwakową?' 07.05, 14:00 Sejm, s.101. Na konf będzie M. Środa. @gazeta_wyborcza @tvp_info @tvn24 @Radio_TOK_FM";FALSE;2;NA;2015-05-06 09:52:41;FALSE;NA;595888910040965122;NA;<a href="http://twitter.com" rel="nofollow">Twitter Web Client</a>;WandaNowicka;0;FALSE;FALSE;NA;NA;"Nowicka"
"Lektura obowiązkowa o rugach mieszkaniowych http://t.co/VPN2Qjr4wH @kultliberalna @krytyka @GazetaStoleczna @rdcpolskieradio @tvp_info";FALSE;0;NA;2015-05-06 07:04:17;FALSE;NA;595846529908416512;NA;<a href="https://mobile.twitter.com" rel="nofollow">Mobile Web (M5)</a>;WandaNowicka;2;FALSE;FALSE;NA;NA;"Nowicka"
