"text";"favorited";"favoriteCount";"replyToSN";"created";"truncated";"replyToSID";"id";"replyToUID";"statusSource";"screenName";"retweetCount";"isRetweet";"retweeted";"longitude";"latitude";"lastname"
"Przed nami jeszcze kilkanaście dni kampanii - to będzie ciężka praca, ciężka walka, ale liczę,że zwycięska!";FALSE;99;NA;2015-05-10 19:08:57;FALSE;NA;597478450384019458;NA;<a href="http://twitter.com/download/android" rel="nofollow">Twitter for Android</a>;Komorowski;42;FALSE;FALSE;NA;NA;"Komorowski"
"Dziękuję wszystkim, którzy zaangażowali się w moją kampanię.";FALSE;33;NA;2015-05-10 19:07:38;FALSE;NA;597478118278959106;NA;<a href="http://twitter.com/download/android" rel="nofollow">Twitter for Android</a>;Komorowski;12;FALSE;FALSE;NA;NA;"Komorowski"
"Gratuluję też mojemu głównemu konkurentowi i już dziś zapraszam na merytoryczną debatę.";FALSE;25;NA;2015-05-10 19:07:03;FALSE;NA;597477970928861184;NA;<a href="http://twitter.com/download/android" rel="nofollow">Twitter for Android</a>;Komorowski;14;FALSE;FALSE;NA;NA;"Komorowski"
"Gratuluję znakomitego wyniku Pawłowi Kukizowi.";FALSE;47;NA;2015-05-10 19:06:04;FALSE;NA;597477724928790529;NA;<a href="http://twitter.com/download/android" rel="nofollow">Twitter for Android</a>;Komorowski;29;FALSE;FALSE;NA;NA;"Komorowski"
"Szczególnie dziękuję milionom Polaków, którzy postawili na moją kandydaturę.";FALSE;24;NA;2015-05-10 19:05:22;FALSE;NA;597477547580981248;NA;<a href="http://twitter.com/download/android" rel="nofollow">Twitter for Android</a>;Komorowski;6;FALSE;FALSE;NA;NA;"Komorowski"
"Dziękuję wszystkim, którzy wzięli udział w wyborach. http://t.co/PdlYupLQfA";FALSE;13;NA;2015-05-10 19:04:09;FALSE;NA;597477240029454336;NA;<a href="http://twitter.com/download/android" rel="nofollow">Twitter for Android</a>;Komorowski;3;FALSE;FALSE;NA;NA;"Komorowski"
"Dziękuję za każdy głos i zaufanie. http://t.co/Car6FO43bO";FALSE;38;NA;2015-05-10 19:00:38;FALSE;NA;597476357409497088;NA;<a href="http://twitter.com" rel="nofollow">Twitter Web Client</a>;Komorowski;16;FALSE;FALSE;NA;NA;"Komorowski"
"@SolarzJoli Ja też;-)";FALSE;8;SolarzJoli;2015-05-10 15:26:10;FALSE;597422227462725632;597422382735872000;1692071113;<a href="http://twitter.com/download/iphone" rel="nofollow">Twitter for iPhone</a>;AndrzejDuda;0;FALSE;FALSE;NA;NA;"Duda"
"@ilonadarmach Tak.";FALSE;14;ilonadarmach;2015-05-10 15:21:18;FALSE;597420890729635840;597421159358038016;341030258;<a href="http://twitter.com/download/iphone" rel="nofollow">Twitter for iPhone</a>;AndrzejDuda;3;FALSE;FALSE;NA;NA;"Duda"
"@SolarzJoli To świętujemy razem;-) Pozdrawiam serdecznie!:-)";FALSE;34;SolarzJoli;2015-05-10 15:20:08;FALSE;597420579944341506;597420865798680576;1692071113;<a href="http://twitter.com/download/iphone" rel="nofollow">Twitter for iPhone</a>;AndrzejDuda;9;FALSE;FALSE;NA;NA;"Duda"
"@SolarzJoli 16.05?";FALSE;8;SolarzJoli;2015-05-10 15:17:39;FALSE;597414581393317889;597420239220006912;1692071113;<a href="http://twitter.com/download/iphone" rel="nofollow">Twitter for iPhone</a>;AndrzejDuda;0;FALSE;FALSE;NA;NA;"Duda"
"@SyedKamall @ecrgroup :-)";FALSE;3;SyedKamall;2015-05-10 11:14:39;FALSE;597325990268968961;597359088004128768;144483627;<a href="http://twitter.com/download/iphone" rel="nofollow">Twitter for iPhone</a>;AndrzejDuda;0;FALSE;FALSE;NA;NA;"Duda"
"@david13577 :-)";FALSE;1;david13577;2015-05-10 00:32:18;FALSE;597193764105494528;597197434327007232;3028642233;<a href="http://twitter.com/#!/download/ipad" rel="nofollow">Twitter for iPad</a>;AndrzejDuda;0;FALSE;FALSE;NA;NA;"Duda"
"@p_hudini :-)";FALSE;0;p_hudini;2015-05-09 23:59:57;FALSE;597188906015129600;597189294860689409;402993123;<a href="http://twitter.com/#!/download/ipad" rel="nofollow">Twitter for iPad</a>;AndrzejDuda;0;FALSE;FALSE;NA;NA;"Duda"
"@TBkowski :-)";FALSE;3;TBkowski;2015-05-09 23:56:53;FALSE;597187942688391168;597188521498169344;1413170876;<a href="http://twitter.com/#!/download/ipad" rel="nofollow">Twitter for iPad</a>;AndrzejDuda;0;FALSE;FALSE;NA;NA;"Duda"
"@p_hudini  Nie zgaśnie tej przyjaźni żar co połączyła nas, nie pozwolimy by ją stał nie ubłagany czas.  Coś w tym chyba jest...:-)";FALSE;3;p_hudini;2015-05-09 23:56:04;FALSE;597187218520862721;597188315910164481;402993123;<a href="http://twitter.com/#!/download/ipad" rel="nofollow">Twitter for iPad</a>;AndrzejDuda;0;FALSE;FALSE;NA;NA;"Duda"
"@Piotres Wzajemnie:-)";FALSE;1;Piotres;2015-05-09 23:52:25;FALSE;597184057387130880;597187398406164481;202109042;<a href="http://twitter.com/#!/download/ipad" rel="nofollow">Twitter for iPad</a>;AndrzejDuda;0;FALSE;FALSE;NA;NA;"Duda"
"@p_hudini 5 KDH  Wichry  - bordowa piątka, drużyna  Piorun . Może:-) i pozdrawiam z braterską myślą:-)";FALSE;1;p_hudini;2015-05-09 23:44:12;FALSE;597183984712491008;597185328278044673;402993123;<a href="http://twitter.com/#!/download/ipad" rel="nofollow">Twitter for iPad</a>;AndrzejDuda;0;FALSE;FALSE;NA;NA;"Duda"
"@Piotres :-)";FALSE;1;Piotres;2015-05-09 23:39:44;FALSE;597184057387130880;597184206154952704;202109042;<a href="http://twitter.com/#!/download/ipad" rel="nofollow">Twitter for iPad</a>;AndrzejDuda;0;FALSE;FALSE;NA;NA;"Duda"
"@TBkowski znak: byk :-)";FALSE;3;TBkowski;2015-05-09 23:39:11;FALSE;597183394930393088;597184066639761408;1413170876;<a href="http://twitter.com/#!/download/ipad" rel="nofollow">Twitter for iPad</a>;AndrzejDuda;0;FALSE;FALSE;NA;NA;"Duda"
"@TBkowski Jestem raczej konserwatywny i stały w uczuciach;-)))";FALSE;6;TBkowski;2015-05-09 23:36:02;FALSE;597181668877803520;597183276571369472;1413170876;<a href="http://twitter.com/#!/download/ipad" rel="nofollow">Twitter for iPad</a>;AndrzejDuda;0;FALSE;FALSE;NA;NA;"Duda"
"@_grzywa :-)";FALSE;3;_grzywa;2015-05-09 23:31:33;FALSE;597181475604291584;597182145535291392;261671911;<a href="http://twitter.com/#!/download/ipad" rel="nofollow">Twitter for iPad</a>;AndrzejDuda;0;FALSE;FALSE;NA;NA;"Duda"
"@irmamila2 @poloniainfordk @LadyMarzAnn @anonimgall1 Bez budyniu, lipa;-)";FALSE;3;irmamila2;2015-05-09 23:29:03;FALSE;597181283366772736;597181518931480576;1638688434;<a href="http://twitter.com/#!/download/ipad" rel="nofollow">Twitter for iPad</a>;AndrzejDuda;1;FALSE;FALSE;NA;NA;"Duda"
"@irmamila2 @poloniainfordk @LadyMarzAnn @anonimgall1 Z truskawkami? Grubo... ;-)";FALSE;5;irmamila2;2015-05-09 23:27:16;FALSE;597180886438780928;597181068068966400;1638688434;<a href="http://twitter.com/#!/download/ipad" rel="nofollow">Twitter for iPad</a>;AndrzejDuda;0;FALSE;FALSE;NA;NA;"Duda"
"@e_mrowka :-)";FALSE;1;e_mrowka;2015-05-09 23:26:06;FALSE;597180498960588800;597180773729439744;3243986722;<a href="http://twitter.com/#!/download/ipad" rel="nofollow">Twitter for iPad</a>;AndrzejDuda;0;FALSE;FALSE;NA;NA;"Duda"
"@poloniainfordk @LadyMarzAnn @anonimgall1 :-)";FALSE;1;poloniainfordk;2015-05-09 23:23:51;FALSE;597179910394933249;597180210476351488;2405169366;<a href="http://twitter.com/#!/download/ipad" rel="nofollow">Twitter for iPad</a>;AndrzejDuda;1;FALSE;FALSE;NA;NA;"Duda"
"@ImTheSpecial3 :-)";FALSE;2;ImTheSpecial3;2015-05-09 23:23:37;FALSE;597179894091673600;597180148849455105;527841908;<a href="http://twitter.com/#!/download/ipad" rel="nofollow">Twitter for iPad</a>;AndrzejDuda;0;FALSE;FALSE;NA;NA;"Duda"
"@w_fogg @TBkowski Pozdrawiam serdecznie! :-)";FALSE;2;w_fogg;2015-05-09 23:21:38;FALSE;597179199200370689;597179649320419328;2902022137;<a href="http://twitter.com/#!/download/ipad" rel="nofollow">Twitter for iPad</a>;AndrzejDuda;0;FALSE;FALSE;NA;NA;"Duda"
"@LadyMarzAnn @anonimgall1 Zawsze:-)";FALSE;4;LadyMarzAnn;2015-05-09 23:15:10;FALSE;597177471541374976;597178024589656064;410622112;<a href="http://twitter.com/#!/download/ipad" rel="nofollow">Twitter for iPad</a>;AndrzejDuda;0;FALSE;FALSE;NA;NA;"Duda"
"@anonimgall1 :-)";FALSE;5;anonimgall1;2015-05-09 23:12:02;FALSE;597144715251843072;597177235766956032;997931947;<a href="http://twitter.com/#!/download/ipad" rel="nofollow">Twitter for iPad</a>;AndrzejDuda;0;FALSE;FALSE;NA;NA;"Duda"
"@TBkowski :-)";FALSE;6;TBkowski;2015-05-09 23:11:36;FALSE;597176595963600896;597177124823367680;1413170876;<a href="http://twitter.com/#!/download/ipad" rel="nofollow">Twitter for iPad</a>;AndrzejDuda;0;FALSE;FALSE;NA;NA;"Duda"
"Grożą nam rządy Ku Klux Klanu, czyli Dudy, Kukiza i Kaczyńskiego!";FALSE;144;NA;2015-05-10 19:29:44;FALSE;NA;597483678692941824;NA;<a href="http://twitter.com/download/iphone" rel="nofollow">Twitter for iPhone</a>;Palikot_Janusz;58;FALSE;FALSE;NA;NA;"Palikot"
"Dziękuje wszystkim, którzy na mnie zagłosowali. Dziękuje rownież sztabowi i działaczom za wysiłek w tej kampanii.";FALSE;114;NA;2015-05-10 19:24:56;FALSE;NA;597482471698071552;NA;<a href="http://twitter.com/download/iphone" rel="nofollow">Twitter for iPhone</a>;Palikot_Janusz;13;FALSE;FALSE;NA;NA;"Palikot"
"Nie poddajemy się będziemy dalej walczyć o przyjazne, nowoczesne i świeckie państwo! Nasz czas jeszcze przyjdzie!";FALSE;136;NA;2015-05-10 19:20:59;FALSE;NA;597481479111909376;NA;<a href="http://twitter.com/download/iphone" rel="nofollow">Twitter for iPhone</a>;Palikot_Janusz;41;FALSE;FALSE;NA;NA;"Palikot"
"LIVE on #Periscope https://t.co/ZKDv7ZpjCd";FALSE;6;NA;2015-05-10 19:02:40;FALSE;NA;597476866828673024;NA;<a href="https://periscope.tv" rel="nofollow">Periscope.TV</a>;Palikot_Janusz;3;FALSE;FALSE;NA;NA;"Palikot"
"Ja głos oddałem o 12, a wy macie jeszcze czas do 21 #wyboryprezydenckie2015 http://t.co/sFVFoOCHbf";FALSE;40;NA;2015-05-10 16:15:25;FALSE;NA;597434779470929922;NA;<a href="http://twitter.com/download/iphone" rel="nofollow">Twitter for iPhone</a>;Palikot_Janusz;7;FALSE;FALSE;NA;NA;"Palikot"
"Dziękuję za oddane na mnie głosy i serdeczne wyrazy poparcia w całej kampanii.Dzięki Wam wierzę że warto było reprezentować głos rozsadku:-)";FALSE;16;NA;2015-05-10 20:55:00;FALSE;NA;597505137700118528;NA;<a href="http://twitter.com/download/iphone" rel="nofollow">Twitter for iPhone</a>;JarubasAdam;7;FALSE;FALSE;NA;NA;"Jarubas"
"Nadaję na żywo na @YouTube: http://t.co/dahIjTVorp";FALSE;84;NA;2015-05-10 16:55:34;FALSE;NA;597444881238351872;NA;<a href="http://www.google.com/" rel="nofollow">Google</a>;PrezydentKukiz;35;FALSE;FALSE;NA;NA;"Kukiz"
"@kazmierczak_l w tych wyborach jej nie było";FALSE;0;kazmierczak_l;2015-05-10 20:27:03;FALSE;597495663933390849;597498102036172801;2357568099;<a href="http://twitter.com/#!/download/ipad" rel="nofollow">Twitter for iPad</a>;WandaNowicka;0;FALSE;FALSE;NA;NA;"Nowicka"
"Naród przemówił i zadziwił";FALSE;11;NA;2015-05-10 19:14:06;FALSE;NA;597479742913253377;NA;<a href="http://twitter.com" rel="nofollow">Twitter Web Client</a>;WandaNowicka;3;FALSE;FALSE;NA;NA;"Nowicka"
"Rewelacyjna inscenizacja #Treliński ego #PowderHerFace w @Opera_Narodowa http://t.co/mxi3p7RXoc";FALSE;1;NA;2015-05-10 12:21:50;FALSE;NA;597375993947529216;NA;<a href="http://twitter.com" rel="nofollow">Twitter Web Client</a>;WandaNowicka;0;FALSE;FALSE;NA;NA;"Nowicka"
"@koobanas @MSzumowska jeszcze nie głosowałam, ale film widziałam";FALSE;0;koobanas;2015-05-10 10:14:39;FALSE;597341753537093632;597343986823667712;3078240070;<a href="http://twitter.com" rel="nofollow">Twitter Web Client</a>;WandaNowicka;1;FALSE;FALSE;NA;NA;"Nowicka"
"na taki dzień jak dziś - po spełnieniu obowiązku obywatelskiego - koniecznie na film @MSzumowska #BodyCiało https://t.co/Ql3vQrHzMy";FALSE;1;NA;2015-05-10 10:03:44;FALSE;NA;597341239223156736;NA;<a href="http://twitter.com" rel="nofollow">Twitter Web Client</a>;WandaNowicka;0;FALSE;FALSE;NA;NA;"Nowicka"
