"text";"favorited";"favoriteCount";"replyToSN";"created";"truncated";"replyToSID";"id";"replyToUID";"statusSource";"screenName";"retweetCount";"isRetweet";"retweeted";"longitude";"latitude";"lastname"
"Proszę o głos 10 maja. http://t.co/1syWMsginO";FALSE;24;NA;2015-05-08 21:41:44;FALSE;NA;596792120402419713;NA;<a href="http://twitter.com" rel="nofollow">Twitter Web Client</a>;Komorowski;15;FALSE;FALSE;NA;NA;"Komorowski"
"10 maja wybierz Polskę racjonalną https://t.co/8aC5NXfzxz";FALSE;7;NA;2015-05-08 20:56:05;FALSE;NA;596780634443493377;NA;<a href="http://twitter.com" rel="nofollow">Twitter Web Client</a>;Komorowski;3;FALSE;FALSE;NA;NA;"Komorowski"
"Niech wygra normalność https://t.co/UhK5L7RGsU";FALSE;7;NA;2015-05-08 20:00:07;FALSE;NA;596766547722534912;NA;<a href="http://twitter.com" rel="nofollow">Twitter Web Client</a>;Komorowski;4;FALSE;FALSE;NA;NA;"Komorowski"
"Dziękuję za wspólne dążenie do bezpiecznej Polski.";FALSE;14;NA;2015-05-08 19:33:25;FALSE;NA;596759830838321152;NA;<a href="http://twitter.com" rel="nofollow">Twitter Web Client</a>;Komorowski;5;FALSE;FALSE;NA;NA;"Komorowski"
"Pamięć o tamtych strasznych chwilach jest zobowiązaniem dla nas wszystkich dzisiaj.";FALSE;4;NA;2015-05-08 19:33:01;FALSE;NA;596759731731038210;NA;<a href="http://twitter.com" rel="nofollow">Twitter Web Client</a>;Komorowski;0;FALSE;FALSE;NA;NA;"Komorowski"
"Słodkie owoce zwycięstwa w Polsce często smakowały gorzko. Koniec II wojny światowej nie przyniósł nam słodyczy wolności.";FALSE;5;NA;2015-05-08 19:31:57;FALSE;NA;596759460024029185;NA;<a href="http://twitter.com" rel="nofollow">Twitter Web Client</a>;Komorowski;0;FALSE;FALSE;NA;NA;"Komorowski"
"Wszyscy polscy żołnierze, idąc różnymi ścieżkami, w sercu mówili  to dla Ciebie, Polsko .";FALSE;3;NA;2015-05-08 19:31:00;FALSE;NA;596759221615644672;NA;<a href="http://twitter.com" rel="nofollow">Twitter Web Client</a>;Komorowski;2;FALSE;FALSE;NA;NA;"Komorowski"
"Pragnę podziękować wszystkim, którzy dbali przez lata o trwanie pamięci o II wojnie światowej i pielęgnowali tradycje żołnierza polskiego.";FALSE;5;NA;2015-05-08 19:29:36;FALSE;NA;596758871030538241;NA;<a href="http://twitter.com" rel="nofollow">Twitter Web Client</a>;Komorowski;0;FALSE;FALSE;NA;NA;"Komorowski"
"Ważne, abyśmy konsekwentnie dążyli do poczucia wspólnoty - wspólnoty polskiej drogi, wspólnoty celu.";FALSE;0;NA;2015-05-08 19:28:54;FALSE;NA;596758693825388544;NA;<a href="http://twitter.com" rel="nofollow">Twitter Web Client</a>;Komorowski;1;FALSE;FALSE;NA;NA;"Komorowski"
"Naszą odpowiedzią na wspomnienie II wojny światowej musi być integracja z @NATO i UE, a także wzmacnianie własnego bezpieczeństwa.";FALSE;2;NA;2015-05-08 19:28:27;FALSE;NA;596758580600184834;NA;<a href="http://twitter.com" rel="nofollow">Twitter Web Client</a>;Komorowski;1;FALSE;FALSE;NA;NA;"Komorowski"
"Nie ma drugiego takiego miejsca jak Polska, gdzie byłaby tak żywa tradycja walki od początku do samego końca.";FALSE;8;NA;2015-05-08 19:27:55;FALSE;NA;596758447095447554;NA;<a href="http://twitter.com" rel="nofollow">Twitter Web Client</a>;Komorowski;3;FALSE;FALSE;NA;NA;"Komorowski"
"Dla Polaków doświadczenie II wojny światowej jest szczególnie bolesne, ale i szczególnie ważne dla odczytania wyzwań przyszłości.";FALSE;1;NA;2015-05-08 19:27:14;FALSE;NA;596758274642472960;NA;<a href="http://twitter.com" rel="nofollow">Twitter Web Client</a>;Komorowski;0;FALSE;FALSE;NA;NA;"Komorowski"
"Nie było zintegrowanej Europy - była wojna. Ta prosta i oczywista prawda przemawia do nas także dziś. Szczególnie do nas, Polaków.";FALSE;1;NA;2015-05-08 19:25:22;FALSE;NA;596757806671355904;NA;<a href="http://twitter.com" rel="nofollow">Twitter Web Client</a>;Komorowski;1;FALSE;FALSE;NA;NA;"Komorowski"
"Na Westerplatte byliśmy, aby wspólnie oddać hołd pamięci ofiar II Wojny Światowej.";FALSE;6;NA;2015-05-08 19:23:41;FALSE;NA;596757379552825344;NA;<a href="http://twitter.com" rel="nofollow">Twitter Web Client</a>;Komorowski;2;FALSE;FALSE;NA;NA;"Komorowski"
"Wspólnie obrońmy nasz dorobek 25 lat wolności, to praca wszystkich Polaków. Bądźmy z niej dumni. 10 maja proszę Państwa o głos.";FALSE;9;NA;2015-05-08 18:27:22;FALSE;NA;596743208211722240;NA;<a href="http://twitter.com" rel="nofollow">Twitter Web Client</a>;Komorowski;7;FALSE;FALSE;NA;NA;"Komorowski"
"Polska to zbyt ważna sprawa żeby eksperymentować. Zachęcam do poparcia mojej kandydatury.";FALSE;5;NA;2015-05-08 18:26:19;FALSE;NA;596742942414475266;NA;<a href="http://twitter.com" rel="nofollow">Twitter Web Client</a>;Komorowski;3;FALSE;FALSE;NA;NA;"Komorowski"
"Od państwa będzie zależało czy Polska pójdzie drogą rozwoju i modernizacji, czy skręci na manowce.Proponuję prostą drogę.";FALSE;2;NA;2015-05-08 18:25:49;FALSE;NA;596742817499734017;NA;<a href="http://twitter.com" rel="nofollow">Twitter Web Client</a>;Komorowski;1;FALSE;FALSE;NA;NA;"Komorowski"
"Polityka wschodnia musi być przedmiotem szerokiego porozumienia politycznego w Polsce. Temu m.in. służą posiedzenia RBN.";FALSE;1;NA;2015-05-08 18:23:16;FALSE;NA;596742177713160192;NA;<a href="http://twitter.com" rel="nofollow">Twitter Web Client</a>;Komorowski;1;FALSE;FALSE;NA;NA;"Komorowski"
"Musimy pilnować niepodległości Ukrainy, to nasz narodowy interes. Trzeba stawiać na reformy na Ukrainie i skuteczną pomoc temu krajowi.";FALSE;6;NA;2015-05-08 18:22:26;FALSE;NA;596741966798450688;NA;<a href="http://twitter.com" rel="nofollow">Twitter Web Client</a>;Komorowski;7;FALSE;FALSE;NA;NA;"Komorowski"
"Konflikt na Ukrainie był pochodną zmiany polityki rosyjskiej. Przy postawie konfrontacyjnej trudno o współpracę we wszystkich obszarach.";FALSE;4;NA;2015-05-08 18:20:01;FALSE;NA;596741358020403201;NA;<a href="http://twitter.com" rel="nofollow">Twitter Web Client</a>;Komorowski;2;FALSE;FALSE;NA;NA;"Komorowski"
"Polska prowadzi racjonalną politykę wobec Rosji. Na szczeblu lokalnym bardzo dobrze działa współpraca samorządów.";FALSE;1;NA;2015-05-08 18:18:50;FALSE;NA;596741062959505409;NA;<a href="http://twitter.com" rel="nofollow">Twitter Web Client</a>;Komorowski;4;FALSE;FALSE;NA;NA;"Komorowski"
"Każdy, kto dobrze życzy Polsce i chciałby żeby odgrywała ambitną rolę na świecie, powinien dobrze życzyć integracji europejskiej.";FALSE;2;NA;2015-05-08 18:15:14;FALSE;NA;596740156801064960;NA;<a href="http://twitter.com" rel="nofollow">Twitter Web Client</a>;Komorowski;6;FALSE;FALSE;NA;NA;"Komorowski"
"Kluczowym celem jest także utrzymanie dobrego wzrostu gospodarczego.";FALSE;5;NA;2015-05-08 18:11:16;FALSE;NA;596739156635713536;NA;<a href="http://twitter.com" rel="nofollow">Twitter Web Client</a>;Komorowski;4;FALSE;FALSE;NA;NA;"Komorowski"
"Wielkim celem Polski jest dzisiaj utrzymanie naszej konkurencyjności, także gospodarczej.";FALSE;6;NA;2015-05-08 18:10:26;FALSE;NA;596738945238568960;NA;<a href="http://twitter.com" rel="nofollow">Twitter Web Client</a>;Komorowski;8;FALSE;FALSE;NA;NA;"Komorowski"
"Ktoś, kto idzie do wyborów wiedząc, że nie wygra, jest nie w porządku wobec wyborców.";FALSE;38;NA;2015-05-08 18:08:14;FALSE;NA;596738395017256960;NA;<a href="http://twitter.com" rel="nofollow">Twitter Web Client</a>;Komorowski;43;FALSE;FALSE;NA;NA;"Komorowski"
"A. Duda nie wycofał podpisu pod ustawą o in vitro, która zakłada karanie za to więzieniem. Boi się chyba ojca Dyrektora.";FALSE;15;NA;2015-05-08 18:05:24;FALSE;NA;596737680421036032;NA;<a href="http://twitter.com" rel="nofollow">Twitter Web Client</a>;Komorowski;7;FALSE;FALSE;NA;NA;"Komorowski"
"Haniebny jest pomysł karania ludzi więzieniem za in vitro.";FALSE;17;NA;2015-05-08 18:04:30;FALSE;NA;596737452297052160;NA;<a href="http://twitter.com" rel="nofollow">Twitter Web Client</a>;Komorowski;8;FALSE;FALSE;NA;NA;"Komorowski"
"Jestem zwolennikiem realnych działań. Można wprowadzać rozwiązania, które pomogą związkom nieformalnym. Na to w pełni idę.";FALSE;4;NA;2015-05-08 18:03:17;FALSE;NA;596737146796548096;NA;<a href="http://twitter.com" rel="nofollow">Twitter Web Client</a>;Komorowski;5;FALSE;FALSE;NA;NA;"Komorowski"
"W przyszłej kadencji chcę stworzyć specjalny program - Dobry start młodych w dorosłe życie,";FALSE;4;NA;2015-05-08 18:01:40;FALSE;NA;596736739009507328;NA;<a href="http://twitter.com" rel="nofollow">Twitter Web Client</a>;Komorowski;4;FALSE;FALSE;NA;NA;"Komorowski"
"Dbam o innowacyjną gospodarkę - złożyłem specjalną ustawę o innowacyjności w tej sprawie.";FALSE;7;NA;2015-05-08 18:01:00;FALSE;NA;596736572885700608;NA;<a href="http://twitter.com" rel="nofollow">Twitter Web Client</a>;Komorowski;3;FALSE;FALSE;NA;NA;"Komorowski"
"Emigracja z Polski była największa w latach 2005-07, rocznie nawet 600 tys ludzi. Teraz to 60 tys - 10 razy mniej.";FALSE;4;NA;2015-05-08 17:59:49;FALSE;NA;596736273248886784;NA;<a href="http://twitter.com" rel="nofollow">Twitter Web Client</a>;Komorowski;3;FALSE;FALSE;NA;NA;"Komorowski"
"L.Kaczyński także podpisywał ustawy podnoszące podatki, tak postępuje prezydent. Nie można nieodpowiedzialnie wywracać polityki fin. państwa";FALSE;5;NA;2015-05-08 17:57:43;FALSE;NA;596735748591767552;NA;<a href="http://twitter.com" rel="nofollow">Twitter Web Client</a>;Komorowski;2;FALSE;FALSE;NA;NA;"Komorowski"
"Prezydent nie jest od tego, żeby kierować się tylko tym, co służy mu wyborczo. Bierze cząstkę odpowiedzialności także za trudne decyzje.";FALSE;5;NA;2015-05-08 17:56:43;FALSE;NA;596735495033516033;NA;<a href="http://twitter.com" rel="nofollow">Twitter Web Client</a>;Komorowski;3;FALSE;FALSE;NA;NA;"Komorowski"
"Skierowałem sprawę OFE do TK, tak powinien postępować prezydent w sytuacjach budzących wątpliwość.";FALSE;5;NA;2015-05-08 17:55:34;FALSE;NA;596735206180167680;NA;<a href="http://twitter.com" rel="nofollow">Twitter Web Client</a>;Komorowski;3;FALSE;FALSE;NA;NA;"Komorowski"
"Łatwo jest obiecywać w polityce. Nikt wam tyle nie da, co wam Duda naobiecuje.";FALSE;11;NA;2015-05-08 17:53:08;FALSE;NA;596734594042462208;NA;<a href="http://twitter.com" rel="nofollow">Twitter Web Client</a>;Komorowski;9;FALSE;FALSE;NA;NA;"Komorowski"
"Prawnik, który nie wie, że jest wyrok TK i nie można wrócić do poprzedniego wieku emerytalnego jest chyba złym prawnikiem. #emerytury";FALSE;5;NA;2015-05-08 17:51:20;FALSE;NA;596734140571062272;NA;<a href="http://twitter.com" rel="nofollow">Twitter Web Client</a>;Komorowski;6;FALSE;FALSE;NA;NA;"Komorowski"
"W stopniu maksymalnie możliwym należy stwarzać możliwość wyboru przy emeryturach. Doprowadziłem np. do wpisania emerytury cząstkowej.";FALSE;3;NA;2015-05-08 17:50:18;FALSE;NA;596733881384050689;NA;<a href="http://twitter.com" rel="nofollow">Twitter Web Client</a>;Komorowski;4;FALSE;FALSE;NA;NA;"Komorowski"
"Naciskanie przez PiS na sędziów szkodzi Polsce. Apelowano żebym i ja to zrobił. To niedopuszczalne.";FALSE;5;NA;2015-05-08 17:48:23;FALSE;NA;596733396618973184;NA;<a href="http://twitter.com" rel="nofollow">Twitter Web Client</a>;Komorowski;3;FALSE;FALSE;NA;NA;"Komorowski"
"Likwidacja WSI to była głupota. Nigdzie i nigdy nie zdarzyło się coś takiego. Można było weryfikować i sprawdzać. Ale likwidacja to głupota";FALSE;12;NA;2015-05-08 17:45:57;FALSE;NA;596732785055932416;NA;<a href="http://twitter.com" rel="nofollow">Twitter Web Client</a>;Komorowski;9;FALSE;FALSE;NA;NA;"Komorowski"
"Jak wygram, to grubą kreską odkreślam przeszłość, jak Mazowiecki. Wszystkim zaproponuję współpracę.";FALSE;12;NA;2015-05-08 17:43:13;FALSE;NA;596732096699363328;NA;<a href="http://twitter.com" rel="nofollow">Twitter Web Client</a>;Komorowski;13;FALSE;FALSE;NA;NA;"Komorowski"
"Postulat zgody w mojej kampanii nie oznacza zgody na wszystkie złe rzeczy. Zgoda to współpraca i wspólne rozwiązywanie problemów, kompromis";FALSE;4;NA;2015-05-08 17:41:29;FALSE;NA;596731660831424512;NA;<a href="http://twitter.com" rel="nofollow">Twitter Web Client</a>;Komorowski;6;FALSE;FALSE;NA;NA;"Komorowski"
"Jarosław Kaczyński jest decydentem A.Dudy. Duda nawet nie śpiewa samodzielnie.";FALSE;9;NA;2015-05-08 17:40:37;FALSE;NA;596731442622812160;NA;<a href="http://twitter.com" rel="nofollow">Twitter Web Client</a>;Komorowski;9;FALSE;FALSE;NA;NA;"Komorowski"
"Całe moje życie polityczne wspierałem JOWy. Idę tą drogą konsekwentnie od lat.";FALSE;17;NA;2015-05-08 17:38:39;FALSE;NA;596730949984989184;NA;<a href="http://twitter.com" rel="nofollow">Twitter Web Client</a>;Komorowski;17;FALSE;FALSE;NA;NA;"Komorowski"
"25 lat polskiej wolności przyniosło niebywałe owoce. Część polityków uważa, że w imię interesu wyborczego można to przekreślić. To złe.";FALSE;1;NA;2015-05-08 17:36:39;FALSE;NA;596730443745107969;NA;<a href="http://twitter.com" rel="nofollow">Twitter Web Client</a>;Komorowski;3;FALSE;FALSE;NA;NA;"Komorowski"
"Wszystkie moje veta prezydenckie wygrałem. To różni mnie od poprzedników. Moje ustawy także przechodziły przez Sejm. To dojrzała polityka.";FALSE;4;NA;2015-05-08 17:35:21;FALSE;NA;596730116161540096;NA;<a href="http://twitter.com" rel="nofollow">Twitter Web Client</a>;Komorowski;2;FALSE;FALSE;NA;NA;"Komorowski"
"PiS chciał karać więzieniem za in vitro, taka jest prawda. Nie można zasłaniać się Papieżem w tej sprawie. To nieetyczne.";FALSE;2;NA;2015-05-08 17:34:09;FALSE;NA;596729816486928384;NA;<a href="http://twitter.com" rel="nofollow">Twitter Web Client</a>;Komorowski;2;FALSE;FALSE;NA;NA;"Komorowski"
"Polityk, który nie potrafi bronić własnych poglądów jest niepoważny.";FALSE;2;NA;2015-05-08 17:32:42;FALSE;NA;596729450143870976;NA;<a href="http://twitter.com" rel="nofollow">Twitter Web Client</a>;Komorowski;2;FALSE;FALSE;NA;NA;"Komorowski"
"Moje poglądy w sprawie in vitro są znane od lat, nie zmieniam ich. To mój konkurent zmienia zdanie w zależności od sondaży.";FALSE;2;NA;2015-05-08 17:31:58;FALSE;NA;596729266051624960;NA;<a href="http://twitter.com" rel="nofollow">Twitter Web Client</a>;Komorowski;3;FALSE;FALSE;NA;NA;"Komorowski"
"Od czasu wolnej Polski jestem zawsze człowiekiem umiarkowanych poglądów i zachowań. Idę środkiem polskiej drogi. Dzisiaj jest tak samo.";FALSE;0;NA;2015-05-08 17:31:30;FALSE;NA;596729149089251329;NA;<a href="http://twitter.com" rel="nofollow">Twitter Web Client</a>;Komorowski;2;FALSE;FALSE;NA;NA;"Komorowski"
"Z ogromnym spokojem przyjmuję sondaże. Wydarzenia z Wielkiej Brytanii pokazują, że sondaże mówią jedno, a dzieje się coś innego.";FALSE;3;NA;2015-05-08 17:29:15;FALSE;NA;596728584401719298;NA;<a href="http://twitter.com" rel="nofollow">Twitter Web Client</a>;Komorowski;2;FALSE;FALSE;NA;NA;"Komorowski"
"Zapraszam na debatę w programie  Czas Decyzji  w @tvn24 . Startujemy już za chwilę.";FALSE;4;NA;2015-05-08 17:26:52;FALSE;NA;596727983370547200;NA;<a href="http://twitter.com" rel="nofollow">Twitter Web Client</a>;Komorowski;2;FALSE;FALSE;NA;NA;"Komorowski"
"Danuta Szaflarska: Chcę żyć w poczuciu spokoju i bezpieczeństwa. To może zapewnić Prezydent Komorowski. https://t.co/aEAikgQoRa";FALSE;5;NA;2015-05-08 16:52:41;FALSE;NA;596719379116650496;NA;<a href="http://twitter.com" rel="nofollow">Twitter Web Client</a>;Komorowski;9;FALSE;FALSE;NA;NA;"Komorowski"
"Zapraszam. http://t.co/lq4V33HUPr";FALSE;17;NA;2015-05-08 16:37:06;FALSE;NA;596715459015221248;NA;<a href="http://twitter.com" rel="nofollow">Twitter Web Client</a>;Komorowski;11;FALSE;FALSE;NA;NA;"Komorowski"
"Proszę o głosy 10 maja. To będzie głos na Polskę, o której marzymy. To głos na Polskę zgodnej pracy i racjonalności.";FALSE;29;NA;2015-05-08 15:54:12;FALSE;NA;596704663501676546;NA;<a href="http://twitter.com" rel="nofollow">Twitter Web Client</a>;Komorowski;11;FALSE;FALSE;NA;NA;"Komorowski"
"Jestem głęboko przekonany, że Polacy nie potrzebują nieświeżej kiełbasy wyborczej. Mają większe oczekiwania i pokażą to 10 maja.";FALSE;4;NA;2015-05-08 15:53:23;FALSE;NA;596704455283896320;NA;<a href="http://twitter.com" rel="nofollow">Twitter Web Client</a>;Komorowski;8;FALSE;FALSE;NA;NA;"Komorowski"
"Trwa wystąpienie Prezydenta Komorowskiego. Oglądajcie transmisję online: https://t.co/pAdSGcSw37";FALSE;0;NA;2015-05-08 15:52:16;FALSE;NA;596704174915608576;NA;<a href="http://twitter.com" rel="nofollow">Twitter Web Client</a>;Komorowski;1;FALSE;FALSE;NA;NA;"Komorowski"
"Deficyt szacunku do państwa to nasz problem. Musimy budować zaufanie obywateli do państwa. Także zmieniając postawę tego państwa.";FALSE;5;NA;2015-05-08 15:49:23;FALSE;NA;596703452526452736;NA;<a href="http://twitter.com" rel="nofollow">Twitter Web Client</a>;Komorowski;5;FALSE;FALSE;NA;NA;"Komorowski"
"Będę wzmacniał obywatelski wymiar współdecydowania i współodpowiedzialności.";FALSE;3;NA;2015-05-08 15:48:10;FALSE;NA;596703144605818880;NA;<a href="http://twitter.com" rel="nofollow">Twitter Web Client</a>;Komorowski;1;FALSE;FALSE;NA;NA;"Komorowski"
"Tą ideą kierowałem się podczas mojej prezydentury, np. wspierając samorząd.";FALSE;1;NA;2015-05-08 15:47:22;FALSE;NA;596702945019895808;NA;<a href="http://twitter.com" rel="nofollow">Twitter Web Client</a>;Komorowski;0;FALSE;FALSE;NA;NA;"Komorowski"
"Wielkim wyzwaniem dla nas wszystkich jest wzmocnienie poczucia Polaków, że uczestniczą we wspólnocie obywateli.";FALSE;3;NA;2015-05-08 15:46:22;FALSE;NA;596702690895339520;NA;<a href="http://twitter.com" rel="nofollow">Twitter Web Client</a>;Komorowski;3;FALSE;FALSE;NA;NA;"Komorowski"
"Trzeba walczyć z własnymi słabościami. Trzeba twardo postawić na obywatelskość.";FALSE;4;NA;2015-05-08 15:45:55;FALSE;NA;596702579712724992;NA;<a href="http://twitter.com" rel="nofollow">Twitter Web Client</a>;Komorowski;3;FALSE;FALSE;NA;NA;"Komorowski"
"Wspólnota celu to potrzeba utrwalania tego, co jest istotą demokracji. Demokracja to był nasz cel i marzenie.";FALSE;5;NA;2015-05-08 15:44:32;FALSE;NA;596702231476445184;NA;<a href="http://twitter.com" rel="nofollow">Twitter Web Client</a>;Komorowski;4;FALSE;FALSE;NA;NA;"Komorowski"
"Nic tak nie buduje wiary w to, że wiele można jeszcze osiągnąć, jak poczucie wspólnoty. Dziękuję za to z całego serca, wszystkim.";FALSE;5;NA;2015-05-08 15:43:20;FALSE;NA;596701929545273344;NA;<a href="http://twitter.com" rel="nofollow">Twitter Web Client</a>;Komorowski;1;FALSE;FALSE;NA;NA;"Komorowski"
"Polskę trzeba mieć odwagę modernizować, trzeba zachęcać do wysiłku i konkurowania z innymi.";FALSE;5;NA;2015-05-08 15:42:35;FALSE;NA;596701740193476609;NA;<a href="http://twitter.com" rel="nofollow">Twitter Web Client</a>;Komorowski;5;FALSE;FALSE;NA;NA;"Komorowski"
"Musimy obronić polską dumę i wiarę w siebie. Nie możemy dać sobie zabrać poczucia sensowności polskiej pracy przez ostatnie 25 lat";FALSE;9;NA;2015-05-08 15:41:46;FALSE;NA;596701532227248128;NA;<a href="http://twitter.com" rel="nofollow">Twitter Web Client</a>;Komorowski;5;FALSE;FALSE;NA;NA;"Komorowski"
"Wczoraj obchodziliśmy 70. rocznicę zakończenia wojny. Coś niebywałego zdarzyło się nam, 25 lat wolności dało niebywałe osiągnięcia";FALSE;2;NA;2015-05-08 15:41:12;FALSE;NA;596701392854765568;NA;<a href="http://twitter.com" rel="nofollow">Twitter Web Client</a>;Komorowski;2;FALSE;FALSE;NA;NA;"Komorowski"
"Dziękuję wszystkim, którzy wspierają mnie w kampanii. http://t.co/69550LR0bb";FALSE;5;NA;2015-05-08 15:39:59;FALSE;NA;596701083579322369;NA;<a href="http://twitter.com/download/android" rel="nofollow">Twitter for Android</a>;Komorowski;5;FALSE;FALSE;NA;NA;"Komorowski"
"Najserdeczniej dziękuję wszystkim członkom komitetu honorowego. Wszystkim tym, którzy służąc Polsce zyskali tak wielki podziw w Polsce.";FALSE;5;NA;2015-05-08 15:38:12;FALSE;NA;596700635929673729;NA;<a href="http://twitter.com" rel="nofollow">Twitter Web Client</a>;Komorowski;2;FALSE;FALSE;NA;NA;"Komorowski"
"Ich obecność pokazywała jaka może być Polska i jaki mamy wybór w tej kampanii.";FALSE;1;NA;2015-05-08 15:37:06;FALSE;NA;596700357625061376;NA;<a href="http://twitter.com" rel="nofollow">Twitter Web Client</a>;Komorowski;0;FALSE;FALSE;NA;NA;"Komorowski"
"Serdecznie dziękuję wszystkim, którzy chcieli udzielić wsparcia mojej prezydenturze. Dziękuję wszystkim Polakom. Także tym przeszkadzającym.";FALSE;5;NA;2015-05-08 15:36:40;FALSE;NA;596700249663635456;NA;<a href="http://twitter.com" rel="nofollow">Twitter Web Client</a>;Komorowski;4;FALSE;FALSE;NA;NA;"Komorowski"
"Jest z nami także Jan Puzyna http://t.co/zAeEU2uOSk";FALSE;1;NA;2015-05-08 15:33:39;FALSE;NA;596699493128654848;NA;<a href="http://twitter.com/download/android" rel="nofollow">Twitter for Android</a>;Komorowski;1;FALSE;FALSE;NA;NA;"Komorowski"
"Danuta Szaflarska: To może zapewnić Prezydent Komorowski. Nie wyobrażam sobie lepszego Prezydenta.";FALSE;1;NA;2015-05-08 15:33:18;FALSE;NA;596699404544901121;NA;<a href="http://twitter.com" rel="nofollow">Twitter Web Client</a>;Komorowski;2;FALSE;FALSE;NA;NA;"Komorowski"
"Danuta Szaflarska: Żyję 100 lat. Wiele przeżyłam i chcę żyć w poczuciu bezpieczeństwa, spokoju, radości i zgody.";FALSE;6;NA;2015-05-08 15:32:35;FALSE;NA;596699223640399872;NA;<a href="http://twitter.com" rel="nofollow">Twitter Web Client</a>;Komorowski;1;FALSE;FALSE;NA;NA;"Komorowski"
"Czas na wystąpienie Danuty Szaflarskiej http://t.co/U1AGyeI7h7";FALSE;6;NA;2015-05-08 15:31:30;FALSE;NA;596698951010619392;NA;<a href="http://twitter.com/download/android" rel="nofollow">Twitter for Android</a>;Komorowski;5;FALSE;FALSE;NA;NA;"Komorowski"
"J. Majchrowski: Chciałbym zaapelować do tych, którzy wahają się czy lub na kogo zagłosować - zagłosujcie mądrze.";FALSE;4;NA;2015-05-08 15:30:21;FALSE;NA;596698662174117888;NA;<a href="http://twitter.com" rel="nofollow">Twitter Web Client</a>;Komorowski;1;FALSE;FALSE;NA;NA;"Komorowski"
"J. Majchrowski: Prezydent Komorowski łączy ludzi.";FALSE;2;NA;2015-05-08 15:29:41;FALSE;NA;596698491554025472;NA;<a href="http://twitter.com" rel="nofollow">Twitter Web Client</a>;Komorowski;3;FALSE;FALSE;NA;NA;"Komorowski"
"J. Majchrowski: Z jednej strony jest klasa, rozwaga, mądrość i kultura Prezydenta, a z drugiej strony ludzie opowiadający bajki.";FALSE;4;NA;2015-05-08 15:29:11;FALSE;NA;596698369063526400;NA;<a href="http://twitter.com" rel="nofollow">Twitter Web Client</a>;Komorowski;4;FALSE;FALSE;NA;NA;"Komorowski"
"Na scenie Jacek Majchrowski, który wspiera mnie od początku kampanii. http://t.co/CgM5tJsRQK";FALSE;3;NA;2015-05-08 15:27:45;FALSE;NA;596698005165715457;NA;<a href="http://twitter.com/download/android" rel="nofollow">Twitter for Android</a>;Komorowski;2;FALSE;FALSE;NA;NA;"Komorowski"
".@hannagw: Mamy dobrego kandydata na trudne czasy. Wytrwałego, odpowiedzialnego męża stanu. Zaufajmy mu ponownie - to jest nasz prezydent!";FALSE;2;NA;2015-05-08 15:27:16;FALSE;NA;596697883560247296;NA;<a href="http://twitter.com" rel="nofollow">Twitter Web Client</a>;Komorowski;1;FALSE;FALSE;NA;NA;"Komorowski"
".@hannagw: Gorąco apeluję do tych, którzy uważają, że ich głos  nie ma znaczenia , aby jeszcze raz przemyśleli swoją decyzję.";FALSE;3;NA;2015-05-08 15:26:56;FALSE;NA;596697802656350208;NA;<a href="http://twitter.com" rel="nofollow">Twitter Web Client</a>;Komorowski;4;FALSE;FALSE;NA;NA;"Komorowski"
".@hannagw: Za kilka dni podejmiemy bardzo ważną decyzję - o przyszłości naszej, naszych dzieci i wnuków.";FALSE;2;NA;2015-05-08 15:25:18;FALSE;NA;596697388187840512;NA;<a href="http://twitter.com" rel="nofollow">Twitter Web Client</a>;Komorowski;5;FALSE;FALSE;NA;NA;"Komorowski"
".@hannagw: To ostatnia prosta przed 10 maja - będziemy walczyć!";FALSE;4;NA;2015-05-08 15:24:00;FALSE;NA;596697064496623618;NA;<a href="http://twitter.com" rel="nofollow">Twitter Web Client</a>;Komorowski;0;FALSE;FALSE;NA;NA;"Komorowski"
"Zaczynamy, na początek wystąpienie @hannagw http://t.co/TOOO6LTbdF";FALSE;4;NA;2015-05-08 15:23:27;FALSE;NA;596696925270888448;NA;<a href="http://twitter.com/download/android" rel="nofollow">Twitter for Android</a>;Komorowski;0;FALSE;FALSE;NA;NA;"Komorowski"
"Zaczynamy od odśpiewania hymnu.";FALSE;4;NA;2015-05-08 15:22:16;FALSE;NA;596696628066680833;NA;<a href="http://twitter.com" rel="nofollow">Twitter Web Client</a>;Komorowski;1;FALSE;FALSE;NA;NA;"Komorowski"
"Warszawską Konwencję Wyborczą czas zacząć. Oglądajcie transmisję online: https://t.co/pAdSGcSw37";FALSE;7;NA;2015-05-08 15:17:59;FALSE;NA;596695549048393729;NA;<a href="http://twitter.com" rel="nofollow">Twitter Web Client</a>;Komorowski;7;FALSE;FALSE;NA;NA;"Komorowski"
"Jest z nami także @hannagw http://t.co/zNxwRpKl9A";FALSE;7;NA;2015-05-08 15:02:52;FALSE;NA;596691745599000578;NA;<a href="http://twitter.com/download/android" rel="nofollow">Twitter for Android</a>;Komorowski;3;FALSE;FALSE;NA;NA;"Komorowski"
"Za kilka minut zaczynamy ostatnią konwencję wyborczą. Specjalni goście już są :-) http://t.co/3rJHBeCnNU";FALSE;7;NA;2015-05-08 15:01:38;FALSE;NA;596691435371528192;NA;<a href="http://twitter.com/download/android" rel="nofollow">Twitter for Android</a>;Komorowski;6;FALSE;FALSE;NA;NA;"Komorowski"
"10 maja wybierzmy Polskę spokojną i bezpieczną https://t.co/TAwZtnhDLs";FALSE;4;NA;2015-05-08 14:10:02;FALSE;NA;596678447402979329;NA;<a href="http://twitter.com" rel="nofollow">Twitter Web Client</a>;Komorowski;2;FALSE;FALSE;NA;NA;"Komorowski"
"Chrońmy Polskę przed radykalizmem. https://t.co/2xiAHTTAWr";FALSE;5;NA;2015-05-08 08:26:58;FALSE;NA;596592113850195968;NA;<a href="http://twitter.com" rel="nofollow">Twitter Web Client</a>;Komorowski;7;FALSE;FALSE;NA;NA;"Komorowski"
"Andrzej Duda silny siłą najbliższych sobie kobiet. Imponujące wsparcie od żony i córki na finiszu kampanii  http://t.co/jJzvmj65UE";FALSE;60;NA;2015-05-08 21:56:47;FALSE;NA;596795910065098753;NA;<a href="http://www.apple.com" rel="nofollow">iOS</a>;AndrzejDuda;32;FALSE;FALSE;NA;NA;"Duda"
"@Dariusz_Lasocki Dziękuję za awatara! :-)";FALSE;3;Dariusz_Lasocki;2015-05-08 21:43:30;FALSE;596791523519406083;596792567041302528;44599818;<a href="http://twitter.com/#!/download/ipad" rel="nofollow">Twitter for iPad</a>;AndrzejDuda;2;FALSE;FALSE;NA;NA;"Duda"
"@Yanusson Dziękuję za awatara:-)";FALSE;4;Yanusson;2015-05-08 21:42:16;FALSE;596790071233249280;596792254657855488;138568882;<a href="http://twitter.com/#!/download/ipad" rel="nofollow">Twitter for iPad</a>;AndrzejDuda;0;FALSE;FALSE;NA;NA;"Duda"
"Duda kończy kampanię wśród użytkowników Twittera - http://t.co/Lll08iRe9P http://t.co/DoDS8Hunws";FALSE;18;NA;2015-05-08 21:32:57;FALSE;NA;596789912889905153;NA;<a href="http://www.apple.com" rel="nofollow">iOS</a>;AndrzejDuda;12;FALSE;FALSE;NA;NA;"Duda"
"@streptocephalus energetyk:-) @MMastalerek";FALSE;7;streptocephalus;2015-05-08 16:32:53;FALSE;596712829765423105;596714396161863680;2216632896;<a href="http://twitter.com/download/iphone" rel="nofollow">Twitter for iPhone</a>;AndrzejDuda;0;FALSE;FALSE;NA;NA;"Duda"
"Marcin chłodzi kampanijne emocje ;-) @MMastalerek http://t.co/aPFKLdvKFq";FALSE;68;NA;2015-05-08 16:24:36;FALSE;NA;596712311752110081;NA;<a href="http://www.apple.com" rel="nofollow">iOS</a>;AndrzejDuda;20;FALSE;FALSE;NA;NA;"Duda"
"@vickyford Congratulations! :-)))";FALSE;6;vickyford;2015-05-08 12:22:00;FALSE;594562579881664512;596651261405089792;14691032;<a href="http://twitter.com/download/iphone" rel="nofollow">Twitter for iPhone</a>;AndrzejDuda;5;FALSE;FALSE;NA;NA;"Duda"
"@hdmortimer @Junona_ Wszystkiego dobrego! Trzymajcie się! :-)";FALSE;15;hdmortimer;2015-05-08 10:37:25;FALSE;596623752206667776;596624942847938560;2232876144;<a href="http://twitter.com/#!/download/ipad" rel="nofollow">Twitter for iPad</a>;AndrzejDuda;1;FALSE;FALSE;NA;NA;"Duda"
"Na zakończenie kampanii serdecznie dziękuję Wszystkim, którzy mnie wspierali. 10 maja proszę o Państwa głosy. http://t.co/d4hbYtecKN";FALSE;41;NA;2015-05-08 19:11:06;FALSE;NA;596754215638343680;NA;<a href="http://twitter.com" rel="nofollow">Twitter Web Client</a>;ogorekmagda;15;FALSE;FALSE;NA;NA;"Og?rek"
"Cisza wyborcza - kolejny absurd, z którym trzeba zrobić porządek! Ale teraz już milczę. #palikot2015 http://t.co/TDEn17RXhs";FALSE;42;NA;2015-05-08 21:36:49;FALSE;NA;596790886723428352;NA;<a href="http://twitter.com" rel="nofollow">Twitter Web Client</a>;Palikot_Janusz;4;FALSE;FALSE;NA;NA;"Palikot"
"@barbaraanowacka i @EwaWojciakPleyn już wiedzą na kogo głosują #palikot2015 http://t.co/jAl9hwSta3";FALSE;6;barbaraanowacka;2015-05-08 20:31:29;FALSE;NA;596774441679527936;291740186;<a href="http://twitter.com/download/android" rel="nofollow">Twitter for Android</a>;Palikot_Janusz;3;FALSE;FALSE;NA;NA;"Palikot"
"Kazia Szczuka i Janusz Opryński już wiedzą na kogo głosują #palikot2015 /sztab http://t.co/kcQYQQ3a62";FALSE;10;NA;2015-05-08 20:26:21;FALSE;NA;596773150924345344;NA;<a href="http://twitter.com/download/android" rel="nofollow">Twitter for Android</a>;Palikot_Janusz;2;FALSE;FALSE;NA;NA;"Palikot"
"Jeszcze przed absurdalną ciszą wyborczą miałem okazje rozdac kilkaset książek #palikot2015 #wybory2015 http://t.co/7JqjVTS5Jj";FALSE;8;NA;2015-05-08 16:14:21;FALSE;NA;596709733056258048;NA;<a href="http://twitter.com/download/android" rel="nofollow">Twitter for Android</a>;Palikot_Janusz;3;FALSE;FALSE;NA;NA;"Palikot"
"Jest dziesięć powodów dla których trzeba głosować na JPalikota.Konserwa, stagnacja i emigracja albo Palikot i postęp http://t.co/X9tEQRy6Sh";FALSE;18;NA;2015-05-08 12:52:44;FALSE;NA;596658994246262785;NA;<a href="http://twitter.com/download/android" rel="nofollow">Twitter for Android</a>;Palikot_Janusz;7;FALSE;FALSE;NA;NA;"Palikot"
"Jest dziesięć powodów dla których trzeba głosować na JPalikota.Konserwa, stagnacja i emigracja albo Palikot i postęp! http://t.co/3VYjEDin0V";FALSE;18;NA;2015-05-08 12:50:23;FALSE;NA;596658403629527040;NA;<a href="http://twitter.com/download/android" rel="nofollow">Twitter for Android</a>;Palikot_Janusz;6;FALSE;FALSE;NA;NA;"Palikot"
"LIVE on #Periscope: Konferencja Janusza Palikota.  https://t.co/Fa2DEfuv29";FALSE;6;NA;2015-05-08 11:34:42;FALSE;NA;596639357404078080;NA;<a href="https://periscope.tv" rel="nofollow">Periscope.TV</a>;Palikot_Janusz;2;FALSE;FALSE;NA;NA;"Palikot"
"Palikot czuł się jak w domu #palikot2015 /sztab  http://t.co/gcEsSlA2Q8";FALSE;4;NA;2015-05-08 10:40:46;FALSE;NA;596625783428349952;NA;<a href="http://twitter.com/download/android" rel="nofollow">Twitter for Android</a>;Palikot_Janusz;2;FALSE;FALSE;NA;NA;"Palikot"
"http://t.co/Ui0673yLuG";FALSE;26;NA;2015-05-08 10:25:58;FALSE;NA;596622058307592193;NA;<a href="http://twitter.com/download/android" rel="nofollow">Twitter for Android</a>;Palikot_Janusz;10;FALSE;FALSE;NA;NA;"Palikot"
"Skierniewice #palikot2015 http://t.co/9N46F7llyA";FALSE;6;NA;2015-05-08 09:40:14;FALSE;NA;596610551247183872;NA;<a href="http://twitter.com/download/android" rel="nofollow">Twitter for Android</a>;Palikot_Janusz;3;FALSE;FALSE;NA;NA;"Palikot"
"#ff @Beata__Ka @TwojRuch_ @maciekkow @Sztejnwald @K_Szczuka @barbaraanowacka @KrakoffAndy @PiUkasz @ZychKonrad @maciekkow @anna_kubica";FALSE;6;NA;2015-05-08 09:26:04;FALSE;NA;596606984197115904;NA;<a href="http://twitter.com/download/iphone" rel="nofollow">Twitter for iPhone</a>;Palikot_Janusz;2;FALSE;FALSE;NA;NA;"Palikot"
"Zrobimy z nimi porządek #Skierniewice http://t.co/oVUIpKf307";FALSE;13;NA;2015-05-08 09:06:02;FALSE;NA;596601944870920192;NA;<a href="http://twitter.com/download/android" rel="nofollow">Twitter for Android</a>;Palikot_Janusz;3;FALSE;FALSE;NA;NA;"Palikot"
"PSL to mafia, gdzie panuje napotyzm i kolesiostwo czego najlepszy przykładem jest ostatnia historia ze Skierniewic http://t.co/jFC0fvWVgg";FALSE;14;NA;2015-05-08 09:03:34;FALSE;NA;596601322897547265;NA;<a href="http://twitter.com/download/android" rel="nofollow">Twitter for Android</a>;Palikot_Janusz;0;FALSE;FALSE;NA;NA;"Palikot"
"LIVE on #Periscope: Konferencja #Palikot2015 https://t.co/40OkJZ9hqZ";FALSE;4;NA;2015-05-08 09:01:02;FALSE;NA;596600684054716416;NA;<a href="https://periscope.tv" rel="nofollow">Periscope.TV</a>;Palikot_Janusz;3;FALSE;FALSE;NA;NA;"Palikot"
"Janusz Palikot w Financial Times #Palikot2015 /sztab http://t.co/bO5a63UKd3";FALSE;4;NA;2015-05-08 08:17:39;FALSE;NA;596589766784712704;NA;<a href="http://twitter.com/download/android" rel="nofollow">Twitter for Android</a>;Palikot_Janusz;3;FALSE;FALSE;NA;NA;"Palikot"
"Za chwilę ciąg dalszy odpowiedzi na wykop.pl  #ama #palikot2015";FALSE;3;NA;2015-05-08 07:49:40;FALSE;NA;596582725718548480;NA;<a href="http://twitter.com/download/android" rel="nofollow">Twitter for Android</a>;Palikot_Janusz;3;FALSE;FALSE;NA;NA;"Palikot"
"@PiotrGuzial @PrezydentKukiz przecież Kukiz to konserwa!";FALSE;11;PiotrGuzial;2015-05-08 07:37:28;FALSE;596579302495395840;596579655748087809;1351308974;<a href="http://twitter.com/download/android" rel="nofollow">Twitter for Android</a>;Palikot_Janusz;1;FALSE;FALSE;NA;NA;"Palikot"
"Dziesięć powodów dla których zagłosuje na Janusza Palikota #palikot2015 /sztab  http://t.co/INzsKhcbde";FALSE;7;NA;2015-05-08 07:22:17;FALSE;NA;596575834720366592;NA;<a href="http://twitter.com/download/android" rel="nofollow">Twitter for Android</a>;Palikot_Janusz;5;FALSE;FALSE;NA;NA;"Palikot"
"Podsumowanie kampanii w moim rodzinnym regionie w Daleszycach. Dziękuję! Z ludowym pozdrowieniem! http://t.co/DEOdELdSJz";FALSE;4;NA;2015-05-08 20:18:14;FALSE;NA;596771108579323904;NA;<a href="http://twitter.com" rel="nofollow">Twitter Web Client</a>;JarubasAdam;2;FALSE;FALSE;NA;NA;"Jarubas"
"Symboliczne zasadzenie drzewka pokoju, poświęconego przez Ojca Świętego Benedykta XVI podczas pielgrzymki w 2006 r. http://t.co/ZXYjifUrIT";FALSE;1;NA;2015-05-08 13:47:09;FALSE;NA;596672688183234560;NA;<a href="http://twitter.com" rel="nofollow">Twitter Web Client</a>;JarubasAdam;4;FALSE;FALSE;NA;NA;"Jarubas"
"Wierzchosławice - hołd dla Wincentego Witosa, wielkiemu rodakowi przywódcy ruchu ludowego, trzykrotnemu premierowi. http://t.co/qfzKl7FFP7";FALSE;4;NA;2015-05-08 13:29:41;FALSE;NA;596668292502310912;NA;<a href="http://twitter.com" rel="nofollow">Twitter Web Client</a>;JarubasAdam;3;FALSE;FALSE;NA;NA;"Jarubas"
"Na Jasnej Górze, w Kaplicy Pamięci Narodów - miejscu symbolicznym dla Polaków, gdzie pokolenia uczyły się Polski. http://t.co/jI5i4GVo92";FALSE;5;NA;2015-05-08 09:10:43;FALSE;NA;596603121444458496;NA;<a href="http://twitter.com" rel="nofollow">Twitter Web Client</a>;JarubasAdam;2;FALSE;FALSE;NA;NA;"Jarubas"
"Dziś Częstochowa, Wierzchosławice i Daleszyce w Świętokrzyskiem. Dziękuję wszystkim, których spotkałem na kampanijnym szlaku. Pozdrawiam :)";FALSE;6;NA;2015-05-08 06:16:36;FALSE;NA;596559305551290368;NA;<a href="http://twitter.com/download/iphone" rel="nofollow">Twitter for iPhone</a>;JarubasAdam;4;FALSE;FALSE;NA;NA;"Jarubas"
"@LemingAlfa @rafalhirsch Będzie fajny zestaw ;) Zapraszam ;)";FALSE;2;LemingAlfa;2015-05-08 21:34:15;FALSE;596785766006706176;596790241245159424;863459022;<a href="http://twitter.com" rel="nofollow">Twitter Web Client</a>;PrezydentKukiz;1;FALSE;FALSE;NA;NA;"Kukiz"
"#PotrafiszPolsko podjąć właściwą decyzję w najbliższą niedzielę, zachęcam do głosowania i aktywności obywatelskiej!! http://t.co/XqnZGKnCwk";FALSE;88;NA;2015-05-08 21:09:56;FALSE;NA;596784121424322561;NA;<a href="http://twitter.com" rel="nofollow">Twitter Web Client</a>;PrezydentKukiz;68;FALSE;FALSE;NA;NA;"Kukiz"
"@rutkos http://t.co/SZYKQXE2Om";FALSE;5;rutkos;2015-05-08 20:53:30;FALSE;596779587155144704;596779983005155328;70142298;<a href="http://twitter.com" rel="nofollow">Twitter Web Client</a>;PrezydentKukiz;0;FALSE;FALSE;NA;NA;"Kukiz"
"@HelvisPriestley Lepiej!! Dziękuję";FALSE;6;HelvisPriestley;2015-05-08 20:50:08;FALSE;596779024392855552;596779136057749505;385300457;<a href="http://twitter.com" rel="nofollow">Twitter Web Client</a>;PrezydentKukiz;0;FALSE;FALSE;NA;NA;"Kukiz"
"@Komorowski Tak, pamiętam te braki odpowiedzi na pisma i inicjatywy społeczne w sprawie JOW... Teraz już wiem - to była... agitacja ;)";FALSE;322;Komorowski;2015-05-08 20:28:39;FALSE;596730949984989184;596773728614281217;138163716;<a href="http://twitter.com" rel="nofollow">Twitter Web Client</a>;PrezydentKukiz;87;FALSE;FALSE;NA;NA;"Kukiz"
"https://t.co/cQvuASOnOo Konferencja prasowa Sztabu podsumowująca Kampanię #PotrafiszPolsko";FALSE;11;NA;2015-05-08 15:30:52;FALSE;NA;596698792637964288;NA;<a href="http://twitter.com" rel="nofollow">Twitter Web Client</a>;PrezydentKukiz;6;FALSE;FALSE;NA;NA;"Kukiz"
"Konferencja prasowa Sztabu Wyborczego Pawła Kukiza podsumowująca Kampanię: http://t.co/hwMprLFBvh via @YouTube";FALSE;4;NA;2015-05-08 15:28:06;FALSE;NA;596698094873489408;NA;<a href="http://www.google.com/" rel="nofollow">Google</a>;PrezydentKukiz;4;FALSE;FALSE;NA;NA;"Kukiz"
"Pozew przeciw red. Sianeckiemu z @tvn24 - trzeba zadbać o standardy dziennikarskie w Polsce, zdecydowanie. http://t.co/gpxDZ0cYYn";FALSE;130;NA;2015-05-08 13:57:47;FALSE;NA;596675365524889601;NA;<a href="http://twitter.com" rel="nofollow">Twitter Web Client</a>;PrezydentKukiz;53;FALSE;FALSE;NA;NA;"Kukiz"
"@marekswat10 @tvn24 https://t.co/NsC4FmaZlg";FALSE;0;marekswat10;2015-05-08 13:46:32;FALSE;596670201246121985;596672535397294080;2831290894;<a href="http://twitter.com" rel="nofollow">Twitter Web Client</a>;PrezydentKukiz;0;FALSE;FALSE;NA;NA;"Kukiz"
"Paweł Kukiz złożył w sądzie pozew wyborczy przeciw red. Tomaszowi Sianeckiemu, dziennikarzowi @tvn24 http://t.co/4OeWnHxvho";FALSE;61;NA;2015-05-08 13:30:55;FALSE;NA;596668603853844480;NA;<a href="http://twitter.com" rel="nofollow">Twitter Web Client</a>;PrezydentKukiz;30;FALSE;FALSE;NA;NA;"Kukiz"
"http://t.co/4OeWnHxvho";FALSE;8;NA;2015-05-08 13:29:56;FALSE;NA;596668355198775296;NA;<a href="http://twitter.com" rel="nofollow">Twitter Web Client</a>;PrezydentKukiz;4;FALSE;FALSE;NA;NA;"Kukiz"
"Jeżeli uważasz że… #2: http://t.co/Pz1t1NxvCS via @YouTube";FALSE;6;NA;2015-05-08 11:16:42;FALSE;NA;596634828998627328;NA;<a href="http://www.google.com/" rel="nofollow">Google</a>;PrezydentKukiz;2;FALSE;FALSE;NA;NA;"Kukiz"
"System wygodny dla obywateli: http://t.co/KbVkLyzMSU via @YouTube";FALSE;5;NA;2015-05-08 10:48:50;FALSE;NA;596627814394265600;NA;<a href="http://www.google.com/" rel="nofollow">Google</a>;PrezydentKukiz;5;FALSE;FALSE;NA;NA;"Kukiz"
"Jeżeli uważasz że... #1: http://t.co/aZn9p0fCl2 via @YouTube";FALSE;3;NA;2015-05-08 10:45:27;FALSE;NA;596626962556309504;NA;<a href="http://www.google.com/" rel="nofollow">Google</a>;PrezydentKukiz;4;FALSE;FALSE;NA;NA;"Kukiz"
"Co jest istotą Redaktora Lisa i pozostałych? Sami sobie odpowiecie i ODPOWIEDZCIE przy urnach!! #PotrafiszPolsko? ;) https://t.co/KkwbKnZM7E";FALSE;23;NA;2015-05-08 10:45:13;FALSE;NA;596626904939143170;NA;<a href="http://twitter.com" rel="nofollow">Twitter Web Client</a>;PrezydentKukiz;11;FALSE;FALSE;NA;NA;"Kukiz"
"Ile procent czasu antenowego oddaliście Państwo wszystkim kandydatom? Proporcjonalnie, czy wg własnych  intuicji ? https://t.co/wzTAdRSCQd";FALSE;18;NA;2015-05-08 10:42:12;FALSE;NA;596626147179438080;NA;<a href="http://twitter.com" rel="nofollow">Twitter Web Client</a>;PrezydentKukiz;10;FALSE;FALSE;NA;NA;"Kukiz"
"Chcesz pomóc? Wyślij SMSa, maila, porozmawiaj ze znajomymi ;) Głosuj na szczęśliwy nr 7 na liście! #PotrafiszPolsko!! http://t.co/0e7XF2MZcp";FALSE;25;NA;2015-05-08 10:41:06;FALSE;NA;596625868748881920;NA;<a href="http://twitter.com" rel="nofollow">Twitter Web Client</a>;PrezydentKukiz;17;FALSE;FALSE;NA;NA;"Kukiz"
"Ja NIE WYCOFUJĘ się z wyborów... Pan jest podły, panie Sianecki... Pan dobija i mojego Tatę i mnie. 2/2";FALSE;123;NA;2015-05-08 08:43:35;FALSE;NA;596596296426856448;NA;<a href="http://twitter.com" rel="nofollow">Twitter Web Client</a>;PrezydentKukiz;81;FALSE;FALSE;NA;NA;"Kukiz"
"To już nie jest dziennikarstwo... To jest... Sami sobie dopowiedzcie co... TVN24 kłamie.  Ogłosiłem przerwanie KAMPANII... 1/2";FALSE;91;NA;2015-05-08 08:43:11;FALSE;NA;596596193817427968;NA;<a href="http://twitter.com" rel="nofollow">Twitter Web Client</a>;PrezydentKukiz;52;FALSE;FALSE;NA;NA;"Kukiz"
"A to moje ostatnie nagranie w tej kampanii, posłuchajcie i wybierzcie dobrze 10 maja :) https://t.co/Q9f4J3r1U8";FALSE;8;NA;2015-05-08 21:15:38;FALSE;NA;596785553137389569;NA;<a href="http://twitter.com" rel="nofollow">Twitter Web Client</a>;M_Kowalski1;4;FALSE;FALSE;NA;NA;"Kowalski"
"Dziękuję także kolegom ze sztabu, którzy poprowadzili tę kampanię. W szczególności @RobertWinnicki @krzysztofbosak i @WTumanowicz!";FALSE;15;NA;2015-05-08 21:14:00;FALSE;NA;596785142770900994;NA;<a href="http://twitter.com" rel="nofollow">Twitter Web Client</a>;M_Kowalski1;0;FALSE;FALSE;NA;NA;"Kowalski"
"Przy okazji - bardzo dziękuję mojej żonie, która cały czas wspierała mnie w trudach kampanii. Bez niej byłoby ciężko! http://t.co/ZHrxPK5fLW";FALSE;30;NA;2015-05-08 21:11:05;FALSE;NA;596784407618420736;NA;<a href="http://twitter.com" rel="nofollow">Twitter Web Client</a>;M_Kowalski1;2;FALSE;FALSE;NA;NA;"Kowalski"
"W ostatnie chwile kampanii bardzo Was proszę o RT. Od Was zależy nasz wspólny sukces :) http://t.co/SnnkmFAWZO";FALSE;22;NA;2015-05-08 19:54:15;FALSE;NA;596765074259345408;NA;<a href="http://twitter.com" rel="nofollow">Twitter Web Client</a>;M_Kowalski1;37;FALSE;FALSE;NA;NA;"Kowalski"
"@RafaGrzebieniak Wśród wymienionych jest też kobieta! :)";FALSE;0;RafaGrzebieniak;2015-05-08 19:30:01;FALSE;596501577017520128;596758976668262400;1054705357;<a href="http://twitter.com" rel="nofollow">Twitter Web Client</a>;M_Kowalski1;0;FALSE;FALSE;NA;NA;"Kowalski"
".@MateuszMarzoch ze sztabu już wie na kogo zagłosuje, a Wy? 10 maja podejmijcie właściwą decyzję :) http://t.co/PTK7px4mxv";FALSE;7;MateuszMarzoch;2015-05-08 19:16:24;FALSE;596711532857266177;596755550060314624;3023422768;<a href="http://twitter.com" rel="nofollow">Twitter Web Client</a>;M_Kowalski1;1;FALSE;FALSE;NA;NA;"Kowalski"
