"date";"portal";"title";"position";"link"
2015-03-17;http://www.tvp.info/;„Trudno dodzwonic sie do Radia Maryja”. Jaroslaw z Warszawy o telefonie do Dudy;2;http://www.tvp.info.pl/19275914/czesto-probowalem-sie-dodzwonic-do-radia-maryja-to-trudne-kaczynski-o-telefonicznych-pochwalach-dla-dudy
2015-03-17;http://www.tvp.info/;PKW zakonczyla przyjmowanie zgloszen. Zarejestrowala 20 komitetów kandydatów na prezydenta;2;http://www.tvp.info.pl/19276899/pkw-zakonczyla-przyjmowanie-zgloszen-zarejestrowala-20-komitetow-kandydatow-na-prezydenta
2015-03-17;http://www.wp.pl;wazneSchetyna odpowiada na zarzut prezydenta Rosji;2;http://wiadomosci.wp.pl/kat,1356,title,Grzegorz-Schetyna-o-zarzutach-Wladimira-Putina-absurdalna-informacja,wid,17352966,wiadomosc.html
2015-03-17;http://www.wprost.pl/;Sondaż: 46 proc. dla Komorowskiego, 31 proc. dla Dudy;3;http://www.wprost.pl/ar/498568/Sondaz-prezydencki-46-proc-dla-Komorowskiego-31-proc-dla-Dudy/
2015-03-17;http://www.wprost.pl/;Bohatersko przelecieliśmy przez Wisłę . Korwin-Mikke lata Air Korwin One;2;http://www.wprost.pl/ar/498578/Bohatersko-przelecielismy-przez-Wisle-Korwin-Mikke-lata-Air-Korwin-One/
2015-03-17;http://www.wprost.pl/;Prezydent niepokorny , czyli Stanisław Wojciechowski;2;http://www.wprost.pl/ar/498565/Prezydent-niepokorny-czyli-Stanislaw-Wojciechowski/
2015-03-17;http://www.wprost.pl/;Sondaż prezydencki: 46 proc. dla Komorowskiego, 31 proc. dla Dudy;2;http://www.wprost.pl/ar/498568/Sondaz-prezydencki-46-proc-dla-Komorowskiego-31-proc-dla-Dudy/
2015-03-17;http://www.wprost.pl/;Sondaż: Prezydent powinien podpisać ustawę o in vitro;2;http://www.wprost.pl/ar/498571/Sondaz-Prezydent-powinien-podpisac-ustawe-o-in-vitro/
2015-03-17;http://www.wprost.pl/;Gdzie poszła kasa Palikota?;1;http://www.wprost.pl/ar/498397/Gdzie-poszla-kasa-Palikota/
2015-03-17;http://www.wprost.pl/;Wpadki Komorowskiego na Twitterze. "Powinien skupić się na Naszej Klasie";1;http://www.wprost.pl/ar/495661/Wpadki-Komorowskiego-na-Twitterze-Powinien-skupic-sie-na-Naszej-Klasie/
2015-03-17;http://www.onet.pl/;Korwin-Mikke: panstwo nie powinno wtracac sie w to, "co obywatel je, pije i pali";1;http://wiadomosci.onet.pl/warszawa/korwin-mikke-w-legionowie-zapowiada-zmiane-konstytucji/12cm3r
2015-03-17;http://www.onet.pl/;Nowa partia Korwin-Mikkego. Zaglosujecie na nia?;1;http://wiadomosci.onet.pl/tablica/nowa-partia-korwin-mikkego-zaglosujecie-na-nia,1668,1020088,153124061,watek.html
2015-03-17;http://www.newsweek.pl/;Korwin-Mikke: To Amerykanie zdestabilizowali Ukraine;3;http://swiat.newsweek.pl/janusz-korwin-mikke-teorie-spiskowe-ameryka-chce-oslabic-rosje,artykuly,359188,1.html
2015-03-17;http://www.newsweek.pl/;20 kandydatów zawalczy o fotel prezydenta RP;2;http://polska.newsweek.pl/wybory-2015-wybory-prezydenckie-kandydaci-na-prezydenta,artykuly,359165,1.html
2015-03-17;http://www.newsweek.pl/;4 informacje o Dudzie, których nie ma w gazetce PiS;2;http://polska.newsweek.pl/informacje-o-andrzeju-dudzie-ktorych-nie-podaje-pis,artykuly,359024,1.html
2015-03-17;http://www.tvn24.pl/;Topnieje przewaga Komorowskiego nad Duda. Kukiz przed Ogórek. Sondaz dla  Faktów  TVN;4;http://www.tvn24.pl/sondaz-prezydencki-dla-faktow-tvn,524725,s.html
2015-03-17;http://www.tvn24.pl/;Sondazowy spadek Ogórek. Miller: to sygnal do zmian w kampanii;3;http://www.tvn24.pl/leszek-miller-komentuje-wyniki-magdaleny-ogorek,524746,s.html
2015-03-17;http://www.tvn24.pl/;Odtwórz: Sondazowy spadek Ogórek. Miller: to sygnal do zmian w kampanii;3;http://www.tvn24.pl/leszek-miller-komentuje-wyniki-magdaleny-ogorek,524746,s.html#autoplay
2015-03-17;http://www.tvn24.pl/;Sondaz dla  Faktów  TVN: Prezydent powinien podpisac ustawe o in vitro;3;http://www.tvn24.pl/sondaz-prezydent-powinien-podpisac-ustawe-o-in-vitro,524721,s.html
2015-03-17;http://www.tvn24.pl/;Ogórek w fabryce zakretek, Kaczynski tlumaczy Dude;3;http://www.tvn24.pl/kampania-wyborcza-2015,524709,s.html
2015-03-17;http://www.tvn24.pl/;Air Korwin One  wyladowal.  W nastepnych wyborach rakieta bedziemy latali;3;http://www.tvn24.pl/wideo/z-anteny/odlotowa-kampania-janusza-korwin-mikkego,1401996.html?playlist_id=18201
2015-03-17;http://www.tvn24.pl/;Odtwórz:  Air Korwin One  wyladowal.  W nastepnych wyborach rakieta bedziemy latali;3;http://www.tvn24.pl/wideo/z-anteny/odlotowa-kampania-janusza-korwin-mikkego,1401996.html?playlist_id=18201
2015-03-17;http://www.tvn24.pl/;Zakazany wyklad  Palikota poza murami uczelni;3;http://www.tvn24.pl/odwolany-wyklad-palikota-odbyl-sie-poza-murami-uczelni,524710,s.html
2015-03-17;http://www.tvn24.pl/;odtwórz:  Zakazany wyklad  Palikota poza murami uczelni;3;http://www.tvn24.pl/odwolany-wyklad-palikota-odbyl-sie-poza-murami-uczelni,524710,s.html#autoplay
2015-03-17;http://www.tvn24.pl/;Zgloszenie budowy zamiast pozwolenia. Prezydent podpisal nowe prawo;3;http://tvn24bis.pl/redirect/prezydent-podpisal-nowelizacje-prawa-budowlanego,524707.html
2015-03-17;http://www.tvn24.pl/;Duda coraz silniejszy, topnieje przewaga Komorowskiego. Sondaz dla  Faktów  TVN;2;http://www.tvn24.pl/sondaz-prezydencki-dla-faktow-tvn,524725,s.html
2015-03-17;http://www.tvn24.pl/;Sondazowy spadek Ogórek. Miller: to sygnal do zmian w kampanii;2;http://www.tvn24.pl/sondazowy-spadek-ogorek-miller-to-sygnal-do-zmian-w-kampanii,524746,s.html
2015-03-17;http://www.tvn24.pl/;Sondaz dla  Faktów  TVN: Prezydent powinien podpisac ustawe o in vitro;2;http://www.tvn24.pl/sondaz-dla-faktow-tvn-prezydent-powinien-podpisac-ustawe-o-in-vitro,524721,s.html
2015-03-17;http://www.tvn24.pl/;Ogórek w fabryce zakretek, Kaczynski tlumaczy Dude;2;http://www.tvn24.pl/ogorek-w-fabryce-zakretek-kaczynski-tlumaczy-dude,524709,s.html
2015-03-17;http://www.tvn24.pl/;Zakazany wyklad  Palikota poza murami uczelni;2;http://www.tvn24.pl/zakazany-wyklad-palikota-poza-murami-uczelni,524710,s.html
2015-03-17;http://www.tvn24.pl/;Zgloszenie budowy zamiast pozwolenia. Prezydent podpisal nowe prawo;2;http://tvn24bis.pl/redirect/zgloszenie-budowy-zamiast-pozwolenia-prezydent-podpisal-nowe-prawo,524707.html
2015-03-17;http://www.tvn24.pl/;Sondazowy spadek Ogórek. Miller: to sygnal do zmian w kampanii;1;http://www.tvn24.pl/leszek-miller-komentuje-wyniki-magdaleny-ogorek,524746,s.html
2015-03-17;http://www.tvn24.pl/;Odtwórz: Sondazowy spadek Ogórek. Miller: to sygnal do zmian w kampanii;1;http://www.tvn24.pl/leszek-miller-komentuje-wyniki-magdaleny-ogorek,524746,s.html#autoplay
2015-03-17;http://www.tvn24.pl/;Sondaz dla  Faktów  TVN: Prezydent powinien podpisac ustawe o in vitro;1;http://www.tvn24.pl/sondaz-prezydent-powinien-podpisac-ustawe-o-in-vitro,524721,s.html
2015-03-17;http://www.tvn24.pl/;Ogórek w fabryce zakretek, Kaczynski tlumaczy Dude;1;http://www.tvn24.pl/kampania-wyborcza-2015,524709,s.html
2015-03-17;http://www.tvn24.pl/;Air Korwin One  wyladowal.  W nastepnych wyborach rakieta bedziemy latali;1;http://www.tvn24.pl/wideo/z-anteny/odlotowa-kampania-janusza-korwin-mikkego,1401996.html?playlist_id=18201
2015-03-17;http://www.tvn24.pl/;Odtwórz:  Air Korwin One  wyladowal.  W nastepnych wyborach rakieta bedziemy latali;1;http://www.tvn24.pl/wideo/z-anteny/odlotowa-kampania-janusza-korwin-mikkego,1401996.html?playlist_id=18201
2015-03-17;http://www.tvn24.pl/;Zakazany wyklad  Palikota poza murami uczelni;1;http://www.tvn24.pl/odwolany-wyklad-palikota-odbyl-sie-poza-murami-uczelni,524710,s.html
2015-03-17;http://www.tvn24.pl/;odtwórz:  Zakazany wyklad  Palikota poza murami uczelni;1;http://www.tvn24.pl/odwolany-wyklad-palikota-odbyl-sie-poza-murami-uczelni,524710,s.html#autoplay
2015-03-17;http://www.tvn24.pl/;Zgloszenie budowy zamiast pozwolenia. Prezydent podpisal nowe prawo;1;http://tvn24bis.pl/redirect/prezydent-podpisal-nowelizacje-prawa-budowlanego,524707.html
2015-03-17;http://natemat.pl/;Wybory na prezydenta czy do episkopatu? Kandydaci licytuja sie wiara;2;http://natemat.pl/136737,wybory-na-prezydenta-czy-do-episkopatu-kandydaci-nie-wykorzystujcie-kosciola
2015-03-17;http://natemat.pl/;Pawel Kukiz zebral 100 tys. podpisów.  W piatek rejestruje sie jako kandydat na prezydenta;2;http://natemat.pl/136783,pawel-kukiz-zebral-100-000-podpisow-w-piatek-rejestruje-sie-jako-kandydat-na-prezydenta
2015-03-17;http://natemat.pl/;Kukiz nie ma zamiaru sie wycofywac;1;http://natemat.pl/136551,pawel-kukiz-zacheca-do-zbierania-podpisow-brakuje-ok-20-tys
2015-03-17;http://natemat.pl/;Putin powrócil. Prezydent Rosji w koncu pokazal sie publicznie;1;http://natemat.pl/136713,putin-mowil-w-tv-o-krymie-moglismy-postawic-sily-atomowe-w-stan-gotowosci
2015-03-17;http://natemat.pl/;Tak wygladalaby Rosja bez prezydenta;1;http://natemat.pl/136483,putin-nie-zyje-i-co-dalej-tak-wygladalaby-rosja-bez-swojego-prezydenta
2015-03-17;http://natemat.pl/;Co ma wspólnego Komorowski z Apple? Zagadka warta 850 mln;1;http://bartlomiejwalentynski.innpoland.pl/115863,kiedy-slonce-dzieki-ustawie-zaswieci
2015-03-17;http://natemat.pl/;Duda pokazuje, ze kampania PiS zabrnela w slepy zaulek;1;http://natemat.pl/136683,tyszkiewicz-o-muzeum-zgody-slaby-dowcip-jak-mowi-mlodziez-suchar-pokazuje-ze-kampania-dudy-zabrnela-w-slepy-zaulek
2015-03-17;http://natemat.pl/;Bulterier znów podgryza. Kurski uderza w syna Komorowskiego;1;http://natemat.pl/136693,bulterier-powrocil-jacek-kurski-uderza-w-syna-bronislawa-komorowskiego
2015-03-17;http://natemat.pl/;WYBORY;1;http://wybory.natemat.pl
2015-03-17;http://natemat.pl/;Komorowski i jego zywiol. W malych miasteczkach prezydent czuje sie jak ryba w wodzie;1;http://natemat.pl/136639,komorowski-i-jego-zywiol-podczas-spotkan-wyborczych-w-malych-miasteczkach-prezydent-czuje-sie-jak-ryba-w-wodzie
2015-03-17;http://natemat.pl/;Kretacz Duda;1;http://tomaszlis.natemat.pl/136613,kretacz-duda
2015-03-17;http://natemat.pl/;Gry polityczne. Korwin wsród przebieranców na Intel Extreme Masters;1;http://natemat.pl/136635,bitwa-o-autograf-korwin-mikke-wsrod-przebierancow-na-intel-extreme-masters-w-katowicach
2015-03-17;http://natemat.pl/;<U+2B06>Ataki Dudy splywaja po Komorowskim;1;http://natemat.pl/132313,barometr-wyborczy-natemat-zobacz-jak-dzisiaj-radzil-sobie-w-kampanii-bronislaw-komorowski
2015-03-17;http://natemat.pl/;<U+2B07>Kampania negatywna przykrywa pozytywna;1;http://natemat.pl/132315,barometr-wyborczy-natemat-zobacz-jak-dzisiaj-radzil-sobie-w-kampanii-andrzej-duda
2015-03-17;http://natemat.pl/;<U+2B07>Sztab naraza Ogórek na smiesznosc;1;barometr-wyborczy-natemat-zobacz-jak-dzisiaj-radzila-sobie-w-kampanii-magdalena-ogorek
2015-03-17;http://www.gazeta.pl;Poparcie dla Dudy znów rośnie i przebija kolejną barierę. Komorowski na czele. Traci za to Ogórek;3;http://wiadomosci.gazeta.pl/wiadomosci/1,114871,17579233,Poparcie_dla_Dudy_rosnie__Komorowski_wygra_w_II_turze.html#Czolka3Img
2015-03-17;http://www.gazeta.pl;UMCS odwołuje wykład Palikota.  Jedyny taki przypadek;1;http://wiadomosci.gazeta.pl/wiadomosci/1,138764,17575608,UMCS_odwoluje_wyklad_Palikota___Jedyny_taki_przypadek.html#BoxNewsLink
2015-03-17;http://www.dziennik.pl;Wielki skok Dudy! Najnowszy SONDAŻ daje mu drugą turę;3;http://wiadomosci.dziennik.pl/wybory-prezydenckie/artykuly/485479,komorowski-wygra-z-duda-dopiero-w-drugiej-turze-najnowszy-sondaz.html
2015-03-17;http://www.dziennik.pl;Newsweek  o teściu Dudy: Jest Żydem. Kaczyński odpowiada Lisowi;2;http://wiadomosci.dziennik.pl/polityka/artykuly/485474,newsweek-o-tesciu-dudy-zyd-kaczynski-odpowiada-lisowi.html
2015-03-17;http://wyborcza.pl/0,0.html?piano_d=1;Najnowszy sondaż: Komorowski bez zmian, Duda i Kukiz zyskują;2;http://wyborcza.pl/1,75478,17579184,Najnowszy_sondaz__Komorowski_bez_zmian__Duda_i_Kukiz.html
2015-03-17;http://www.tvp.info/;„Trudno dodzwonic sie do Radia Maryja”. Jaroslaw z Warszawy o telefonie do Dudy;2;http://www.tvp.info.pl/19275914/czesto-probowalem-sie-dodzwonic-do-radia-maryja-to-trudne-kaczynski-o-telefonicznych-pochwalach-dla-dudy
2015-03-17;http://www.wprost.pl/;Sondaż: 46 proc. dla Komorowskiego, 31 proc. dla Dudy;3;http://www.wprost.pl/ar/498568/Sondaz-prezydencki-46-proc-dla-Komorowskiego-31-proc-dla-Dudy/
2015-03-17;http://www.wprost.pl/;Bohatersko przelecieliśmy przez Wisłę . Korwin-Mikke lata Air Korwin One;2;http://www.wprost.pl/ar/498578/Bohatersko-przelecielismy-przez-Wisle-Korwin-Mikke-lata-Air-Korwin-One/
2015-03-17;http://www.wprost.pl/;Prezydent niepokorny , czyli Stanisław Wojciechowski;2;http://www.wprost.pl/ar/498565/Prezydent-niepokorny-czyli-Stanislaw-Wojciechowski/
2015-03-17;http://www.wprost.pl/;Sondaż prezydencki: 46 proc. dla Komorowskiego, 31 proc. dla Dudy;2;http://www.wprost.pl/ar/498568/Sondaz-prezydencki-46-proc-dla-Komorowskiego-31-proc-dla-Dudy/
2015-03-17;http://www.wprost.pl/;Sondaż: Prezydent powinien podpisać ustawę o in vitro;2;http://www.wprost.pl/ar/498571/Sondaz-Prezydent-powinien-podpisac-ustawe-o-in-vitro/
2015-03-17;http://www.wprost.pl/;Gdzie poszła kasa Palikota?;1;http://www.wprost.pl/ar/498397/Gdzie-poszla-kasa-Palikota/
2015-03-17;http://www.wprost.pl/;Wpadki Komorowskiego na Twitterze. "Powinien skupić się na Naszej Klasie";1;http://www.wprost.pl/ar/495661/Wpadki-Komorowskiego-na-Twitterze-Powinien-skupic-sie-na-Naszej-Klasie/
2015-03-17;http://www.onet.pl/;Korwin-Mikke: panstwo nie powinno wtracac sie w to, "co obywatel je, pije i pali";1;http://wiadomosci.onet.pl/warszawa/korwin-mikke-w-legionowie-zapowiada-zmiane-konstytucji/12cm3r
2015-03-17;http://www.onet.pl/;Nowa partia Korwin-Mikkego. Zaglosujecie na nia?;1;http://wiadomosci.onet.pl/tablica/nowa-partia-korwin-mikkego-zaglosujecie-na-nia,1668,1020088,153124061,watek.html
2015-03-17;http://www.newsweek.pl/;Korwin-Mikke: To Amerykanie zdestabilizowali Ukraine;3;http://swiat.newsweek.pl/janusz-korwin-mikke-teorie-spiskowe-ameryka-chce-oslabic-rosje,artykuly,359188,1.html
2015-03-17;http://www.newsweek.pl/;20 kandydatów zawalczy o fotel prezydenta RP;2;http://polska.newsweek.pl/wybory-2015-wybory-prezydenckie-kandydaci-na-prezydenta,artykuly,359165,1.html
2015-03-17;http://www.newsweek.pl/;4 informacje o Dudzie, których nie ma w gazetce PiS;2;http://polska.newsweek.pl/informacje-o-andrzeju-dudzie-ktorych-nie-podaje-pis,artykuly,359024,1.html
2015-03-17;http://www.tvn24.pl/;Duda coraz silniejszy, topnieje przewaga Komorowskiego;3;http://www.tvn24.pl/sondaz-prezydencki-dla-faktow-tvn,524725,s.html
2015-03-17;http://www.tvn24.pl/;Odtwórz: Duda coraz silniejszy, topnieje przewaga Komorowskiego;3;http://www.tvn24.pl/sondaz-prezydencki-dla-faktow-tvn,524725,s.html#autoplay
2015-03-17;http://www.tvn24.pl/;Sondaz dla  Faktów  TVN: Prezydent powinien podpisac ustawe o in vitro;3;http://www.tvn24.pl/sondaz-prezydent-powinien-podpisac-ustawe-o-in-vitro,524721,s.html
2015-03-17;http://www.tvn24.pl/;Sondazowy spadek Ogórek. Miller: to sygnal do zmian w kampanii;3;http://www.tvn24.pl/leszek-miller-komentuje-wyniki-magdaleny-ogorek,524746,s.html
2015-03-17;http://www.tvn24.pl/;Odtwórz: Sondazowy spadek Ogórek. Miller: to sygnal do zmian w kampanii;3;http://www.tvn24.pl/leszek-miller-komentuje-wyniki-magdaleny-ogorek,524746,s.html#autoplay
2015-03-17;http://www.tvn24.pl/;Ogórek w fabryce zakretek, Kaczynski tlumaczy Dude;3;http://www.tvn24.pl/kampania-wyborcza-2015,524709,s.html
2015-03-17;http://www.tvn24.pl/;Zgloszenie budowy zamiast pozwolenia. Prezydent podpisal nowe prawo;3;http://tvn24bis.pl/redirect/prezydent-podpisal-nowelizacje-prawa-budowlanego,524707.html
2015-03-17;http://www.tvn24.pl/;Weiss o wyborach w Izraelu: mozliwy precedens, jak wybór Obamy na prezydenta;2;http://www.tvn24.pl/wiadomosci-ze-swiata,2/weiss-o-wyborach-w-izraelu-mozliwy-precedens-jak-wybor-obamy-na-prezydenta,524842.html
2015-03-17;http://www.tvn24.pl/;Duda coraz silniejszy, topnieje przewaga Komorowskiego;2;http://www.tvn24.pl/duda-coraz-silniejszy-topnieje-przewaga-komorowskiego,524725,s.html
2015-03-17;http://www.tvn24.pl/;Sondaz dla  Faktów  TVN: Prezydent powinien podpisac ustawe o in vitro;2;http://www.tvn24.pl/sondaz-dla-faktow-tvn-prezydent-powinien-podpisac-ustawe-o-in-vitro,524721,s.html
2015-03-17;http://www.tvn24.pl/;Sondazowy spadek Ogórek. Miller: to sygnal do zmian w kampanii;2;http://www.tvn24.pl/sondazowy-spadek-ogorek-miller-to-sygnal-do-zmian-w-kampanii,524746,s.html
2015-03-17;http://www.tvn24.pl/;Ogórek w fabryce zakretek, Kaczynski tlumaczy Dude;2;http://www.tvn24.pl/ogorek-w-fabryce-zakretek-kaczynski-tlumaczy-dude,524709,s.html
2015-03-17;http://www.tvn24.pl/;Zgloszenie budowy zamiast pozwolenia. Prezydent podpisal nowe prawo;2;http://tvn24bis.pl/redirect/zgloszenie-budowy-zamiast-pozwolenia-prezydent-podpisal-nowe-prawo,524707.html
2015-03-17;http://www.tvn24.pl/;Sondaz dla  Faktów  TVN: Prezydent powinien podpisac ustawe o in vitro;1;http://www.tvn24.pl/sondaz-prezydent-powinien-podpisac-ustawe-o-in-vitro,524721,s.html
2015-03-17;http://www.tvn24.pl/;Sondazowy spadek Ogórek. Miller: to sygnal do zmian w kampanii;1;http://www.tvn24.pl/leszek-miller-komentuje-wyniki-magdaleny-ogorek,524746,s.html
2015-03-17;http://www.tvn24.pl/;Odtwórz: Sondazowy spadek Ogórek. Miller: to sygnal do zmian w kampanii;1;http://www.tvn24.pl/leszek-miller-komentuje-wyniki-magdaleny-ogorek,524746,s.html#autoplay
2015-03-17;http://www.tvn24.pl/;Ogórek w fabryce zakretek, Kaczynski tlumaczy Dude;1;http://www.tvn24.pl/kampania-wyborcza-2015,524709,s.html
2015-03-17;http://www.tvn24.pl/;Zgloszenie budowy zamiast pozwolenia. Prezydent podpisal nowe prawo;1;http://tvn24bis.pl/redirect/prezydent-podpisal-nowelizacje-prawa-budowlanego,524707.html
2015-03-17;http://natemat.pl/;Spada poparcie dla Magdaleny Ogórek. Za Andrzejem Duda... Pawel Kukiz;3;http://natemat.pl/136817,spada-poparcie-dla-magdaleny-ogorek-za-andrzejem-duda-pawel-kukiz
2015-03-17;http://natemat.pl/;Warszawska gonitwa za Magdalena Ogórek;3;http://natemat.pl/136655,warszawska-gonitwa-za-magdalena-ogorek-do-kandydatki-nie-mozna-sie-bylo-dostac
2015-03-17;http://natemat.pl/;Wybory na prezydenta czy do episkopatu? Kandydaci licytuja sie wiara;1;http://natemat.pl/136737,wybory-na-prezydenta-czy-do-episkopatu-kandydaci-nie-wykorzystujcie-kosciola
2015-03-17;http://natemat.pl/;Pawel Kukiz zebral 100 tys. podpisów.  W piatek rejestruje sie jako kandydat na prezydenta;1;http://natemat.pl/136783,pawel-kukiz-zebral-100-000-podpisow-w-piatek-rejestruje-sie-jako-kandydat-na-prezydenta
2015-03-17;http://natemat.pl/;Putin powrócil. Prezydent Rosji w koncu pokazal sie publicznie;1;http://natemat.pl/136713,putin-mowil-w-tv-o-krymie-moglismy-postawic-sily-atomowe-w-stan-gotowosci
2015-03-17;http://natemat.pl/;Tak wygladalaby Rosja bez prezydenta;1;http://natemat.pl/136483,putin-nie-zyje-i-co-dalej-tak-wygladalaby-rosja-bez-swojego-prezydenta
2015-03-17;http://natemat.pl/;Co ma wspólnego Komorowski z Apple? Zagadka warta 850 mln;1;http://bartlomiejwalentynski.innpoland.pl/115863,kiedy-slonce-dzieki-ustawie-zaswieci
2015-03-17;http://natemat.pl/;Duda pokazuje, ze kampania PiS zabrnela w slepy zaulek;1;http://natemat.pl/136683,tyszkiewicz-o-muzeum-zgody-slaby-dowcip-jak-mowi-mlodziez-suchar-pokazuje-ze-kampania-dudy-zabrnela-w-slepy-zaulek
2015-03-17;http://natemat.pl/;Bulterier znów podgryza. Kurski uderza w syna Komorowskiego;1;http://natemat.pl/136693,bulterier-powrocil-jacek-kurski-uderza-w-syna-bronislawa-komorowskiego
2015-03-17;http://natemat.pl/;WYBORY;1;http://wybory.natemat.pl
2015-03-17;http://natemat.pl/;Komorowski i jego zywiol. W malych miasteczkach prezydent czuje sie jak ryba w wodzie;1;http://natemat.pl/136639,komorowski-i-jego-zywiol-podczas-spotkan-wyborczych-w-malych-miasteczkach-prezydent-czuje-sie-jak-ryba-w-wodzie
2015-03-17;http://natemat.pl/;Kretacz Duda;1;http://tomaszlis.natemat.pl/136613,kretacz-duda
2015-03-17;http://natemat.pl/;Gry polityczne. Korwin wsród przebieranców na Intel Extreme Masters;1;http://natemat.pl/136635,bitwa-o-autograf-korwin-mikke-wsrod-przebierancow-na-intel-extreme-masters-w-katowicach
2015-03-17;http://natemat.pl/;<U+2B06>Ataki Dudy splywaja po Komorowskim;1;http://natemat.pl/132313,barometr-wyborczy-natemat-zobacz-jak-dzisiaj-radzil-sobie-w-kampanii-bronislaw-komorowski
2015-03-17;http://natemat.pl/;<U+2B07>Kampania negatywna przykrywa pozytywna;1;http://natemat.pl/132315,barometr-wyborczy-natemat-zobacz-jak-dzisiaj-radzil-sobie-w-kampanii-andrzej-duda
2015-03-17;http://natemat.pl/;<U+2B07>Sztab naraza Ogórek na smiesznosc;1;barometr-wyborczy-natemat-zobacz-jak-dzisiaj-radzila-sobie-w-kampanii-magdalena-ogorek
2015-03-17;http://www.gazeta.pl;Sondaż: liderem wciąż Komorowski, ale duży skok Dudy;1;http://wiadomosci.gazeta.pl/wiadomosci/1,114871,17579233,Poparcie_dla_Dudy_rosnie__Komorowski_wygra_w_II_turze.html#BoxNewsLink
2015-03-17;http://www.gazeta.pl;Wybory w Izraelu. Premierem niekoniecznie zwycięzca?;1;http://wiadomosci.gazeta.pl/wiadomosci/1,114871,17579681,Wybory_parlamentarne_w_Izraelu__Misja_formowania_rzadu.html#BoxNewsLink
2015-03-17;http://www.dziennik.pl;Kandydat na prezydenta przyjechał na nocne zamieszki. ZDJĘCIA;3;http://wiadomosci.dziennik.pl/wydarzenia/galeria/485500,nocne-zamieszki-w-legionowie-ranny-policjant-agresywni-protestujacy-zatrzymani.html
2015-03-17;http://www.dziennik.pl;Newsweek  o teściu Dudy: Jest Żydem. Kaczyński odpowiada Lisowi;2;http://wiadomosci.dziennik.pl/polityka/artykuly/485474,newsweek-o-tesciu-dudy-zyd-kaczynski-odpowiada-lisowi.html
2015-03-17;http://www.dziennik.pl;Wielki skok Dudy! Najnowszy SONDAŻ daje mu drugą turę;2;http://wiadomosci.dziennik.pl/wybory-prezydenckie/artykuly/485479,komorowski-wygra-z-duda-dopiero-w-drugiej-turze-najnowszy-sondaz.html
2015-03-17;http://wyborcza.pl/0,0.html?piano_d=1;Najnowszy sondaż: Komorowski bez zmian, Duda i Kukiz zyskują;2;http://wyborcza.pl/1,75478,17579184,Najnowszy_sondaz__Komorowski_bez_zmian__Duda_i_Kukiz.html
2015-03-17;http://www.tvp.info/;Tylko u nas   Korwin-Mikke stawia na zbiórki publiczne. „Uczymy sie od Obamy”;2;http://www.tvp.info.pl/19287064/korwinmikke-stawia-na-zbiorki-publiczne-uczymy-sie-od-obamy
2015-03-17;http://www.wp.pl;Zaskakujacy sondaz.  Kukiz moze zaszkodzic Dudzie;4;http://wiadomosci.wp.pl/kat,1027139,title,Szykuje-sie-niespodzianka-Kukiz-moze-odebrac-glosy-Dudzie,wid,17354876,wiadomosc.html
2015-03-17;http://www.wp.pl;Frankowicze nie maja co liczyc na pomocna dlon Dudy;3;http://www.money.pl/gospodarka/wiadomosci/artykul/kredyty-we-frankach-andrzej-duda-przeciwny,19,0,1738003.html
2015-03-17;http://www.wp.pl;wazneTajna bron Korwin-Mikkego;2;http://wiadomosci.wp.pl/gid,17351105,kat,7631,title,Air-Korwin-One,galeria.html
2015-03-17;http://www.wp.pl;Roman Giertych: Duda nie ma znaczenia. I tak rządzić będzie Kaczyński;1;/kat,140394,title,Roman-Giertych-Duda-nie-ma-znaczenia-I-tak-rzadzic-bedzie-Kaczynski,wid,17354663,wiadomosc.html
2015-03-17;http://www.wprost.pl/;Najnowszy sondaż: Komorowski wygra wybory prezydenckie, ale PiS bierze parlament;3;http://www.wprost.pl/ar/498696/Najnowszy-sondaz-Komorowski-wygra-wybory-prezydenckie-ale-PiS-bierze-parlament/
2015-03-17;http://www.wprost.pl/;Komorowski podpisze ustawę o in vitro?;2;http://www.wprost.pl/ar/498703/Komorowski-podpisze-ustawe-o-in-vitro/
2015-03-17;http://www.wprost.pl/;Komorowski: Konwencja o przemocy wobec kobiet zgodna z konstytucją;2;http://www.wprost.pl/ar/498699/Komorowski-Konwencja-o-przemocy-wobec-kobiet-zgodna-z-konstytucja/
2015-03-17;http://www.wprost.pl/;Najnowszy sondaż: Komorowski wygra wybory prezydenckie, ale PiS bierze parlament;2;http://www.wprost.pl/ar/498696/Najnowszy-sondaz-Komorowski-wygra-wybory-prezydenckie-ale-PiS-bierze-parlament/
2015-03-17;http://www.wprost.pl/;Premier Izraela: Jeśli wygram wybory, Palestyna nie powstanie;2;http://www.wprost.pl/ar/498694/Premier-Izraela-Jesli-wygram-wybory-Palestyna-nie-powstanie/
2015-03-17;http://www.wprost.pl/;Korwin-Mikke postanowił być maskotką Wiplera;2;http://www.wprost.pl/ar/498692/Korwin-Mikke-postanowil-byc-maskotka-Wiplera/
2015-03-17;http://www.wprost.pl/;Duda został w weekend namaszczony na kandydata Radia Maryja;2;http://www.wprost.pl/ar/498689/Duda-zostal-w-weekend-namaszczony-na-kandydata-Radia-Maryja/
2015-03-17;http://www.wprost.pl/;Gdzie poszła kasa Palikota?;1;http://www.wprost.pl/ar/498397/Gdzie-poszla-kasa-Palikota/
2015-03-17;http://www.wprost.pl/;Wpadki Komorowskiego na Twitterze. "Powinien skupić się na Naszej Klasie";1;http://www.wprost.pl/ar/495661/Wpadki-Komorowskiego-na-Twitterze-Powinien-skupic-sie-na-Naszej-Klasie/
2015-03-17;http://www.onet.pl/;Korwin-Mikke: panstwo nie powinno wtracac sie w to, "co obywatel je, pije i pali";1;http://wiadomosci.onet.pl/warszawa/korwin-mikke-w-legionowie-zapowiada-zmiane-konstytucji/12cm3r
2015-03-17;http://www.onet.pl/;Nowa partia Korwin-Mikkego. Zaglosujecie na nia?;1;http://wiadomosci.onet.pl/tablica/nowa-partia-korwin-mikkego-zaglosujecie-na-nia,1668,1020088,153124061,watek.html
2015-03-17;http://www.newsweek.pl/;Oswiadczenie wydawcy w sprawie tekstu  Duda Gracz;4;http://polska.newsweek.pl/oswiadczenie-rasp-po-tekscie-o-dudzie-i-zarzutach-o-antysemityzm,artykuly,359224,1.html
2015-03-17;http://www.newsweek.pl/;Rekordowe poparcie dla Dudy, bedzie II tura [SONDAZ];3;http://polska.newsweek.pl/sondaz-prezydencki-rosnie-poparcie-dla-andrzeja-dudy-bedzie-ii-tura,artykuly,359212,1.html
2015-03-17;http://www.newsweek.pl/;20 kandydatów zawalczy o fotel prezydenta RP;2;http://polska.newsweek.pl/wybory-2015-wybory-prezydenckie-kandydaci-na-prezydenta,artykuly,359165,1.html
2015-03-17;http://www.newsweek.pl/;Korwin,Mikke,To,Amerykanie,zdestabilizowali,Ukraine,Ameryka,wydala,5,mld,dolarów,na,ukrainska,rewolucje,i,mogla,stac,za,zabójstwem,Niemcowa,a,aneksja,Krymu,byla,uzasadniona,powiedzial,Janusz,Korwin,Mikke;1;http://swiat.newsweek.pl/janusz-korwin-mikke-teorie-spiskowe-ameryka-chce-oslabic-rosje,artykuly,359188,1.html
2015-03-17;http://www.newsweek.pl/;Orzel,nad,Dubajem,który,zachwycil,swiat,WIDEO,Puszczony,ze,szczytu,Burdz,Chalifa,najwyzszego,budynku,na,swiecie,829,metrów,orzel,cesarski,uwiecznil,na,krótkim,filmie,wideo,zapierajaca,dech,w,piersiach,panorame,Dubaju;1;http://swiat.newsweek.pl/orzel-wypuszczony-z-burdz-chalifa-uwiecznil-panorame-dubaju-,film,359173.html
2015-03-17;http://www.tvn24.pl/;Duda: potrzebujemy repolonizacji banków, bo robia z nami, co chca;3;http://www.tvn24.pl/duda-chce-repolonizacji-bankow,524903,s.html
2015-03-17;http://www.tvn24.pl/;Odtwórz: Duda: potrzebujemy repolonizacji banków, bo robia z nami, co chca;3;http://www.tvn24.pl/duda-chce-repolonizacji-bankow,524903,s.html#autoplay
2015-03-17;http://www.tvn24.pl/;Duda ma wieksze doswiadczenie niz Obama;3;/wiadomosci-z-kraju,3/duda-ma-wieksze-doswiadczenie-niz-obama,522579.html
2015-03-17;http://www.tvn24.pl/;Zgloszenie budowy zamiast pozwolenia. Prezydent podpisal nowe prawo;3;http://tvn24bis.pl/redirect/prezydent-podpisal-nowelizacje-prawa-budowlanego,524707.html
2015-03-17;http://www.tvn24.pl/;Weiss o wyborach w Izraelu: mozliwy precedens, jak wybór Obamy na prezydenta;3;http://www.tvn24.pl/szewach-weiss-o-wyborach-precedens-jak-wybor-obamy-na-prezydenta,524842,s.html
2015-03-17;http://www.tvn24.pl/;Duda: potrzebujemy repolonizacji banków, bo robia z nami, co chca;2;http://www.tvn24.pl/duda-potrzebujemy-repolonizacji-bankow-bo-robia-z-nami-co-chca,524903,s.html
2015-03-17;http://www.tvn24.pl/;Zgloszenie budowy zamiast pozwolenia. Prezydent podpisal nowe prawo;2;http://tvn24bis.pl/redirect/zgloszenie-budowy-zamiast-pozwolenia-prezydent-podpisal-nowe-prawo,524707.html
2015-03-17;http://www.tvn24.pl/;Weiss o wyborach w Izraelu: mozliwy precedens, jak wybór Obamy na prezydenta;2;http://www.tvn24.pl/weiss-o-wyborach-w-izraelu-mozliwy-precedens-jak-wybor-obamy-na-prezydenta,524842,s.html
2015-03-17;http://www.tvn24.pl/;Duda: potrzebujemy repolonizacji banków, bo robia z nami, co chca;1;http://www.tvn24.pl/duda-chce-repolonizacji-bankow,524903,s.html
2015-03-17;http://www.tvn24.pl/;Odtwórz: Duda: potrzebujemy repolonizacji banków, bo robia z nami, co chca;1;http://www.tvn24.pl/duda-chce-repolonizacji-bankow,524903,s.html#autoplay
2015-03-17;http://www.tvn24.pl/;Duda ma wieksze doswiadczenie niz Obama;1;http://www.tvn24.pl/wiadomosci-z-kraju,3/duda-ma-wieksze-doswiadczenie-niz-obama,522579.html
2015-03-17;http://www.tvn24.pl/;Zgloszenie budowy zamiast pozwolenia. Prezydent podpisal nowe prawo;1;http://tvn24bis.pl/redirect/prezydent-podpisal-nowelizacje-prawa-budowlanego,524707.html
2015-03-17;http://www.tvn24.pl/;Weiss o wyborach w Izraelu: mozliwy precedens, jak wybór Obamy na prezydenta;1;http://www.tvn24.pl/szewach-weiss-o-wyborach-precedens-jak-wybor-obamy-na-prezydenta,524842,s.html
2015-03-17;http://natemat.pl/;Andrzej Duda wzywa do  repolonizacji banków . Nizsze oplaty i prowizje;3;http://natemat.pl/136843,andrzej-duda-wzywa-do-repolonizacji-bankow-chce-nizszych-oplat-i-prowizji
2015-03-17;http://natemat.pl/;Zobacz, jak dzisiaj radzil sobie Duda;3;http://natemat.pl/132315,barometr-wyborczy-natemat-zobacz-jak-dzisiaj-radzil-sobie-w-kampanii-andrzej-duda
2015-03-17;http://natemat.pl/;Nawet Rosjanie pisza o interwencji ochrony.  Chcial zadac pytanie Komorowskiemu;1;http://natemat.pl/136833,rosjanie-pisza-o-interwencji-bor-chcial-zadac-pytanie-prezydentowi-komorowskiemu
2015-03-17;http://natemat.pl/;Wybory na prezydenta czy do episkopatu? Kandydaci licytuja sie wiara;1;http://natemat.pl/136737,wybory-na-prezydenta-czy-do-episkopatu-kandydaci-nie-wykorzystujcie-kosciola
2015-03-17;http://natemat.pl/;Pawel Kukiz zebral 100 tys. podpisów.  W piatek rejestruje sie jako kandydat na prezydenta;1;http://natemat.pl/136783,pawel-kukiz-zebral-100-000-podpisow-w-piatek-rejestruje-sie-jako-kandydat-na-prezydenta
2015-03-17;http://natemat.pl/;Putin powrócil. Prezydent Rosji w koncu pokazal sie publicznie;1;http://natemat.pl/136713,putin-mowil-w-tv-o-krymie-moglismy-postawic-sily-atomowe-w-stan-gotowosci
2015-03-17;http://natemat.pl/;Tak wygladalaby Rosja bez prezydenta;1;http://natemat.pl/136483,putin-nie-zyje-i-co-dalej-tak-wygladalaby-rosja-bez-swojego-prezydenta
2015-03-17;http://natemat.pl/;Zaskakujacy sondaz. Gdyby wybory odbyly sie dzis, zadna partia nie weszlaby do Sejmu;1;http://aszdziennik.pl/114589,zaskakujacy-sondaz-gdyby-wybory-odbyly-sie-dzis-zadna-partia-nie-dostalaby-sie-do-sejmu
2015-03-17;http://natemat.pl/;<U+2B06>Ataki Dudy splywaja po Komorowskim;1;http://natemat.pl/132313,barometr-wyborczy-natemat-zobacz-jak-dzisiaj-radzil-sobie-w-kampanii-bronislaw-komorowski
2015-03-17;http://natemat.pl/;<U+2B07>Kampania negatywna przykrywa pozytywna;1;http://natemat.pl/132315,barometr-wyborczy-natemat-zobacz-jak-dzisiaj-radzil-sobie-w-kampanii-andrzej-duda
2015-03-17;http://natemat.pl/;<U+2B07>Sztab naraza Ogórek na smiesznosc;1;barometr-wyborczy-natemat-zobacz-jak-dzisiaj-radzila-sobie-w-kampanii-magdalena-ogorek
2015-03-17;http://www.gazeta.pl;Bojowe szkolenia Ukraińców odbywały się w Polsce? Szef MON odpowiada na zarzuty prezydenta Putina;2;http://wiadomosci.gazeta.pl/wiadomosci/1,114871,17580168,Siemoniak__Oskarzenia_Putina_pod_adresem_Polski_nie.html#BoxNewsImg
2015-03-17;http://www.dziennik.pl;Kandydat na prezydenta przyjechał na nocne zamieszki. FOTO;2;http://wiadomosci.dziennik.pl/wydarzenia/galeria/485500,nocne-zamieszki-w-legionowie-ranny-policjant-agresywni-protestujacy-zatrzymani.html
2015-03-17;http://www.dziennik.pl;Newsweek  o teściu Dudy: Jest Żydem. Kaczyński odpowiada Lisowi;2;http://wiadomosci.dziennik.pl/polityka/artykuly/485474,newsweek-o-tesciu-dudy-zyd-kaczynski-odpowiada-lisowi.html
2015-03-17;http://www.dziennik.pl;PKW pędzi z nowym systemem.  To jest pomysł paniczny...;2;http://wiadomosci.dziennik.pl/wybory-prezydenckie/artykuly/485504,wybory-pkw-chce-3-miliony-wiecej-na-nowy-system-informatyczny.html
2015-03-17;http://www.dziennik.pl;Newsweek  o teściu Dudy: Jest Żydem. Kaczyński odpowiada Lisowi;1;http://wiadomosci.dziennik.pl/polityka/artykuly/485474,newsweek-o-tesciu-dudy-zyd-kaczynski-odpowiada-lisowi.html
2015-03-17;http://wyborcza.pl/0,0.html?piano_d=1;Kukiz zebrał wymagane podpisy, ale chce więcej. Celuje w 200 tys.;2;http://wyborcza.pl/1,75478,17579767,Kukiz_zebral_podpisy__Celuje_w_200_tysiecy.html
2015-03-17;http://www.tvp.info/;Andrzej Duda: trzeba repolonizowac banki, bo robia z nami co chca;2;http://www.tvp.info.pl/19288553/andrzej-duda-trzeba-repolonizowac-banki-bo-robia-z-nami-co-chca
2015-03-17;http://www.wp.pl;Zaskakujacy sondaz.  Kukiz moze zaszkodzic Dudzie;4;http://wiadomosci.wp.pl/kat,1027139,title,Szykuje-sie-niespodzianka-Kukiz-moze-odebrac-glosy-Dudzie,wid,17354876,wiadomosc.html
2015-03-17;http://www.wp.pl;Frankowicze nie maja co liczyc na pomocna dlon Dudy;3;http://www.money.pl/gospodarka/wiadomosci/artykul/kredyty-we-frankach-andrzej-duda-przeciwny,19,0,1738003.html
2015-03-17;http://www.wp.pl;1 godz.Mocny apel dw�ch poslanek PO do Dudy;2;http://wiadomosci.wp.pl/kat,1342,title,Apel-do-Andrzeja-Dudy-ws-in-vitro-Czy-pan-ma-w-ogole-swoje-zdanie-w-tej-kwestii,wid,17355284,wiadomosc.html
2015-03-17;http://www.wp.pl;Szykuje się niespodzianka?  Kukiz może odebrać głosy Dudzie;1;/kat,140394,title,Szykuje-sie-niespodzianka-Kukiz-moze-odebrac-glosy-Dudzie,wid,17354876,wiadomosc.html
2015-03-17;http://www.wp.pl;Roman Giertych: Duda nie ma znaczenia. I tak rządzić będzie Kaczyński;1;/kat,140394,title,Roman-Giertych-Duda-nie-ma-znaczenia-I-tak-rzadzic-bedzie-Kaczynski,wid,17354663,wiadomosc.html
2015-03-17;http://www.wprost.pl/;Najnowszy sondaż: Komorowski wygra wybory prezydenckie, ale PiS bierze parlament;3;http://www.wprost.pl/ar/498696/Najnowszy-sondaz-Komorowski-wygra-wybory-prezydenckie-ale-PiS-bierze-parlament/
2015-03-17;http://www.wprost.pl/;Korwin-Mikke: Ludzi nie można traktować jak bydło i zabraniać im...;2;http://www.wprost.pl/ar/498720/Korwin-Mikke-Ludzi-nie-mozna-traktowac-jak-bydlo-i-zabraniac-im/
2015-03-17;http://www.wprost.pl/;Prezydent: Tu ginęli też żołnierze radzieccy. Trzeba o nich pamiętać;2;http://www.wprost.pl/ar/498717/Prezydent-Tu-gineli-tez-zolnierze-radzieccy-Trzeba-o-nich-pamietac/
2015-03-17;http://www.wprost.pl/;Komorowski podpisze ustawę o in vitro?;2;http://www.wprost.pl/ar/498703/Komorowski-podpisze-ustawe-o-in-vitro/
2015-03-17;http://www.wprost.pl/;Komorowski: Konwencja o przemocy wobec kobiet zgodna z konstytucją;2;http://www.wprost.pl/ar/498699/Komorowski-Konwencja-o-przemocy-wobec-kobiet-zgodna-z-konstytucja/
2015-03-17;http://www.wprost.pl/;Gdzie poszła kasa Palikota?;1;http://www.wprost.pl/ar/498397/Gdzie-poszla-kasa-Palikota/
2015-03-17;http://www.wprost.pl/;Wpadki Komorowskiego na Twitterze. "Powinien skupić się na Naszej Klasie";1;http://www.wprost.pl/ar/495661/Wpadki-Komorowskiego-na-Twitterze-Powinien-skupic-sie-na-Naszej-Klasie/
2015-03-17;http://www.newsweek.pl/;Oswiadczenie wydawcy w sprawie tekstu  Duda Gracz;4;http://polska.newsweek.pl/oswiadczenie-rasp-po-tekscie-o-dudzie-i-zarzutach-o-antysemityzm,artykuly,359224,1.html
2015-03-17;http://www.newsweek.pl/;Rekordowe poparcie dla Dudy, bedzie II tura [SONDAZ];2;http://polska.newsweek.pl/sondaz-prezydencki-rosnie-poparcie-dla-andrzeja-dudy-bedzie-ii-tura,artykuly,359212,1.html
2015-03-17;http://www.newsweek.pl/;Swiat,Korwin,Mikke,To,Amerykanie,zdestabilizowali,Ukraine,Ameryka,wydala,5,mld,dolarów,na,ukrainska,rewolucje,i,mogla,stac,za,zabójstwem,Niemcowa,a,aneksja,Krymu,byla,uzasadniona,powiedzial,Janusz,Korwin,Mikke;1;http://swiat.newsweek.pl/janusz-korwin-mikke-teorie-spiskowe-ameryka-chce-oslabic-rosje,artykuly,359188,1.html
2015-03-17;http://www.newsweek.pl/;Iskander,Rosyjskie,rakiety,balistyczne,w,poblizu,polskiej,granicy,Rosja,przerzuca,do,obwodu,kaliningradzkiego,rakiety,balistyczne,Iskander,M,a,takze,przebazowuje,tam,lotnictwo,mysliwskie,oraz,bombowe;1;http://swiat.newsweek.pl/rosyjskie-rakiety-balistyczne-w-poblizu-polskiej-granicy,artykuly,359239,1.html
2015-03-17;http://www.tvn24.pl/;Duda: potrzebujemy repolonizacji banków, bo robia z nami, co chca;3;http://www.tvn24.pl/duda-chce-repolonizacji-bankow,524903,s.html
2015-03-17;http://www.tvn24.pl/;Odtwórz: Duda: potrzebujemy repolonizacji banków, bo robia z nami, co chca;3;http://www.tvn24.pl/duda-chce-repolonizacji-bankow,524903,s.html#autoplay
2015-03-17;http://www.tvn24.pl/;Weiss o wyborach w Izraelu: mozliwy precedens, jak wybór Obamy na prezydenta;3;http://www.tvn24.pl/szewach-weiss-o-wyborach-precedens-jak-wybor-obamy-na-prezydenta,524842,s.html
2015-03-17;http://www.tvn24.pl/;Duda: potrzebujemy repolonizacji banków, bo robia z nami, co chca;2;http://www.tvn24.pl/duda-potrzebujemy-repolonizacji-bankow-bo-robia-z-nami-co-chca,524903,s.html
2015-03-17;http://www.tvn24.pl/;Weiss o wyborach w Izraelu: mozliwy precedens, jak wybór Obamy na prezydenta;2;http://www.tvn24.pl/weiss-o-wyborach-w-izraelu-mozliwy-precedens-jak-wybor-obamy-na-prezydenta,524842,s.html
2015-03-17;http://www.tvn24.pl/;Duda: potrzebujemy repolonizacji banków, bo robia z nami, co chca;1;http://www.tvn24.pl/duda-chce-repolonizacji-bankow,524903,s.html
2015-03-17;http://www.tvn24.pl/;Odtwórz: Duda: potrzebujemy repolonizacji banków, bo robia z nami, co chca;1;http://www.tvn24.pl/duda-chce-repolonizacji-bankow,524903,s.html#autoplay
2015-03-17;http://www.tvn24.pl/;Weiss o wyborach w Izraelu: mozliwy precedens, jak wybór Obamy na prezydenta;1;http://www.tvn24.pl/szewach-weiss-o-wyborach-precedens-jak-wybor-obamy-na-prezydenta,524842,s.html
2015-03-17;http://natemat.pl/;Andrzej Duda wzywa do  repolonizacji banków . Nizsze oplaty i prowizje;3;http://natemat.pl/136843,andrzej-duda-wzywa-do-repolonizacji-bankow-chce-nizszych-oplat-i-prowizji
2015-03-17;http://natemat.pl/;Nawet Rosjanie pisza o interwencji ochrony.  Chcial zadac pytanie Komorowskiemu;1;http://natemat.pl/136833,rosjanie-pisza-o-interwencji-bor-chcial-zadac-pytanie-prezydentowi-komorowskiemu
2015-03-17;http://natemat.pl/;Pawel Kukiz zebral 100 tys. podpisów.  W piatek rejestruje sie jako kandydat na prezydenta;1;http://natemat.pl/136783,pawel-kukiz-zebral-100-000-podpisow-w-piatek-rejestruje-sie-jako-kandydat-na-prezydenta
2015-03-17;http://natemat.pl/;Putin powrócil. Prezydent Rosji w koncu pokazal sie publicznie;1;http://natemat.pl/136713,putin-mowil-w-tv-o-krymie-moglismy-postawic-sily-atomowe-w-stan-gotowosci
2015-03-17;http://natemat.pl/;Tak wygladalaby Rosja bez prezydenta;1;http://natemat.pl/136483,putin-nie-zyje-i-co-dalej-tak-wygladalaby-rosja-bez-swojego-prezydenta
2015-03-17;http://natemat.pl/;Zaskakujacy sondaz. Gdyby wybory odbyly sie dzis, zadna partia nie weszlaby do Sejmu;1;http://aszdziennik.pl/114589,zaskakujacy-sondaz-gdyby-wybory-odbyly-sie-dzis-zadna-partia-nie-dostalaby-sie-do-sejmu
2015-03-17;http://natemat.pl/;<U+2B06>Ataki Dudy splywaja po Komorowskim;1;http://natemat.pl/132313,barometr-wyborczy-natemat-zobacz-jak-dzisiaj-radzil-sobie-w-kampanii-bronislaw-komorowski
2015-03-17;http://natemat.pl/;<U+2B07>Kampania negatywna przykrywa pozytywna;1;http://natemat.pl/132315,barometr-wyborczy-natemat-zobacz-jak-dzisiaj-radzil-sobie-w-kampanii-andrzej-duda
2015-03-17;http://natemat.pl/;<U+2B07>Sztab naraza Ogórek na smiesznosc;1;barometr-wyborczy-natemat-zobacz-jak-dzisiaj-radzila-sobie-w-kampanii-magdalena-ogorek
2015-03-17;http://www.gazeta.pl;Szef MON odpowiada na zarzuty prezydenta Putina;1;http://wiadomosci.gazeta.pl/wiadomosci/1,114871,17580168,Siemoniak__Oskarzenia_Putina_pod_adresem_Polski_nie.html#BoxNewsLink
2015-03-17;http://www.dziennik.pl;Kandydat na prezydenta przyjechał na nocne zamieszki. FOTO;2;http://wiadomosci.dziennik.pl/wydarzenia/galeria/485500,nocne-zamieszki-w-legionowie-ranny-policjant-agresywni-protestujacy-zatrzymani.html
2015-03-17;http://www.dziennik.pl;Newsweek  o teściu Dudy: Jest Żydem. Kaczyński odpowiada Lisowi;1;http://wiadomosci.dziennik.pl/polityka/artykuly/485474,newsweek-o-tesciu-dudy-zyd-kaczynski-odpowiada-lisowi.html
2015-03-17;http://wyborcza.pl/0,0.html?piano_d=1;Skąd w PiS nerwowość na wieść o teściu Dudy? Bo dla jego elektoratu żydowskie korzenie są podejrzane;4;http://wyborcza.pl/1,75968,17581245,Skad_w_PiS_nerwowosc_na_wiesc_o_tesciu_Dudy__Dla_jego.html
2015-03-17;http://wyborcza.pl/0,0.html?piano_d=1;Kukiz zebrał wymagane podpisy, ale chce więcej. Celuje w 200 tys.;2;http://wyborcza.pl/1,75478,17579767,Kukiz_zebral_podpisy__Celuje_w_200_tysiecy.html
2015-03-17;http://www.wp.pl;2 godz. Kukiz moze odebrac glosy Dudzie;2;http://wiadomosci.wp.pl/kat,140394,title,Szykuje-sie-niespodzianka-Kukiz-moze-odebrac-glosy-Dudzie,wid,17354876,wiadomosc.html
2015-03-17;http://www.wp.pl;PKW odmówiła rejestracji dwóch komitetów;1;/kat,140394,title,PKW-odmowila-rejestracji-dwoch-komitetow,wid,17356629,wiadomosc.html
2015-03-17;http://www.wp.pl;Bronisław Komorowski: chcę spokojnej pracy dla nas wszystkich;1;/kat,140394,title,Bronislaw-Komorowski-chce-spokojnej-pracy-dla-nas-wszystkich,wid,17356573,wiadomosc.html
2015-03-17;http://www.wp.pl;Bronkobus ostrzelany w Kielcach kulami z farbą. Sprawcy odpowiedzą za wykroczenie;1;/kat,140394,title,Bronkobus-ostrzelany-w-Kielcach-kulami-z-farba-Sprawcy-odpowiedza-za-wykroczenie,wid,17355633,wiadomosc.html
2015-03-17;http://www.wp.pl;Szykuje się niespodzianka?  Kukiz może odebrać głosy Dudzie;1;/kat,140394,title,Szykuje-sie-niespodzianka-Kukiz-moze-odebrac-glosy-Dudzie,wid,17354876,wiadomosc.html
2015-03-17;http://www.wp.pl;Roman Giertych: Duda nie ma znaczenia. I tak rządzić będzie Kaczyński;1;/kat,140394,title,Roman-Giertych-Duda-nie-ma-znaczenia-I-tak-rzadzic-bedzie-Kaczynski,wid,17354663,wiadomosc.html
2015-03-17;http://www.wprost.pl/;Komorowski: Tu ginęli żołnierze radzieccy. Nałęcz: Kto to kwestionuje, jest propagandystą;4;http://www.wprost.pl/ar/498752/Komorowski-Tu-gineli-zolnierze-radzieccy-Nalecz-Kto-to-kwestionuje-jest-propagandysta/
2015-03-17;http://www.wprost.pl/;Najnowszy sondaż: Komorowski wygra wybory prezydenckie, ale PiS bierze parlament;3;http://www.wprost.pl/ar/498696/Najnowszy-sondaz-Komorowski-wygra-wybory-prezydenckie-ale-PiS-bierze-parlament/
2015-03-17;http://www.wprost.pl/;Komorowski: Tu ginęli żołnierze radzieccy. Nałęcz: Kto to kwestionuje, jest propagandystą;2;http://www.wprost.pl/ar/498752/Komorowski-Tu-gineli-zolnierze-radzieccy-Nalecz-Kto-to-kwestionuje-jest-propagandysta/
2015-03-17;http://www.wprost.pl/;Kukiz zebrał 100 tysięcy podpisów;2;http://www.wprost.pl/ar/498735/Kukiz-zebral-100-tysiecy-podpisow/
2015-03-17;http://www.wprost.pl/;Komorowski: Tu ginęli żołnierze radzieccy. Nałęcz: Kto to kwestionuje, jest propagandystą;1;http://www.wprost.pl/ar/498752/Komorowski-Tu-gineli-zolnierze-radzieccy-Nalecz-Kto-to-kwestionuje-jest-propagandysta/
2015-03-17;http://www.wprost.pl/;Gdzie poszła kasa Palikota?;1;http://www.wprost.pl/ar/498397/Gdzie-poszla-kasa-Palikota/
2015-03-17;http://www.newsweek.pl/;Oswiadczenie wydawcy w sprawie tekstu  Duda Gracz;4;http://polska.newsweek.pl/oswiadczenie-rasp-po-tekscie-o-dudzie-i-zarzutach-o-antysemityzm,artykuly,359224,1.html
2015-03-17;http://www.newsweek.pl/;Rekordowe poparcie dla Dudy, bedzie II tura [SONDAZ];2;http://polska.newsweek.pl/sondaz-prezydencki-rosnie-poparcie-dla-andrzeja-dudy-bedzie-ii-tura,artykuly,359212,1.html
2015-03-17;http://www.newsweek.pl/;Swiat,Korwin,Mikke,To,Amerykanie,zdestabilizowali,Ukraine,Ameryka,wydala,5,mld,dolarów,na,ukrainska,rewolucje,i,mogla,stac,za,zabójstwem,Niemcowa,a,aneksja,Krymu,byla,uzasadniona,powiedzial,Janusz,Korwin,Mikke;1;http://swiat.newsweek.pl/janusz-korwin-mikke-teorie-spiskowe-ameryka-chce-oslabic-rosje,artykuly,359188,1.html
2015-03-17;http://www.newsweek.pl/;Niezaszczepieni,chorzy,na,nasze,zyczenie,W,tym,odcinku,cyklu,naukowego,Newsweeka,oraz,Centrum,Nauki,Kopernik,sprawdzamy,czy,groza,nam,epidemie,chorób,zakaznych;1;http://nauka.newsweek.pl/dlaczego-warto-szczepic-dzieci,artykuly,359255,1.html
2015-03-17;http://www.tvn24.pl/;Transparenty, gwizdy i okrzyki. A prezydent mówi o zgodzie;3;http://www.tvn24.pl/wideo/z-anteny/transparenty-gwizdy-i-okrzyki-w-koszalinie-komorowski-mowi-o-zgodzie,1402414.html?playlist_id=18201
2015-03-17;http://www.tvn24.pl/;Odtwórz: Transparenty, gwizdy i okrzyki. A prezydent mówi o zgodzie;3;http://www.tvn24.pl/wideo/z-anteny/transparenty-gwizdy-i-okrzyki-w-koszalinie-komorowski-mowi-o-zgodzie,1402414.html?playlist_id=18201
2015-03-17;http://www.tvn24.pl/;Transparenty, gwizdy i okrzyki. A prezydent mówi o zgodzie;1;http://www.tvn24.pl/wideo/z-anteny/transparenty-gwizdy-i-okrzyki-w-koszalinie-komorowski-mowi-o-zgodzie,1402414.html?playlist_id=18201
2015-03-17;http://www.tvn24.pl/;Odtwórz: Transparenty, gwizdy i okrzyki. A prezydent mówi o zgodzie;1;http://www.tvn24.pl/wideo/z-anteny/transparenty-gwizdy-i-okrzyki-w-koszalinie-komorowski-mowi-o-zgodzie,1402414.html?playlist_id=18201
2015-03-17;http://natemat.pl/;Andrzej Duda wzywa do  repolonizacji banków . Nizsze oplaty i prowizje;1;http://natemat.pl/136843,andrzej-duda-wzywa-do-repolonizacji-bankow-chce-nizszych-oplat-i-prowizji
2015-03-17;http://natemat.pl/;Zobacz, jak dzisiaj radzil sobie Duda;1;http://natemat.pl/132315,barometr-wyborczy-natemat-zobacz-jak-dzisiaj-radzil-sobie-w-kampanii-andrzej-duda
2015-03-17;http://natemat.pl/;Zaskakujacy sondaz. Gdyby wybory odbyly sie dzis, zadna partia nie weszlaby do Sejmu;1;http://aszdziennik.pl/114589,zaskakujacy-sondaz-gdyby-wybory-odbyly-sie-dzis-zadna-partia-nie-dostalaby-sie-do-sejmu
2015-03-17;http://www.dziennik.pl;Ciupaga symbolem zgody? Sztab PiS bije w Komorowskiego;2;http://wiadomosci.dziennik.pl/wybory-prezydenckie/galeria/485444,wybory-prezydenckie-2015-sztab-pis-bije-w-prezydenta-muzeum-zgody-im-bronislawa-komorowskiego.html
2015-03-17;http://www.dziennik.pl;Newsweek  o teściu Dudy: Jest Żydem. Kaczyński odpowiada Lisowi;1;http://wiadomosci.dziennik.pl/polityka/artykuly/485474,newsweek-o-tesciu-dudy-zyd-kaczynski-odpowiada-lisowi.html
2015-03-17;http://wyborcza.pl/0,0.html?piano_d=1;Skąd w PiS nerwowość na wieść o teściu Dudy? Bo dla jego elektoratu żydowskie korzenie są podejrzane;4;http://wyborcza.pl/1,75968,17581245,Skad_w_PiS_nerwowosc_na_wiesc_o_tesciu_Dudy__Dla_jego.html
2015-03-17;http://wyborcza.pl/0,0.html?piano_d=1;Prezydent Komorowski o Armii Czerwonej i PGR-ach;2;http://wyborcza.pl/1,75478,17582719,Prezydent_Komorowski_w_Kolobrzegu_i_Koszalinie__Wykorzystalismy.html
2015-03-17;http://www.tvp.info/;Tylko u nas    Prof. Nalecz: falszywym ciosem chce sie uderzyc w prezydenta i w jego syna;2;http://www.tvp.info.pl/19292385/falszywym-ciosem-chce-sie-uderzyc-w-prezydenta-i-w-jego-syna
2015-03-17;http://www.wp.pl;4 godz. Kukiz moze odebrac glosy Dudzie;2;http://wiadomosci.wp.pl/kat,140394,title,Szykuje-sie-niespodzianka-Kukiz-moze-odebrac-glosy-Dudzie,wid,17354876,wiadomosc.html
2015-03-17;http://www.wp.pl;PKW odmówiła rejestracji dwóch komitetów;1;/kat,140394,title,PKW-odmowila-rejestracji-dwoch-komitetow,wid,17356629,wiadomosc.html
2015-03-17;http://www.wp.pl;Bronisław Komorowski: chcę spokojnej pracy dla nas wszystkich;1;/kat,140394,title,Bronislaw-Komorowski-chce-spokojnej-pracy-dla-nas-wszystkich,wid,17356573,wiadomosc.html
2015-03-17;http://www.wp.pl;Bronkobus ostrzelany w Kielcach kulami z farbą. Sprawcy odpowiedzą za wykroczenie;1;/kat,140394,title,Bronkobus-ostrzelany-w-Kielcach-kulami-z-farba-Sprawcy-odpowiedza-za-wykroczenie,wid,17355633,wiadomosc.html
2015-03-17;http://www.wp.pl;Szykuje się niespodzianka?  Kukiz może odebrać głosy Dudzie;1;/kat,140394,title,Szykuje-sie-niespodzianka-Kukiz-moze-odebrac-glosy-Dudzie,wid,17354876,wiadomosc.html
2015-03-17;http://www.wp.pl;Roman Giertych: Duda nie ma znaczenia. I tak rządzić będzie Kaczyński;1;/kat,140394,title,Roman-Giertych-Duda-nie-ma-znaczenia-I-tak-rzadzic-bedzie-Kaczynski,wid,17354663,wiadomosc.html
2015-03-17;http://www.wprost.pl/;Komorowski: Tu ginęli żołnierze radzieccy. Nałęcz: Kto to kwestionuje, jest propagandystą;4;http://www.wprost.pl/ar/498752/Komorowski-Tu-gineli-zolnierze-radzieccy-Nalecz-Kto-to-kwestionuje-jest-propagandysta/
2015-03-17;http://www.wprost.pl/;Kempa: Nie grajmy sprawą in vitro w czasie kampanii;2;http://www.wprost.pl/ar/498760/Kempa-Nie-grajmy-sprawa-in-vitro-w-czasie-kampanii/
2015-03-17;http://www.wprost.pl/;Komorowski: Tu ginęli żołnierze radzieccy. Nałęcz: Kto to kwestionuje, jest propagandystą;2;http://www.wprost.pl/ar/498752/Komorowski-Tu-gineli-zolnierze-radzieccy-Nalecz-Kto-to-kwestionuje-jest-propagandysta/
2015-03-17;http://www.wprost.pl/;Komorowski: Tu ginęli żołnierze radzieccy. Nałęcz: Kto to kwestionuje, jest propagandystą;1;http://www.wprost.pl/ar/498752/Komorowski-Tu-gineli-zolnierze-radzieccy-Nalecz-Kto-to-kwestionuje-jest-propagandysta/
2015-03-17;http://www.wprost.pl/;Gdzie poszła kasa Palikota?;1;http://www.wprost.pl/ar/498397/Gdzie-poszla-kasa-Palikota/
2015-03-17;http://www.onet.pl/;Kukiz ujawnia, skad bierze pieniadze na swoja kampanie;2;http://wiadomosci.onet.pl/tylko-w-onecie/pawel-kukiz-poswiecam-caly-swoj-czas-z-przerwa-na-sen/7q4ebf
2015-03-17;http://www.newsweek.pl/;Oswiadczenie wydawcy w sprawie tekstu  Duda Gracz;4;http://polska.newsweek.pl/oswiadczenie-rasp-po-tekscie-o-dudzie-i-zarzutach-o-antysemityzm,artykuly,359224,1.html
2015-03-17;http://www.newsweek.pl/;Rekordowe poparcie dla Dudy, bedzie II tura [SONDAZ];2;http://polska.newsweek.pl/sondaz-prezydencki-rosnie-poparcie-dla-andrzeja-dudy-bedzie-ii-tura,artykuly,359212,1.html
2015-03-17;http://www.newsweek.pl/;Swiat,Korwin,Mikke,To,Amerykanie,zdestabilizowali,Ukraine,Ameryka,wydala,5,mld,dolarów,na,ukrainska,rewolucje,i,mogla,stac,za,zabójstwem,Niemcowa,a,aneksja,Krymu,byla,uzasadniona,powiedzial,Janusz,Korwin,Mikke;1;http://swiat.newsweek.pl/janusz-korwin-mikke-teorie-spiskowe-ameryka-chce-oslabic-rosje,artykuly,359188,1.html
2015-03-17;http://www.newsweek.pl/;Polak,który,zachwycil,swiat,w,rozmowie,z,Newsweekiem,Nie,bylo,ani,jednego,momentu,zawahania,mysli,o,niebezpieczenstwie,Caly,przejazd,dobrze,zaplanowalem,przeszedlem,sie,po,trasie,kilka,razy,i,wiedzialem,czego,sie;1;http://sport.newsweek.pl/michal-kollbek-przejechal-rowerem-white-line-nieslychany-przejazd,artykuly,359218,1.html
2015-03-17;http://www.tvn24.pl/;W Koszalinie  nie dla Bronka . Ogórek spada z podium i mierzy sie z krytyka;3;http://www.tvn24.pl/wtorek-z-kampania-prezydencka-komorowski-wygwizdany-w-koszalinie,525090,s.html
2015-03-17;http://www.tvn24.pl/;Transparenty, gwizdy i okrzyki. A prezydent mówi o zgodzie;3;http://www.tvn24.pl/wideo/z-anteny/transparenty-gwizdy-i-okrzyki-w-koszalinie-komorowski-mowi-o-zgodzie,1402414.html?playlist_id=18201
2015-03-17;http://www.tvn24.pl/;Odtwórz: Transparenty, gwizdy i okrzyki. A prezydent mówi o zgodzie;3;http://www.tvn24.pl/wideo/z-anteny/transparenty-gwizdy-i-okrzyki-w-koszalinie-komorowski-mowi-o-zgodzie,1402414.html?playlist_id=18201
2015-03-17;http://www.tvn24.pl/;W Koszalinie  nie dla Bronka . Ogórek spada z podium i mierzy sie z krytyka;2;http://www.tvn24.pl/wiadomosci-z-kraju,3/w-koszalinie-nie-dla-bronka-ogorek-spada-z-podium-i-mierzy-sie-z-krytyka,525090.html
2015-03-17;http://www.tvn24.pl/;W Koszalinie  nie dla Bronka . Ogórek spada z podium i mierzy sie z krytyka;2;http://www.tvn24.pl/w-koszalinie-nie-dla-bronka-ogorek-spada-z-podium-i-mierzy-sie-z-krytyka,525090,s.html
2015-03-17;http://www.tvn24.pl/;W Koszalinie  nie dla Bronka . Ogórek spada z podium i mierzy sie z krytyka;1;http://www.tvn24.pl/wtorek-z-kampania-prezydencka-komorowski-wygwizdany-w-koszalinie,525090,s.html
2015-03-17;http://www.tvn24.pl/;Transparenty, gwizdy i okrzyki. A prezydent mówi o zgodzie;1;http://www.tvn24.pl/wideo/z-anteny/transparenty-gwizdy-i-okrzyki-w-koszalinie-komorowski-mowi-o-zgodzie,1402414.html?playlist_id=18201
2015-03-17;http://www.tvn24.pl/;Odtwórz: Transparenty, gwizdy i okrzyki. A prezydent mówi o zgodzie;1;http://www.tvn24.pl/wideo/z-anteny/transparenty-gwizdy-i-okrzyki-w-koszalinie-komorowski-mowi-o-zgodzie,1402414.html?playlist_id=18201
2015-03-17;http://natemat.pl/;Andrzej Duda wzywa do  repolonizacji banków . Nizsze oplaty i prowizje;1;http://natemat.pl/136843,andrzej-duda-wzywa-do-repolonizacji-bankow-chce-nizszych-oplat-i-prowizji
2015-03-17;http://natemat.pl/;Zobacz, jak dzisiaj radzil sobie Duda;1;http://natemat.pl/132315,barometr-wyborczy-natemat-zobacz-jak-dzisiaj-radzil-sobie-w-kampanii-andrzej-duda
2015-03-17;http://www.dziennik.pl;Ciupaga symbolem zgody? Sztab PiS bije w Komorowskiego;2;http://wiadomosci.dziennik.pl/wybory-prezydenckie/galeria/485444,wybory-prezydenckie-2015-sztab-pis-bije-w-prezydenta-muzeum-zgody-im-bronislawa-komorowskiego.html
2015-03-17;http://www.dziennik.pl;PO: Duda atakuje KNF z powodu SKOK-ów;1;http://wiadomosci.dziennik.pl/polityka/artykuly/485567,po-duda-atakuje-knf-z-powodu-skok-ow.html
2015-03-17;http://www.dziennik.pl;Newsweek  o teściu Dudy: Jest Żydem. Kaczyński odpowiada Lisowi;1;http://wiadomosci.dziennik.pl/polityka/artykuly/485474,newsweek-o-tesciu-dudy-zyd-kaczynski-odpowiada-lisowi.html
2015-03-17;http://wyborcza.pl/0,0.html?piano_d=1;Skąd w PiS nerwowość na wieść o teściu Dudy? Bo dla jego elektoratu żydowskie korzenie są podejrzane;4;http://wyborcza.pl/1,75968,17581245,Skad_w_PiS_nerwowosc_na_wiesc_o_tesciu_Dudy__Dla_jego.html
2015-03-17;http://wyborcza.pl/0,0.html?piano_d=1;Prezydent Komorowski o Armii Czerwonej i PGR-ach;2;http://wyborcza.pl/1,75478,17582719,Prezydent_Komorowski_w_Kolobrzegu_i_Koszalinie__Wykorzystalismy.html
2015-03-17;http://www.tvp.info/;Tylko u nas    „Duda wsciekle broni SKOK-ów” „Ta sprawa ma przyslonic wielkie afery”;2;http://www.tvp.info.pl/19293311/duda-wsciekle-broni-skokow-ta-sprawa-ma-przyslonic-wielkie-afery-ktore-wiaza-sie-z-obozem-wladzy
2015-03-17;http://www.tvp.info/;Tylko u nas    Prof. Nalecz: falszywym ciosem chce sie uderzyc w prezydenta i w jego syna;2;http://www.tvp.info.pl/19292385/falszywym-ciosem-chce-sie-uderzyc-w-prezydenta-i-w-jego-syna
2015-03-17;http://www.wp.pl;wazne Kukiz moze odebrac glosy Dudzie;2;http://wiadomosci.wp.pl/kat,140394,title,Szykuje-sie-niespodzianka-Kukiz-moze-odebrac-glosy-Dudzie,wid,17354876,wiadomosc.html
2015-03-17;http://www.wp.pl;PKW odmówiła rejestracji dwóch komitetów;1;/kat,140394,title,PKW-odmowila-rejestracji-dwoch-komitetow,wid,17356629,wiadomosc.html
2015-03-17;http://www.wp.pl;Bronisław Komorowski: chcę spokojnej pracy dla nas wszystkich;1;/kat,140394,title,Bronislaw-Komorowski-chce-spokojnej-pracy-dla-nas-wszystkich,wid,17356573,wiadomosc.html
2015-03-17;http://www.wp.pl;Bronkobus ostrzelany w Kielcach kulami z farbą. Sprawcy odpowiedzą za wykroczenie;1;/kat,140394,title,Bronkobus-ostrzelany-w-Kielcach-kulami-z-farba-Sprawcy-odpowiedza-za-wykroczenie,wid,17355633,wiadomosc.html
2015-03-17;http://www.wp.pl;Szykuje się niespodzianka?  Kukiz może odebrać głosy Dudzie;1;/kat,140394,title,Szykuje-sie-niespodzianka-Kukiz-moze-odebrac-glosy-Dudzie,wid,17354876,wiadomosc.html
2015-03-17;http://www.wp.pl;Roman Giertych: Duda nie ma znaczenia. I tak rządzić będzie Kaczyński;1;/kat,140394,title,Roman-Giertych-Duda-nie-ma-znaczenia-I-tak-rzadzic-bedzie-Kaczynski,wid,17354663,wiadomosc.html
2015-03-17;http://www.wprost.pl/;Komorowski: Tu ginęli żołnierze radzieccy. Nałęcz: Kto to kwestionuje, jest propagandystą;4;http://www.wprost.pl/ar/498752/Komorowski-Tu-gineli-zolnierze-radzieccy-Nalecz-Kto-to-kwestionuje-jest-propagandysta/
2015-03-17;http://www.wprost.pl/;Kempa: Nie grajmy sprawą in vitro w czasie kampanii;2;http://www.wprost.pl/ar/498760/Kempa-Nie-grajmy-sprawa-in-vitro-w-czasie-kampanii/
2015-03-17;http://www.wprost.pl/;Komorowski: Tu ginęli żołnierze radzieccy. Nałęcz: Kto to kwestionuje, jest propagandystą;2;http://www.wprost.pl/ar/498752/Komorowski-Tu-gineli-zolnierze-radzieccy-Nalecz-Kto-to-kwestionuje-jest-propagandysta/
2015-03-17;http://www.wprost.pl/;Komorowski: Tu ginęli żołnierze radzieccy. Nałęcz: Kto to kwestionuje, jest propagandystą;1;http://www.wprost.pl/ar/498752/Komorowski-Tu-gineli-zolnierze-radzieccy-Nalecz-Kto-to-kwestionuje-jest-propagandysta/
2015-03-17;http://www.wprost.pl/;Gdzie poszła kasa Palikota?;1;http://www.wprost.pl/ar/498397/Gdzie-poszla-kasa-Palikota/
2015-03-17;http://www.onet.pl/;Kukiz ujawnia, skad bierze pieniadze na  kampanie;2;http://wiadomosci.onet.pl/tylko-w-onecie/pawel-kukiz-poswiecam-caly-swoj-czas-z-przerwa-na-sen/7q4ebf
2015-03-17;http://www.onet.pl/;Zaklócili wiec Komorowskiego. On im odpowiedzial;2;http://wiadomosci.onet.pl/szczecin/bronislaw-komorowski-chce-spokojnej-pracy-dla-nas-wszystkich/8tevsm
2015-03-17;http://www.newsweek.pl/;Oswiadczenie wydawcy w sprawie tekstu  Duda Gracz;4;http://polska.newsweek.pl/oswiadczenie-rasp-po-tekscie-o-dudzie-i-zarzutach-o-antysemityzm,artykuly,359224,1.html
2015-03-17;http://www.newsweek.pl/;Rekordowe poparcie dla Dudy, bedzie II tura [SONDAZ];2;http://polska.newsweek.pl/nowy-sondaz-pis-wyprzeda-po-w-sejmie-tylko-trzy-partie,artykuly,359236,1.html
2015-03-17;http://www.tvn24.pl/;Kampania nijaka, Komorowski rozczarowuje.  Jak sie postara, moze przegrac;3;http://www.tvn24.pl/cimoszewicz-jak-komorowski-sie-dobrze-postara-moze-przegrac,525145,s.html
2015-03-17;http://www.tvn24.pl/;Odtwórz: Kampania nijaka, Komorowski rozczarowuje.  Jak sie postara, moze przegrac;3;http://www.tvn24.pl/cimoszewicz-jak-komorowski-sie-dobrze-postara-moze-przegrac,525145,s.html#autoplay
2015-03-17;http://www.tvn24.pl/;Duda coraz silniejszy, topnieje przewaga Komorowskiego. Sondaz dla  Faktów  TVN;3;/wiadomosci-z-kraju,3/duda-coraz-silniejszy-topnieje-przewaga-komorowskiego-sondaz-dla-faktow-tvn,524725.html
2015-03-17;http://www.tvn24.pl/;Wybory w Izraelu;3;/raporty/wybory-w-izraelu,609
2015-03-17;http://www.tvn24.pl/;W Koszalinie  nie dla Bronka . Ogórek spada z podium i mierzy sie z krytyka;3;http://www.tvn24.pl/wtorek-z-kampania-prezydencka-komorowski-wygwizdany-w-koszalinie,525090,s.html
2015-03-17;http://www.tvn24.pl/;Transparenty, gwizdy i okrzyki. A prezydent mówi o zgodzie;3;http://www.tvn24.pl/wideo/z-anteny/transparenty-gwizdy-i-okrzyki-w-koszalinie-komorowski-mowi-o-zgodzie,1402414.html?playlist_id=18201
2015-03-17;http://www.tvn24.pl/;Odtwórz: Transparenty, gwizdy i okrzyki. A prezydent mówi o zgodzie;3;http://www.tvn24.pl/wideo/z-anteny/transparenty-gwizdy-i-okrzyki-w-koszalinie-komorowski-mowi-o-zgodzie,1402414.html?playlist_id=18201
2015-03-17;http://www.tvn24.pl/;Kampania nijaka, Komorowski rozczarowuje.  Jak sie postara, moze przegrac;2;http://www.tvn24.pl/wiadomosci-z-kraju,3/kampania-nijaka-komorowski-rozczarowuje-jak-sie-postara-moze-przegrac,525145.html
2015-03-17;http://www.tvn24.pl/;Kampania nijaka, Komorowski rozczarowuje.  Jak sie postara, moze przegrac;2;http://www.tvn24.pl/kampania-nijaka-komorowski-rozczarowuje-jak-sie-postara-moze-przegrac,525145,s.html
2015-03-17;http://www.tvn24.pl/;W Koszalinie  nie dla Bronka . Ogórek spada z podium i mierzy sie z krytyka;2;http://www.tvn24.pl/w-koszalinie-nie-dla-bronka-ogorek-spada-z-podium-i-mierzy-sie-z-krytyka,525090,s.html
2015-03-17;http://www.tvn24.pl/;Kampania nijaka, Komorowski rozczarowuje.  Jak sie postara, moze przegrac;1;http://www.tvn24.pl/cimoszewicz-jak-komorowski-sie-dobrze-postara-moze-przegrac,525145,s.html
2015-03-17;http://www.tvn24.pl/;Odtwórz: Kampania nijaka, Komorowski rozczarowuje.  Jak sie postara, moze przegrac;1;http://www.tvn24.pl/cimoszewicz-jak-komorowski-sie-dobrze-postara-moze-przegrac,525145,s.html#autoplay
2015-03-17;http://www.tvn24.pl/;Duda coraz silniejszy, topnieje przewaga Komorowskiego. Sondaz dla  Faktów  TVN;1;http://www.tvn24.pl/wiadomosci-z-kraju,3/duda-coraz-silniejszy-topnieje-przewaga-komorowskiego-sondaz-dla-faktow-tvn,524725.html
2015-03-17;http://www.tvn24.pl/;Wybory w Izraelu;1;http://www.tvn24.pl/raporty/wybory-w-izraelu,609
2015-03-17;http://www.tvn24.pl/;W Koszalinie  nie dla Bronka . Ogórek spada z podium i mierzy sie z krytyka;1;http://www.tvn24.pl/wtorek-z-kampania-prezydencka-komorowski-wygwizdany-w-koszalinie,525090,s.html
2015-03-17;http://www.tvn24.pl/;Transparenty, gwizdy i okrzyki. A prezydent mówi o zgodzie;1;http://www.tvn24.pl/wideo/z-anteny/transparenty-gwizdy-i-okrzyki-w-koszalinie-komorowski-mowi-o-zgodzie,1402414.html?playlist_id=18201
2015-03-17;http://www.tvn24.pl/;Odtwórz: Transparenty, gwizdy i okrzyki. A prezydent mówi o zgodzie;1;http://www.tvn24.pl/wideo/z-anteny/transparenty-gwizdy-i-okrzyki-w-koszalinie-komorowski-mowi-o-zgodzie,1402414.html?playlist_id=18201
2015-03-17;http://natemat.pl/;Andrzej Duda wzywa do  repolonizacji banków . Nizsze oplaty i prowizje;1;http://natemat.pl/136843,andrzej-duda-wzywa-do-repolonizacji-bankow-chce-nizszych-oplat-i-prowizji
2015-03-17;http://natemat.pl/;Zobacz, jak dzisiaj radzil sobie Duda;1;http://natemat.pl/132315,barometr-wyborczy-natemat-zobacz-jak-dzisiaj-radzil-sobie-w-kampanii-andrzej-duda
2015-03-17;http://www.dziennik.pl;Ciupaga symbolem zgody? Sztab PiS bije w Komorowskiego;2;http://wiadomosci.dziennik.pl/wybory-prezydenckie/galeria/485444,wybory-prezydenckie-2015-sztab-pis-bije-w-prezydenta-muzeum-zgody-im-bronislawa-komorowskiego.html
2015-03-17;http://www.dziennik.pl;PO: Duda atakuje KNF z powodu SKOK-ów;1;http://wiadomosci.dziennik.pl/polityka/artykuly/485567,po-duda-atakuje-knf-z-powodu-skok-ow.html
2015-03-17;http://www.dziennik.pl;Newsweek  o teściu Dudy: Jest Żydem. Kaczyński odpowiada Lisowi;1;http://wiadomosci.dziennik.pl/polityka/artykuly/485474,newsweek-o-tesciu-dudy-zyd-kaczynski-odpowiada-lisowi.html
2015-03-17;http://wyborcza.pl/0,0.html?piano_d=1;Skąd w PiS nerwowość na wieść o teściu Dudy? Bo dla jego elektoratu żydowskie korzenie są podejrzane;4;http://wyborcza.pl/1,75968,17581245,Skad_w_PiS_nerwowosc_na_wiesc_o_tesciu_Dudy__Dla_jego.html
2015-03-17;http://wyborcza.pl/0,0.html?piano_d=1;Prezydent Komorowski o Armii Czerwonej i PGR-ach;2;http://wyborcza.pl/1,75478,17582719,Prezydent_Komorowski_w_Kolobrzegu_i_Koszalinie__Wykorzystalismy.html
