{"created_at":"Mon Mar 16 13:03:29 +0000 2015","id":577455145375559681,"id_str":"577455145375559681","text":"RT @pis_org_pl: J.Kaczy\u0144ski: Aresztowanie dziennikarzy zw. z wizyt\u0105 PBK jest skandalem i \u015bwiadczy o tym,\u017ce Bronis\u0142aw Komorowski nie powinie\u2026","source":"\u003ca href=\"https:\/\/about.twitter.com\/products\/tweetdeck\" rel=\"nofollow\"\u003eTweetDeck\u003c\/a\u003e","truncated":false,"in_reply_to_status_id":null,"in_reply_to_status_id_str":null,"in_reply_to_user_id":null,"in_reply_to_user_id_str":null,"in_reply_to_screen_name":null,"user":{"id":385300457,"id_str":"385300457","name":"Hellvis Priestley","screen_name":"HelvisPriestley","location":"Warszawa, Wola","url":null,"description":"Artysta, cz\u0142owiek reklamy, producent TV i kolekcjoner p\u0142yt winylowych:) Tylko prywatne opinie i rzadko na powa\u017cnie:)   \u2721 \u05d0\u05ea\u05d0\u05d9\u05e1\u05d8 \u05d9\u05d4\u05d5\u05d3\u05d9 \u2721","protected":false,"verified":false,"followers_count":2147,"friends_count":622,"listed_count":25,"favourites_count":15629,"statuses_count":57755,"created_at":"Wed Oct 05 07:49:07 +0000 2011","utc_offset":3600,"time_zone":"Warsaw","geo_enabled":false,"lang":"en","contributors_enabled":false,"is_translator":false,"profile_background_color":"131516","profile_background_image_url":"http:\/\/pbs.twimg.com\/profile_background_images\/378800000177376076\/DuJUeHCy.jpeg","profile_background_image_url_https":"https:\/\/pbs.twimg.com\/profile_background_images\/378800000177376076\/DuJUeHCy.jpeg","profile_background_tile":true,"profile_link_color":"FFCC4D","profile_sidebar_border_color":"FFFFFF","profile_sidebar_fill_color":"EFEFEF","profile_text_color":"333333","profile_use_background_image":true,"profile_image_url":"http:\/\/pbs.twimg.com\/profile_images\/576480345958281216\/haWXoZT0_normal.jpeg","profile_image_url_https":"https:\/\/pbs.twimg.com\/profile_images\/576480345958281216\/haWXoZT0_normal.jpeg","profile_banner_url":"https:\/\/pbs.twimg.com\/profile_banners\/385300457\/1416996073","default_profile":false,"default_profile_image":false,"following":null,"follow_request_sent":null,"notifications":null},"geo":null,"coordinates":null,"place":null,"contributors":null,"retweeted_status":{"created_at":"Mon Mar 16 12:57:43 +0000 2015","id":577453693701890049,"id_str":"577453693701890049","text":"J.Kaczy\u0144ski: Aresztowanie dziennikarzy zw. z wizyt\u0105 PBK jest skandalem i \u015bwiadczy o tym,\u017ce Bronis\u0142aw Komorowski nie powinien by\u0107 prezydentem","source":"\u003ca href=\"http:\/\/twitter.com\" rel=\"nofollow\"\u003eTwitter Web Client\u003c\/a\u003e","truncated":false,"in_reply_to_status_id":null,"in_reply_to_status_id_str":null,"in_reply_to_user_id":null,"in_reply_to_user_id_str":null,"in_reply_to_screen_name":null,"user":{"id":15877628,"id_str":"15877628","name":"PrawoiSprawiedliwo\u015b\u0107","screen_name":"pis_org_pl","location":"Poland","url":"http:\/\/www.pis.org.pl","description":"Oficjalny profil Prawa i Sprawiedliwo\u015bci","protected":false,"verified":false,"followers_count":23428,"friends_count":1154,"listed_count":235,"favourites_count":259,"statuses_count":10931,"created_at":"Sat Aug 16 23:26:19 +0000 2008","utc_offset":3600,"time_zone":"Warsaw","geo_enabled":false,"lang":"pl","contributors_enabled":false,"is_translator":false,"profile_background_color":"C0DEED","profile_background_image_url":"http:\/\/abs.twimg.com\/images\/themes\/theme1\/bg.png","profile_background_image_url_https":"https:\/\/abs.twimg.com\/images\/themes\/theme1\/bg.png","profile_background_tile":false,"profile_link_color":"0084B4","profile_sidebar_border_color":"C0DEED","profile_sidebar_fill_color":"DDEEF6","profile_text_color":"333333","profile_use_background_image":true,"profile_image_url":"http:\/\/pbs.twimg.com\/profile_images\/519830307504001024\/e0bF1Ogz_normal.png","profile_image_url_https":"https:\/\/pbs.twimg.com\/profile_images\/519830307504001024\/e0bF1Ogz_normal.png","profile_banner_url":"https:\/\/pbs.twimg.com\/profile_banners\/15877628\/1423338349","default_profile":true,"default_profile_image":false,"following":null,"follow_request_sent":null,"notifications":null},"geo":null,"coordinates":null,"place":null,"contributors":null,"retweet_count":4,"favorite_count":2,"entities":{"hashtags":[],"trends":[],"urls":[],"user_mentions":[],"symbols":[]},"favorited":false,"retweeted":false,"possibly_sensitive":false,"filter_level":"low","lang":"pl"},"retweet_count":0,"favorite_count":0,"entities":{"hashtags":[],"trends":[],"urls":[],"user_mentions":[{"screen_name":"pis_org_pl","name":"PrawoiSprawiedliwo\u015b\u0107","id":15877628,"id_str":"15877628","indices":[3,14]}],"symbols":[]},"favorited":false,"retweeted":false,"possibly_sensitive":false,"filter_level":"low","lang":"pl","timestamp_ms":"1426511009912"}
{"created_at":"Mon Mar 16 13:03:33 +0000 2015","id":577455161955725312,"id_str":"577455161955725312","text":"Duda. \u00bfEl primer gol del Real Madrid de ayer no es fuera de juego de Benzem\u00e1? Viene de fuera del campo...","source":"\u003ca href=\"http:\/\/twitter.com\" rel=\"nofollow\"\u003eTwitter Web Client\u003c\/a\u003e","truncated":false,"in_reply_to_status_id":null,"in_reply_to_status_id_str":null,"in_reply_to_user_id":null,"in_reply_to_user_id_str":null,"in_reply_to_screen_name":null,"user":{"id":257476252,"id_str":"257476252","name":"Sergio S\u00e1nchez","screen_name":"sergioSF92","location":"Madrid","url":null,"description":"Amante del deporte, en especial del f\u00fatbol. Cul\u00e9 y Rayista. ~ Hakuna matata ~","protected":false,"verified":false,"followers_count":270,"friends_count":335,"listed_count":4,"favourites_count":581,"statuses_count":5483,"created_at":"Fri Feb 25 14:15:15 +0000 2011","utc_offset":3600,"time_zone":"Madrid","geo_enabled":true,"lang":"es","contributors_enabled":false,"is_translator":false,"profile_background_color":"1A1B1F","profile_background_image_url":"http:\/\/abs.twimg.com\/images\/themes\/theme9\/bg.gif","profile_background_image_url_https":"https:\/\/abs.twimg.com\/images\/themes\/theme9\/bg.gif","profile_background_tile":false,"profile_link_color":"2FC2EF","profile_sidebar_border_color":"181A1E","profile_sidebar_fill_color":"252429","profile_text_color":"666666","profile_use_background_image":true,"profile_image_url":"http:\/\/pbs.twimg.com\/profile_images\/526342599477854208\/CgdLXsCD_normal.jpeg","profile_image_url_https":"https:\/\/pbs.twimg.com\/profile_images\/526342599477854208\/CgdLXsCD_normal.jpeg","profile_banner_url":"https:\/\/pbs.twimg.com\/profile_banners\/257476252\/1374793657","default_profile":false,"default_profile_image":false,"following":null,"follow_request_sent":null,"notifications":null},"geo":null,"coordinates":null,"place":null,"contributors":null,"retweet_count":0,"favorite_count":0,"entities":{"hashtags":[],"trends":[],"urls":[],"user_mentions":[],"symbols":[]},"favorited":false,"retweeted":false,"possibly_sensitive":true,"filter_level":"low","lang":"es","timestamp_ms":"1426511013865"}
{"created_at":"Mon Mar 16 13:03:35 +0000 2015","id":577455168435945472,"id_str":"577455168435945472","text":"#Regrann from caraboboextremo4x4  -  Sin duda alguna que este vehiculo dio un excelente\u2026 https:\/\/t.co\/SPf1RdHbOl","source":"\u003ca href=\"http:\/\/instagram.com\" rel=\"nofollow\"\u003eInstagram\u003c\/a\u003e","truncated":false,"in_reply_to_status_id":null,"in_reply_to_status_id_str":null,"in_reply_to_user_id":null,"in_reply_to_user_id_str":null,"in_reply_to_screen_name":null,"user":{"id":3030648747,"id_str":"3030648747","name":"Fangodromo La Fragua","screen_name":"Fango_lossalias","location":"San Antonio de los Altos","url":null,"description":"CUENTA OFICIAL... Tu cita perfecta con el 4x4 en San Antonio de los altos. Los mejores eventos con el mejor ambiente de monta\u00f1a #recomiedanuestracuenta","protected":false,"verified":false,"followers_count":56,"friends_count":42,"listed_count":0,"favourites_count":11,"statuses_count":33,"created_at":"Wed Feb 11 16:33:08 +0000 2015","utc_offset":null,"time_zone":null,"geo_enabled":false,"lang":"es","contributors_enabled":false,"is_translator":false,"profile_background_color":"C0DEED","profile_background_image_url":"http:\/\/abs.twimg.com\/images\/themes\/theme1\/bg.png","profile_background_image_url_https":"https:\/\/abs.twimg.com\/images\/themes\/theme1\/bg.png","profile_background_tile":false,"profile_link_color":"0084B4","profile_sidebar_border_color":"C0DEED","profile_sidebar_fill_color":"DDEEF6","profile_text_color":"333333","profile_use_background_image":true,"profile_image_url":"http:\/\/pbs.twimg.com\/profile_images\/565551758156783616\/akMtbz83_normal.jpeg","profile_image_url_https":"https:\/\/pbs.twimg.com\/profile_images\/565551758156783616\/akMtbz83_normal.jpeg","profile_banner_url":"https:\/\/pbs.twimg.com\/profile_banners\/3030648747\/1423673022","default_profile":true,"default_profile_image":false,"following":null,"follow_request_sent":null,"notifications":null},"geo":null,"coordinates":null,"place":null,"contributors":null,"retweet_count":0,"favorite_count":0,"entities":{"hashtags":[{"text":"Regrann","indices":[0,8]}],"trends":[],"urls":[{"url":"https:\/\/t.co\/SPf1RdHbOl","expanded_url":"https:\/\/instagram.com\/p\/0SiEonNlHA\/","display_url":"instagram.com\/p\/0SiEonNlHA\/","indices":[89,112]}],"user_mentions":[],"symbols":[]},"favorited":false,"retweeted":false,"possibly_sensitive":false,"filter_level":"low","lang":"es","timestamp_ms":"1426511015410"}
