{"created_at":"Mon Mar 16 07:14:47 +0000 2015","id":577367389089636352,"id_str":"577367389089636352","text":"\u041a\u0440\u0430\u0441\u043e\u0442\u0430\u0430\u0430\u0430! \u041c\u044b \u043e\u0442\u043a\u0440\u044b\u043b\u0438 \u0441\u0435\u0437\u043e\u043d \u0437\u0430\u0431\u0435\u0433\u043e\u0432 \u043d\u0430 \u0422\u0435\u043b\u044c\u0431\u0438\u043d\u0435! \u041f\u043e\u0433\u043e\u0434\u0430 \u0431\u043e\u043c\u0431\u0430!!!! \u041d\u0435\u0431\u043e \u0441\u0438\u043d\u0435\u0435! \u041f\u0440\u043e\u0431\u0435\u0436\u0430\u043b\u0438 \u0441 \u0420\u043e\u043a\u043a\u0438 2\u2026 https:\/\/t.co\/dTWGypYZfj","source":"\u003ca href=\"http:\/\/instagram.com\" rel=\"nofollow\"\u003eInstagram\u003c\/a\u003e","truncated":false,"in_reply_to_status_id":null,"in_reply_to_status_id_str":null,"in_reply_to_user_id":null,"in_reply_to_user_id_str":null,"in_reply_to_screen_name":null,"user":{"id":107713740,"id_str":"107713740","name":"Olya  SkyLove \u2020 = \u2665","screen_name":"SkyLove_dj","location":"Kiev","url":"http:\/\/ua.showbiza.net\/djskylove","description":"Love God! My life belong to Jesus Christ. Love my Eva :) Love Trance Music!!! Dj & happy girl))","protected":false,"verified":false,"followers_count":134,"friends_count":234,"listed_count":2,"favourites_count":36,"statuses_count":5454,"created_at":"Sat Jan 23 13:33:32 +0000 2010","utc_offset":-18000,"time_zone":"Quito","geo_enabled":true,"lang":"ru","contributors_enabled":false,"is_translator":false,"profile_background_color":"EB5F99","profile_background_image_url":"http:\/\/pbs.twimg.com\/profile_background_images\/598530609\/spmyjy1gfn6t39w1ubgt.jpeg","profile_background_image_url_https":"https:\/\/pbs.twimg.com\/profile_background_images\/598530609\/spmyjy1gfn6t39w1ubgt.jpeg","profile_background_tile":true,"profile_link_color":"FC88AF","profile_sidebar_border_color":"E5C398","profile_sidebar_fill_color":"EAE2E3","profile_text_color":"FCC4D7","profile_use_background_image":true,"profile_image_url":"http:\/\/pbs.twimg.com\/profile_images\/555868115351785472\/9zkmsorV_normal.jpeg","profile_image_url_https":"https:\/\/pbs.twimg.com\/profile_images\/555868115351785472\/9zkmsorV_normal.jpeg","default_profile":false,"default_profile_image":false,"following":null,"follow_request_sent":null,"notifications":null},"geo":{"type":"Point","coordinates":[50.428558,30.605030]},"coordinates":{"type":"Point","coordinates":[30.605030,50.428558]},"place":{"id":"084d0d0155787e9d","url":"https:\/\/api.twitter.com\/1.1\/geo\/id\/084d0d0155787e9d.json","place_type":"country","name":"\u0423\u043a\u0440\u0430\u0438\u043d\u0430","full_name":"\u0423\u043a\u0440\u0430\u0438\u043d\u0430","country_code":"UA","country":"Ukraina","bounding_box":{"type":"Polygon","coordinates":[[[22.1357201,44.386383],[22.1357201,52.379475],[40.227172,52.379475],[40.227172,44.386383]]]},"attributes":{}},"contributors":null,"retweet_count":0,"favorite_count":0,"entities":{"hashtags":[],"trends":[],"urls":[{"url":"https:\/\/t.co\/dTWGypYZfj","expanded_url":"https:\/\/instagram.com\/p\/0R6J6XmxzS\/","display_url":"instagram.com\/p\/0R6J6XmxzS\/","indices":[100,123]}],"user_mentions":[],"symbols":[]},"favorited":false,"retweeted":false,"possibly_sensitive":true,"filter_level":"low","lang":"ru","timestamp_ms":"1426490087183"}
{"created_at":"Mon Mar 16 07:14:47 +0000 2015","id":577367391144964096,"id_str":"577367391144964096","text":"\u0421\u0434\u0435\u043b\u0430\u043b \u043a\u0440\u0443\u0442\u043e\u0435 \u0432\u0438\u0434\u0435\u043e! \u0411\u0443\u0434\u0435\u0442 \u043f\u043e\u043b\u0435\u0437\u043d\u043e! \u0417\u0430\u0432\u0442\u0440\u0430 \u0434\u0443\u043c\u0430\u044e \u0432\u044b\u043b\u043e\u0436\u0443..\u0441\u0435\u0439\u0447\u0430\u0441 \u043c\u043d\u043e\u0433\u043e \u0434\u0435\u043b, \u0430 \u0435\u0433\u043e \u0435\u0449\u0451 \u0431\u044b \u0441\u043c\u043e\u043d\u0442\u0438\u0440\u043e\u0432\u0430\u0442\u044c:))","source":"\u003ca href=\"http:\/\/tapbots.com\/tweetbot\" rel=\"nofollow\"\u003eTweetbot for i\u039fS\u003c\/a\u003e","truncated":false,"in_reply_to_status_id":null,"in_reply_to_status_id_str":null,"in_reply_to_user_id":null,"in_reply_to_user_id_str":null,"in_reply_to_screen_name":null,"user":{"id":1169935417,"id_str":"1169935417","name":"AppleTheme\uf8ff","screen_name":"AppleThemeVid","location":"\u0425\u0430\u0440\u044c\u043a\u043e\u0432","url":"http:\/\/www.youtube.com\/user\/MrDenikes?feature=mhee","description":"\u041a\u0430\u043d\u0430\u043b \u043d\u0430 YouTube AppleTheme. \u041d\u0430 \u043a\u0430\u043d\u0430\u043b\u0435 \u0435\u0441\u0442\u044c \u043e\u0431\u0437\u043e\u0440\u044b \u043d\u043e\u0432\u044b\u0445, \u043a\u0440\u0443\u0442\u044b\u0445 \u0438\u0433\u0440, \u0442\u0435\u0445\u043d\u0438\u043a\u0438 Apple, \u0430\u043a\u0441\u0435\u0441\u0441\u0443\u0430\u0440\u043e\u0432 \u0438 \u043f\u0440\u043e\u0447\u0435\u0435!:) \u041f\u043e\u0434\u043f\u0438\u0441\u044b\u0432\u0430\u0439\u0441\u044f!\r\n#Apple #iPhone6 #\u0430\u0439\u0444\u043e\u043d","protected":false,"verified":false,"followers_count":1773,"friends_count":29,"listed_count":11,"favourites_count":0,"statuses_count":5916,"created_at":"Mon Feb 11 20:16:46 +0000 2013","utc_offset":null,"time_zone":null,"geo_enabled":true,"lang":"ru","contributors_enabled":false,"is_translator":false,"profile_background_color":"131516","profile_background_image_url":"http:\/\/abs.twimg.com\/images\/themes\/theme14\/bg.gif","profile_background_image_url_https":"https:\/\/abs.twimg.com\/images\/themes\/theme14\/bg.gif","profile_background_tile":true,"profile_link_color":"009999","profile_sidebar_border_color":"EEEEEE","profile_sidebar_fill_color":"EFEFEF","profile_text_color":"333333","profile_use_background_image":true,"profile_image_url":"http:\/\/pbs.twimg.com\/profile_images\/523366997300494338\/RP-Brtg7_normal.png","profile_image_url_https":"https:\/\/pbs.twimg.com\/profile_images\/523366997300494338\/RP-Brtg7_normal.png","default_profile":false,"default_profile_image":false,"following":null,"follow_request_sent":null,"notifications":null},"geo":{"type":"Point","coordinates":[50.035970,36.239655]},"coordinates":{"type":"Point","coordinates":[36.239655,50.035970]},"place":{"id":"084d0d0155787e9d","url":"https:\/\/api.twitter.com\/1.1\/geo\/id\/084d0d0155787e9d.json","place_type":"country","name":"\u0423\u043a\u0440\u0430\u0438\u043d\u0430","full_name":"\u0423\u043a\u0440\u0430\u0438\u043d\u0430","country_code":"UA","country":"Ukraina","bounding_box":{"type":"Polygon","coordinates":[[[22.1357201,44.386383],[22.1357201,52.379475],[40.227172,52.379475],[40.227172,44.386383]]]},"attributes":{}},"contributors":null,"retweet_count":0,"favorite_count":0,"entities":{"hashtags":[],"trends":[],"urls":[],"user_mentions":[],"symbols":[]},"favorited":false,"retweeted":false,"possibly_sensitive":false,"filter_level":"low","lang":"ru","timestamp_ms":"1426490087673"}
{"created_at":"Mon Mar 16 07:15:14 +0000 2015","id":577367504542105600,"id_str":"577367504542105600","text":"\u041d\u0435 \u0434\u0430\u0439 \u0432\u043c\u0435\u0440\u0442\u0438 \u043c\u043e\u0440\u044e","source":"\u003ca href=\"http:\/\/twitter.com\/download\/android\" rel=\"nofollow\"\u003eTwitter for Android\u003c\/a\u003e","truncated":false,"in_reply_to_status_id":null,"in_reply_to_status_id_str":null,"in_reply_to_user_id":null,"in_reply_to_user_id_str":null,"in_reply_to_screen_name":null,"user":{"id":603084192,"id_str":"603084192","name":"\u0413\u043e\u0434\u0443\u0439\u043a\u0430","screen_name":"hoduyka_","location":"","url":null,"description":"\u043c\u043e\u043b\u043e\u0434\u0456 \u0456 \u043f'\u044f\u043d\u0456","protected":false,"verified":false,"followers_count":1459,"friends_count":287,"listed_count":36,"favourites_count":13977,"statuses_count":45476,"created_at":"Fri Jun 08 19:27:46 +0000 2012","utc_offset":10800,"time_zone":"Baghdad","geo_enabled":true,"lang":"uk","contributors_enabled":false,"is_translator":false,"profile_background_color":"1C4D35","profile_background_image_url":"http:\/\/pbs.twimg.com\/profile_background_images\/466232128850497537\/Zp9LW6Du.jpeg","profile_background_image_url_https":"https:\/\/pbs.twimg.com\/profile_background_images\/466232128850497537\/Zp9LW6Du.jpeg","profile_background_tile":true,"profile_link_color":"3E6136","profile_sidebar_border_color":"000000","profile_sidebar_fill_color":"DDEEF6","profile_text_color":"333333","profile_use_background_image":true,"profile_image_url":"http:\/\/pbs.twimg.com\/profile_images\/570924178829910016\/TPK7Akdp_normal.jpeg","profile_image_url_https":"https:\/\/pbs.twimg.com\/profile_images\/570924178829910016\/TPK7Akdp_normal.jpeg","profile_banner_url":"https:\/\/pbs.twimg.com\/profile_banners\/603084192\/1421488473","default_profile":false,"default_profile_image":false,"following":null,"follow_request_sent":null,"notifications":null},"geo":{"type":"Point","coordinates":[49.268260,23.863804]},"coordinates":{"type":"Point","coordinates":[23.863804,49.268260]},"place":{"id":"084d0d0155787e9d","url":"https:\/\/api.twitter.com\/1.1\/geo\/id\/084d0d0155787e9d.json","place_type":"country","name":"Ukraina","full_name":"Ukraina","country_code":"UA","country":"Ukraina","bounding_box":{"type":"Polygon","coordinates":[[[22.1357201,44.386383],[22.1357201,52.379475],[40.227172,52.379475],[40.227172,44.386383]]]},"attributes":{}},"contributors":null,"retweet_count":0,"favorite_count":0,"entities":{"hashtags":[],"trends":[],"urls":[],"user_mentions":[],"symbols":[]},"favorited":false,"retweeted":false,"possibly_sensitive":false,"filter_level":"low","lang":"ru","timestamp_ms":"1426490114709"}
{"created_at":"Mon Mar 16 07:15:15 +0000 2015","id":577367508321206272,"id_str":"577367508321206272","text":"\u0418\u043d\u0442\u0435\u0440\u0435\u0441\u043d\u043e, \u044d\u0442\u043e \u0432\u0435\u0441\u043d\u0430 \u0438\u043b\u0438 \u0442\u0430\u0431\u043b\u0435\u0442\u043a\u0438 \u043d\u0430 \u043c\u0435\u043d\u044f \u0442\u0430\u043a \u0432\u043b\u0438\u044f\u044e\u0442?","source":"\u003ca href=\"http:\/\/twitter.com\/download\/android\" rel=\"nofollow\"\u003eTwitter for Android\u003c\/a\u003e","truncated":false,"in_reply_to_status_id":null,"in_reply_to_status_id_str":null,"in_reply_to_user_id":null,"in_reply_to_user_id_str":null,"in_reply_to_screen_name":null,"user":{"id":2655177086,"id_str":"2655177086","name":"\u0422\u0440\u0436\u043a","screen_name":"nastyrlevich","location":"","url":null,"description":null,"protected":false,"verified":false,"followers_count":47,"friends_count":42,"listed_count":1,"favourites_count":1139,"statuses_count":545,"created_at":"Thu Jul 17 23:33:26 +0000 2014","utc_offset":10800,"time_zone":"Minsk","geo_enabled":true,"lang":"ru","contributors_enabled":false,"is_translator":false,"profile_background_color":"C0DEED","profile_background_image_url":"http:\/\/abs.twimg.com\/images\/themes\/theme1\/bg.png","profile_background_image_url_https":"https:\/\/abs.twimg.com\/images\/themes\/theme1\/bg.png","profile_background_tile":false,"profile_link_color":"0084B4","profile_sidebar_border_color":"C0DEED","profile_sidebar_fill_color":"DDEEF6","profile_text_color":"333333","profile_use_background_image":true,"profile_image_url":"http:\/\/pbs.twimg.com\/profile_images\/576027563895619586\/hOJ2OwMv_normal.jpeg","profile_image_url_https":"https:\/\/pbs.twimg.com\/profile_images\/576027563895619586\/hOJ2OwMv_normal.jpeg","profile_banner_url":"https:\/\/pbs.twimg.com\/profile_banners\/2655177086\/1422977777","default_profile":true,"default_profile_image":false,"following":null,"follow_request_sent":null,"notifications":null},"geo":{"type":"Point","coordinates":[53.681309,23.854547]},"coordinates":{"type":"Point","coordinates":[23.854547,53.681309]},"place":{"id":"333a5811d6b0c1cb","url":"https:\/\/api.twitter.com\/1.1\/geo\/id\/333a5811d6b0c1cb.json","place_type":"country","name":"\u0411\u0435\u043b\u0430\u0440\u0443\u0441\u044c","full_name":"\u0411\u0435\u043b\u0430\u0440\u0443\u0441\u044c","country_code":"BY","country":"Belarus'","bounding_box":{"type":"Polygon","coordinates":[[[23.179217,51.2626423],[23.179217,56.1717339],[32.7769812,56.1717339],[32.7769812,51.2626423]]]},"attributes":{}},"contributors":null,"retweet_count":0,"favorite_count":0,"entities":{"hashtags":[],"trends":[],"urls":[],"user_mentions":[],"symbols":[]},"favorited":false,"retweeted":false,"possibly_sensitive":false,"filter_level":"low","lang":"ru","timestamp_ms":"1426490115610"}
{"created_at":"Mon Mar 16 07:15:15 +0000 2015","id":577367508639940608,"id_str":"577367508639940608","text":"@mikahden jutro","source":"\u003ca href=\"http:\/\/twitter.com\" rel=\"nofollow\"\u003eTwitter Web Client\u003c\/a\u003e","truncated":false,"in_reply_to_status_id":577367422413459456,"in_reply_to_status_id_str":"577367422413459456","in_reply_to_user_id":2779145239,"in_reply_to_user_id_str":"2779145239","in_reply_to_screen_name":"mikahden","user":{"id":2211177986,"id_str":"2211177986","name":" Krzysiu","screen_name":"MjurielMotyka","location":"Warsaw","url":null,"description":"I'm gay...   and I like it :D","protected":false,"verified":false,"followers_count":186,"friends_count":270,"listed_count":0,"favourites_count":2547,"statuses_count":6745,"created_at":"Sat Nov 23 19:00:39 +0000 2013","utc_offset":3600,"time_zone":"Warsaw","geo_enabled":true,"lang":"pl","contributors_enabled":false,"is_translator":false,"profile_background_color":"1A1B1F","profile_background_image_url":"http:\/\/pbs.twimg.com\/profile_background_images\/561812585813532674\/I1nkjEiH.jpeg","profile_background_image_url_https":"https:\/\/pbs.twimg.com\/profile_background_images\/561812585813532674\/I1nkjEiH.jpeg","profile_background_tile":false,"profile_link_color":"DD2E44","profile_sidebar_border_color":"DBE9ED","profile_sidebar_fill_color":"E6F6F9","profile_text_color":"333333","profile_use_background_image":false,"profile_image_url":"http:\/\/pbs.twimg.com\/profile_images\/576803157193297920\/KGDzpu-a_normal.jpeg","profile_image_url_https":"https:\/\/pbs.twimg.com\/profile_images\/576803157193297920\/KGDzpu-a_normal.jpeg","profile_banner_url":"https:\/\/pbs.twimg.com\/profile_banners\/2211177986\/1425459170","default_profile":false,"default_profile_image":false,"following":null,"follow_request_sent":null,"notifications":null},"geo":null,"coordinates":null,"place":{"id":"535f0c2de0121451","url":"https:\/\/api.twitter.com\/1.1\/geo\/id\/535f0c2de0121451.json","place_type":"city","name":"Warszawa","full_name":"Warszawa, Mazowieckie","country_code":"PL","country":"Polska","bounding_box":{"type":"Polygon","coordinates":[[[20.8525518,52.0977088],[20.8525518,52.3679617],[21.2689305,52.3679617],[21.2689305,52.0977088]]]},"attributes":{}},"contributors":null,"retweet_count":0,"favorite_count":0,"entities":{"hashtags":[],"trends":[],"urls":[],"user_mentions":[{"screen_name":"mikahden","name":"rybcia","id":2779145239,"id_str":"2779145239","indices":[0,9]}],"symbols":[]},"favorited":false,"retweeted":false,"possibly_sensitive":false,"filter_level":"low","lang":"pl","timestamp_ms":"1426490115686"}
{"created_at":"Mon Mar 16 07:15:16 +0000 2015","id":577367512125407232,"id_str":"577367512125407232","text":"@Makryshka1 \u0441-\u0441\u0442\u0430\u0431\u0438\u043b\u044c\u043d\u043e\u0441\u0442\u044c","source":"\u003ca href=\"http:\/\/twitter.com\/download\/android\" rel=\"nofollow\"\u003eTwitter for Android\u003c\/a\u003e","truncated":false,"in_reply_to_status_id":577366593472192512,"in_reply_to_status_id_str":"577366593472192512","in_reply_to_user_id":2336313311,"in_reply_to_user_id_str":"2336313311","in_reply_to_screen_name":"Makryshka1","user":{"id":550110108,"id_str":"550110108","name":"Nastin","screen_name":"Staaciaaa","location":"\u041c\u0438\u043d\u0441\u043a","url":"http:\/\/vk.com\/staacia","description":"\u043d\u0430\u043f\u043e\u043b\u043d\u044f\u0442\u044c \u0442\u0435\u043f\u043b\u043e\u0442\u043e\u0439","protected":false,"verified":false,"followers_count":141,"friends_count":96,"listed_count":2,"favourites_count":114,"statuses_count":5694,"created_at":"Tue Apr 10 11:25:09 +0000 2012","utc_offset":10800,"time_zone":"Minsk","geo_enabled":true,"lang":"ru","contributors_enabled":false,"is_translator":false,"profile_background_color":"1E2021","profile_background_image_url":"http:\/\/pbs.twimg.com\/profile_background_images\/483920777742270465\/YYjsIPWR.jpeg","profile_background_image_url_https":"https:\/\/pbs.twimg.com\/profile_background_images\/483920777742270465\/YYjsIPWR.jpeg","profile_background_tile":true,"profile_link_color":"89C9FA","profile_sidebar_border_color":"FFFFFF","profile_sidebar_fill_color":"DDEEF6","profile_text_color":"333333","profile_use_background_image":true,"profile_image_url":"http:\/\/pbs.twimg.com\/profile_images\/574213932660973569\/HXSB6ubt_normal.jpeg","profile_image_url_https":"https:\/\/pbs.twimg.com\/profile_images\/574213932660973569\/HXSB6ubt_normal.jpeg","profile_banner_url":"https:\/\/pbs.twimg.com\/profile_banners\/550110108\/1423342135","default_profile":false,"default_profile_image":false,"following":null,"follow_request_sent":null,"notifications":null},"geo":{"type":"Point","coordinates":[53.889313,27.565233]},"coordinates":{"type":"Point","coordinates":[27.565233,53.889313]},"place":{"id":"333a5811d6b0c1cb","url":"https:\/\/api.twitter.com\/1.1\/geo\/id\/333a5811d6b0c1cb.json","place_type":"country","name":"\u0411\u0435\u043b\u0430\u0440\u0443\u0441\u044c","full_name":"\u0411\u0435\u043b\u0430\u0440\u0443\u0441\u044c","country_code":"BY","country":"Belarus'","bounding_box":{"type":"Polygon","coordinates":[[[23.179217,51.2626423],[23.179217,56.1717339],[32.7769812,56.1717339],[32.7769812,51.2626423]]]},"attributes":{}},"contributors":null,"retweet_count":0,"favorite_count":0,"entities":{"hashtags":[],"trends":[],"urls":[],"user_mentions":[{"screen_name":"Makryshka1","name":"Julia Mak.","id":2336313311,"id_str":"2336313311","indices":[0,11]}],"symbols":[]},"favorited":false,"retweeted":false,"possibly_sensitive":false,"filter_level":"low","lang":"ru","timestamp_ms":"1426490116517"}
